
 /----------------------------------------------------------------------------\
 |  yosys -- Yosys Open SYnthesis Suite                                       |
 |  Copyright (C) 2012 - 2026  Claire Xenia Wolf <claire@yosyshq.com>         |
 |  Distributed under an ISC-like license, type "license" to see terms        |
 \----------------------------------------------------------------------------/
 Yosys 0.69+154 (git sha1 30d62572e-dirty, Release, Clang /usr/local/osxcross/target/bin/x86_64-apple-darwin25.5-clang++ 21.1.8)
[TCL: yosys -import] Command name collision: found pre-existing command `cd' -> skip.
[TCL: yosys -import] Command name collision: found pre-existing command `eval' -> skip.
[TCL: yosys -import] Command name collision: found pre-existing command `exec' -> skip.
[TCL: yosys -import] Command name collision: found pre-existing command `read' -> skip.
[TCL: yosys -import] Command name collision: found pre-existing command `trace' -> skip.

1. Read sources

2. Executing Verilog-2005 frontend: /Applications/oss-cad-suite/libexec/../share/yosys/xilinx/cells_sim.v
Parsing Verilog input from `/Applications/oss-cad-suite/libexec/../share/yosys/xilinx/cells_sim.v' to AST representation.
Generating RTLIL representation for module `\VCC'.
Generating RTLIL representation for module `\GND'.
Generating RTLIL representation for module `\IBUF'.
Generating RTLIL representation for module `\IBUFG'.
Generating RTLIL representation for module `\OBUF'.
Generating RTLIL representation for module `\IOBUF'.
Generating RTLIL representation for module `\OBUFT'.
Generating RTLIL representation for module `\BUFG'.
Generating RTLIL representation for module `\BUFGCTRL'.
Generating RTLIL representation for module `\BUFHCE'.
Generating RTLIL representation for module `\INV'.
Generating RTLIL representation for module `\LUT1'.
Generating RTLIL representation for module `\LUT2'.
Generating RTLIL representation for module `\LUT3'.
Generating RTLIL representation for module `\LUT4'.
Generating RTLIL representation for module `\LUT5'.
Generating RTLIL representation for module `\LUT6'.
Generating RTLIL representation for module `\LUT6_2'.
Generating RTLIL representation for module `\$__ABC9_LUT7'.
Generating RTLIL representation for module `\$__ABC9_LUT8'.
Generating RTLIL representation for module `\MUXCY'.
Generating RTLIL representation for module `\MUXF5'.
Generating RTLIL representation for module `\MUXF6'.
Generating RTLIL representation for module `\MUXF7'.
Generating RTLIL representation for module `\MUXF8'.
Generating RTLIL representation for module `\MUXF9'.
Generating RTLIL representation for module `\XORCY'.
Generating RTLIL representation for module `\CARRY4'.
Generating RTLIL representation for module `\CARRY8'.
Generating RTLIL representation for module `\ORCY'.
Generating RTLIL representation for module `\MULT_AND'.
Generating RTLIL representation for module `\FDRE'.
Generating RTLIL representation for module `\FDRE_1'.
Generating RTLIL representation for module `\FDSE'.
Generating RTLIL representation for module `\FDSE_1'.
Generating RTLIL representation for module `\FDRSE'.
Generating RTLIL representation for module `\FDRSE_1'.
Generating RTLIL representation for module `\FDCE'.
Generating RTLIL representation for module `\FDCE_1'.
Generating RTLIL representation for module `\FDPE'.
Generating RTLIL representation for module `\FDPE_1'.
Generating RTLIL representation for module `\FDCPE'.
Generating RTLIL representation for module `\FDCPE_1'.
Generating RTLIL representation for module `\LDCE'.
Generating RTLIL representation for module `\LDPE'.
Generating RTLIL representation for module `\LDCPE'.
Generating RTLIL representation for module `\AND2B1L'.
Generating RTLIL representation for module `\OR2L'.
Generating RTLIL representation for module `\RAM16X1S'.
Generating RTLIL representation for module `\RAM16X1S_1'.
Generating RTLIL representation for module `\RAM32X1S'.
Generating RTLIL representation for module `\RAM32X1S_1'.
Generating RTLIL representation for module `\RAM64X1S'.
Generating RTLIL representation for module `\RAM64X1S_1'.
Generating RTLIL representation for module `\RAM128X1S'.
Generating RTLIL representation for module `\RAM128X1S_1'.
Generating RTLIL representation for module `\RAM256X1S'.
Generating RTLIL representation for module `\RAM512X1S'.
Generating RTLIL representation for module `\RAM16X2S'.
Generating RTLIL representation for module `\RAM32X2S'.
Generating RTLIL representation for module `\RAM64X2S'.
Generating RTLIL representation for module `\RAM16X4S'.
Generating RTLIL representation for module `\RAM32X4S'.
Generating RTLIL representation for module `\RAM16X8S'.
Generating RTLIL representation for module `\RAM32X8S'.
Generating RTLIL representation for module `\RAM16X1D'.
Generating RTLIL representation for module `\RAM16X1D_1'.
Generating RTLIL representation for module `\RAM32X1D'.
Generating RTLIL representation for module `\RAM32X1D_1'.
Generating RTLIL representation for module `\RAM64X1D'.
Generating RTLIL representation for module `\RAM64X1D_1'.
Generating RTLIL representation for module `\RAM128X1D'.
Generating RTLIL representation for module `\RAM256X1D'.
Generating RTLIL representation for module `\RAM32M'.
Generating RTLIL representation for module `\RAM32M16'.
Generating RTLIL representation for module `\RAM64M'.
Generating RTLIL representation for module `\RAM64M8'.
Generating RTLIL representation for module `\RAM32X16DR8'.
Generating RTLIL representation for module `\RAM64X8SW'.
Generating RTLIL representation for module `\ROM16X1'.
Generating RTLIL representation for module `\ROM32X1'.
Generating RTLIL representation for module `\ROM64X1'.
Generating RTLIL representation for module `\ROM128X1'.
Generating RTLIL representation for module `\ROM256X1'.
Generating RTLIL representation for module `\SRL16'.
Generating RTLIL representation for module `\SRL16E'.
Generating RTLIL representation for module `\SRLC16'.
Generating RTLIL representation for module `\SRLC16E'.
Generating RTLIL representation for module `\SRLC32E'.
Generating RTLIL representation for module `\CFGLUT5'.
Generating RTLIL representation for module `\MULT18X18'.
Generating RTLIL representation for module `\MULT18X18S'.
Generating RTLIL representation for module `\MULT18X18SIO'.
Generating RTLIL representation for module `\DSP48A'.
Generating RTLIL representation for module `\DSP48A1'.
Generating RTLIL representation for module `\DSP48'.
Generating RTLIL representation for module `\DSP48E1'.
Generating RTLIL representation for module `\RAMB18E1'.
Generating RTLIL representation for module `\RAMB36E1'.
Successfully finished Verilog frontend.

3. Executing Verilog-2005 frontend: /Applications/oss-cad-suite/libexec/../share/yosys/xilinx/cells_xtra.v
Parsing Verilog input from `/Applications/oss-cad-suite/libexec/../share/yosys/xilinx/cells_xtra.v' to AST representation.
Generating RTLIL representation for module `\RAMB4_S1'.
Generating RTLIL representation for module `\RAMB4_S2'.
Generating RTLIL representation for module `\RAMB4_S4'.
Generating RTLIL representation for module `\RAMB4_S8'.
Generating RTLIL representation for module `\RAMB4_S16'.
Generating RTLIL representation for module `\RAMB4_S1_S1'.
Generating RTLIL representation for module `\RAMB4_S1_S2'.
Generating RTLIL representation for module `\RAMB4_S1_S4'.
Generating RTLIL representation for module `\RAMB4_S1_S8'.
Generating RTLIL representation for module `\RAMB4_S1_S16'.
Generating RTLIL representation for module `\RAMB4_S2_S2'.
Generating RTLIL representation for module `\RAMB4_S2_S4'.
Generating RTLIL representation for module `\RAMB4_S2_S8'.
Generating RTLIL representation for module `\RAMB4_S2_S16'.
Generating RTLIL representation for module `\RAMB4_S4_S4'.
Generating RTLIL representation for module `\RAMB4_S4_S8'.
Generating RTLIL representation for module `\RAMB4_S4_S16'.
Generating RTLIL representation for module `\RAMB4_S8_S8'.
Generating RTLIL representation for module `\RAMB4_S8_S16'.
Generating RTLIL representation for module `\RAMB4_S16_S16'.
Generating RTLIL representation for module `\RAMB16_S1'.
Generating RTLIL representation for module `\RAMB16_S2'.
Generating RTLIL representation for module `\RAMB16_S4'.
Generating RTLIL representation for module `\RAMB16_S9'.
Generating RTLIL representation for module `\RAMB16_S18'.
Generating RTLIL representation for module `\RAMB16_S36'.
Generating RTLIL representation for module `\RAMB16_S1_S1'.
Generating RTLIL representation for module `\RAMB16_S1_S2'.
Generating RTLIL representation for module `\RAMB16_S1_S4'.
Generating RTLIL representation for module `\RAMB16_S1_S9'.
Generating RTLIL representation for module `\RAMB16_S1_S18'.
Generating RTLIL representation for module `\RAMB16_S1_S36'.
Generating RTLIL representation for module `\RAMB16_S2_S2'.
Generating RTLIL representation for module `\RAMB16_S2_S4'.
Generating RTLIL representation for module `\RAMB16_S2_S9'.
Generating RTLIL representation for module `\RAMB16_S2_S18'.
Generating RTLIL representation for module `\RAMB16_S2_S36'.
Generating RTLIL representation for module `\RAMB16_S4_S4'.
Generating RTLIL representation for module `\RAMB16_S4_S9'.
Generating RTLIL representation for module `\RAMB16_S4_S18'.
Generating RTLIL representation for module `\RAMB16_S4_S36'.
Generating RTLIL representation for module `\RAMB16_S9_S9'.
Generating RTLIL representation for module `\RAMB16_S9_S18'.
Generating RTLIL representation for module `\RAMB16_S9_S36'.
Generating RTLIL representation for module `\RAMB16_S18_S18'.
Generating RTLIL representation for module `\RAMB16_S18_S36'.
Generating RTLIL representation for module `\RAMB16_S36_S36'.
Generating RTLIL representation for module `\RAMB16BWE_S18'.
Generating RTLIL representation for module `\RAMB16BWE_S36'.
Generating RTLIL representation for module `\RAMB16BWE_S18_S9'.
Generating RTLIL representation for module `\RAMB16BWE_S18_S18'.
Generating RTLIL representation for module `\RAMB16BWE_S36_S9'.
Generating RTLIL representation for module `\RAMB16BWE_S36_S18'.
Generating RTLIL representation for module `\RAMB16BWE_S36_S36'.
Generating RTLIL representation for module `\RAMB16BWER'.
Generating RTLIL representation for module `\RAMB8BWER'.
Generating RTLIL representation for module `\FIFO16'.
Generating RTLIL representation for module `\RAMB16'.
Generating RTLIL representation for module `\RAMB32_S64_ECC'.
Generating RTLIL representation for module `\FIFO18'.
Generating RTLIL representation for module `\FIFO18_36'.
Generating RTLIL representation for module `\FIFO36'.
Generating RTLIL representation for module `\FIFO36_72'.
Generating RTLIL representation for module `\RAMB18'.
Generating RTLIL representation for module `\RAMB36'.
Generating RTLIL representation for module `\RAMB18SDP'.
Generating RTLIL representation for module `\RAMB36SDP'.
Generating RTLIL representation for module `\FIFO18E1'.
Generating RTLIL representation for module `\FIFO36E1'.
Generating RTLIL representation for module `\FIFO18E2'.
Generating RTLIL representation for module `\FIFO36E2'.
Generating RTLIL representation for module `\RAMB18E2'.
Generating RTLIL representation for module `\RAMB36E2'.
Generating RTLIL representation for module `\URAM288'.
Generating RTLIL representation for module `\URAM288_BASE'.
Generating RTLIL representation for module `\DSP48E'.
Generating RTLIL representation for module `\DSP48E2'.
Generating RTLIL representation for module `\FDDRCPE'.
Generating RTLIL representation for module `\FDDRRSE'.
Generating RTLIL representation for module `\IFDDRCPE'.
Generating RTLIL representation for module `\IFDDRRSE'.
Generating RTLIL representation for module `\OFDDRCPE'.
Generating RTLIL representation for module `\OFDDRRSE'.
Generating RTLIL representation for module `\OFDDRTCPE'.
Generating RTLIL representation for module `\OFDDRTRSE'.
Generating RTLIL representation for module `\IDDR2'.
Generating RTLIL representation for module `\ODDR2'.
Generating RTLIL representation for module `\IDDR'.
Generating RTLIL representation for module `\IDDR_2CLK'.
Generating RTLIL representation for module `\ODDR'.
Generating RTLIL representation for module `\IDELAYCTRL'.
Generating RTLIL representation for module `\IDELAY'.
Generating RTLIL representation for module `\ISERDES'.
Generating RTLIL representation for module `\OSERDES'.
Generating RTLIL representation for module `\IODELAY'.
Generating RTLIL representation for module `\ISERDES_NODELAY'.
Generating RTLIL representation for module `\IODELAYE1'.
Generating RTLIL representation for module `\ISERDESE1'.
Generating RTLIL representation for module `\OSERDESE1'.
Generating RTLIL representation for module `\IDELAYE2'.
Generating RTLIL representation for module `\ODELAYE2'.
Generating RTLIL representation for module `\ISERDESE2'.
Generating RTLIL representation for module `\OSERDESE2'.
Generating RTLIL representation for module `\PHASER_IN'.
Generating RTLIL representation for module `\PHASER_IN_PHY'.
Generating RTLIL representation for module `\PHASER_OUT'.
Generating RTLIL representation for module `\PHASER_OUT_PHY'.
Generating RTLIL representation for module `\PHASER_REF'.
Generating RTLIL representation for module `\PHY_CONTROL'.
Generating RTLIL representation for module `\IDDRE1'.
Generating RTLIL representation for module `\ODDRE1'.
Generating RTLIL representation for module `\IDELAYE3'.
Generating RTLIL representation for module `\ODELAYE3'.
Generating RTLIL representation for module `\ISERDESE3'.
Generating RTLIL representation for module `\OSERDESE3'.
Generating RTLIL representation for module `\BITSLICE_CONTROL'.
Generating RTLIL representation for module `\RIU_OR'.
Generating RTLIL representation for module `\RX_BITSLICE'.
Generating RTLIL representation for module `\RXTX_BITSLICE'.
Generating RTLIL representation for module `\TX_BITSLICE'.
Generating RTLIL representation for module `\TX_BITSLICE_TRI'.
Generating RTLIL representation for module `\IODELAY2'.
Generating RTLIL representation for module `\IODRP2'.
Generating RTLIL representation for module `\IODRP2_MCB'.
Generating RTLIL representation for module `\ISERDES2'.
Generating RTLIL representation for module `\OSERDES2'.
Generating RTLIL representation for module `\IBUF_DLY_ADJ'.
Generating RTLIL representation for module `\IBUF_IBUFDISABLE'.
Generating RTLIL representation for module `\IBUF_INTERMDISABLE'.
Generating RTLIL representation for module `\IBUF_ANALOG'.
Generating RTLIL representation for module `\IBUFE3'.
Generating RTLIL representation for module `\IBUFDS'.
Generating RTLIL representation for module `\IBUFDS_DLY_ADJ'.
Generating RTLIL representation for module `\IBUFDS_IBUFDISABLE'.
Generating RTLIL representation for module `\IBUFDS_INTERMDISABLE'.
Generating RTLIL representation for module `\IBUFDS_DIFF_OUT'.
Generating RTLIL representation for module `\IBUFDS_DIFF_OUT_IBUFDISABLE'.
Generating RTLIL representation for module `\IBUFDS_DIFF_OUT_INTERMDISABLE'.
Generating RTLIL representation for module `\IBUFDSE3'.
Generating RTLIL representation for module `\IBUFDS_DPHY'.
Generating RTLIL representation for module `\IBUFGDS'.
Generating RTLIL representation for module `\IBUFGDS_DIFF_OUT'.
Generating RTLIL representation for module `\IOBUF_DCIEN'.
Generating RTLIL representation for module `\IOBUF_INTERMDISABLE'.
Generating RTLIL representation for module `\IOBUFE3'.
Generating RTLIL representation for module `\IOBUFDS'.
Generating RTLIL representation for module `\IOBUFDS_DCIEN'.
Generating RTLIL representation for module `\IOBUFDS_INTERMDISABLE'.
Generating RTLIL representation for module `\IOBUFDS_DIFF_OUT'.
Generating RTLIL representation for module `\IOBUFDS_DIFF_OUT_DCIEN'.
Generating RTLIL representation for module `\IOBUFDS_DIFF_OUT_INTERMDISABLE'.
Generating RTLIL representation for module `\IOBUFDSE3'.
Generating RTLIL representation for module `\OBUFDS'.
Generating RTLIL representation for module `\OBUFDS_DPHY'.
Generating RTLIL representation for module `\OBUFTDS'.
Generating RTLIL representation for module `\KEEPER'.
Generating RTLIL representation for module `\PULLDOWN'.
Generating RTLIL representation for module `\PULLUP'.
Generating RTLIL representation for module `\DCIRESET'.
Generating RTLIL representation for module `\HPIO_VREF'.
Generating RTLIL representation for module `\BUFGCE'.
Generating RTLIL representation for module `\BUFGCE_1'.
Generating RTLIL representation for module `\BUFGMUX'.
Generating RTLIL representation for module `\BUFGMUX_1'.
Generating RTLIL representation for module `\BUFGMUX_CTRL'.
Generating RTLIL representation for module `\BUFGMUX_VIRTEX4'.
Generating RTLIL representation for module `\BUFG_GT'.
Generating RTLIL representation for module `\BUFG_GT_SYNC'.
Generating RTLIL representation for module `\BUFG_PS'.
Generating RTLIL representation for module `\BUFGCE_DIV'.
Generating RTLIL representation for module `\BUFH'.
Generating RTLIL representation for module `\BUFIO2'.
Generating RTLIL representation for module `\BUFIO2_2CLK'.
Generating RTLIL representation for module `\BUFIO2FB'.
Generating RTLIL representation for module `\BUFPLL'.
Generating RTLIL representation for module `\BUFPLL_MCB'.
Generating RTLIL representation for module `\BUFIO'.
Generating RTLIL representation for module `\BUFIODQS'.
Generating RTLIL representation for module `\BUFR'.
Generating RTLIL representation for module `\BUFMR'.
Generating RTLIL representation for module `\BUFMRCE'.
Generating RTLIL representation for module `\DCM'.
Generating RTLIL representation for module `\DCM_SP'.
Generating RTLIL representation for module `\DCM_CLKGEN'.
Generating RTLIL representation for module `\DCM_ADV'.
Generating RTLIL representation for module `\DCM_BASE'.
Generating RTLIL representation for module `\DCM_PS'.
Generating RTLIL representation for module `\PMCD'.
Generating RTLIL representation for module `\PLL_ADV'.
Generating RTLIL representation for module `\PLL_BASE'.
Generating RTLIL representation for module `\MMCM_ADV'.
Generating RTLIL representation for module `\MMCM_BASE'.
Generating RTLIL representation for module `\MMCME2_ADV'.
Generating RTLIL representation for module `\MMCME2_BASE'.
Generating RTLIL representation for module `\PLLE2_ADV'.
Generating RTLIL representation for module `\PLLE2_BASE'.
Generating RTLIL representation for module `\MMCME3_ADV'.
Generating RTLIL representation for module `\MMCME3_BASE'.
Generating RTLIL representation for module `\PLLE3_ADV'.
Generating RTLIL representation for module `\PLLE3_BASE'.
Generating RTLIL representation for module `\MMCME4_ADV'.
Generating RTLIL representation for module `\MMCME4_BASE'.
Generating RTLIL representation for module `\PLLE4_ADV'.
Generating RTLIL representation for module `\PLLE4_BASE'.
Generating RTLIL representation for module `\BUFT'.
Generating RTLIL representation for module `\IN_FIFO'.
Generating RTLIL representation for module `\OUT_FIFO'.
Generating RTLIL representation for module `\HARD_SYNC'.
Generating RTLIL representation for module `\STARTUP_SPARTAN3'.
Generating RTLIL representation for module `\STARTUP_SPARTAN3E'.
Generating RTLIL representation for module `\STARTUP_SPARTAN3A'.
Generating RTLIL representation for module `\STARTUP_SPARTAN6'.
Generating RTLIL representation for module `\STARTUP_VIRTEX4'.
Generating RTLIL representation for module `\STARTUP_VIRTEX5'.
Generating RTLIL representation for module `\STARTUP_VIRTEX6'.
Generating RTLIL representation for module `\STARTUPE2'.
Generating RTLIL representation for module `\STARTUPE3'.
Generating RTLIL representation for module `\CAPTURE_SPARTAN3'.
Generating RTLIL representation for module `\CAPTURE_SPARTAN3A'.
Generating RTLIL representation for module `\CAPTURE_VIRTEX4'.
Generating RTLIL representation for module `\CAPTURE_VIRTEX5'.
Generating RTLIL representation for module `\CAPTURE_VIRTEX6'.
Generating RTLIL representation for module `\CAPTUREE2'.
Generating RTLIL representation for module `\ICAP_SPARTAN3A'.
Generating RTLIL representation for module `\ICAP_SPARTAN6'.
Generating RTLIL representation for module `\ICAP_VIRTEX4'.
Generating RTLIL representation for module `\ICAP_VIRTEX5'.
Generating RTLIL representation for module `\ICAP_VIRTEX6'.
Generating RTLIL representation for module `\ICAPE2'.
Generating RTLIL representation for module `\ICAPE3'.
Generating RTLIL representation for module `\BSCAN_SPARTAN3'.
Generating RTLIL representation for module `\BSCAN_SPARTAN3A'.
Generating RTLIL representation for module `\BSCAN_SPARTAN6'.
Generating RTLIL representation for module `\BSCAN_VIRTEX4'.
Generating RTLIL representation for module `\BSCAN_VIRTEX5'.
Generating RTLIL representation for module `\BSCAN_VIRTEX6'.
Generating RTLIL representation for module `\BSCANE2'.
Generating RTLIL representation for module `\DNA_PORT'.
Generating RTLIL representation for module `\DNA_PORTE2'.
Generating RTLIL representation for module `\FRAME_ECC_VIRTEX4'.
Generating RTLIL representation for module `\FRAME_ECC_VIRTEX5'.
Generating RTLIL representation for module `\FRAME_ECC_VIRTEX6'.
Generating RTLIL representation for module `\FRAME_ECCE2'.
Generating RTLIL representation for module `\FRAME_ECCE3'.
Generating RTLIL representation for module `\FRAME_ECCE4'.
Generating RTLIL representation for module `\USR_ACCESS_VIRTEX4'.
Generating RTLIL representation for module `\USR_ACCESS_VIRTEX5'.
Generating RTLIL representation for module `\USR_ACCESS_VIRTEX6'.
Generating RTLIL representation for module `\USR_ACCESSE2'.
Generating RTLIL representation for module `\POST_CRC_INTERNAL'.
Generating RTLIL representation for module `\SUSPEND_SYNC'.
Generating RTLIL representation for module `\KEY_CLEAR'.
Generating RTLIL representation for module `\MASTER_JTAG'.
Generating RTLIL representation for module `\SPI_ACCESS'.
Generating RTLIL representation for module `\EFUSE_USR'.
Generating RTLIL representation for module `\SYSMON'.
Generating RTLIL representation for module `\XADC'.
Generating RTLIL representation for module `\SYSMONE1'.
Generating RTLIL representation for module `\SYSMONE4'.
Generating RTLIL representation for module `\GTPA1_DUAL'.
Generating RTLIL representation for module `\GT11_CUSTOM'.
Generating RTLIL representation for module `\GT11_DUAL'.
Generating RTLIL representation for module `\GT11CLK'.
Generating RTLIL representation for module `\GT11CLK_MGT'.
Generating RTLIL representation for module `\GTP_DUAL'.
Generating RTLIL representation for module `\GTX_DUAL'.
Generating RTLIL representation for module `\CRC32'.
Generating RTLIL representation for module `\CRC64'.
Generating RTLIL representation for module `\GTHE1_QUAD'.
Generating RTLIL representation for module `\GTXE1'.
Generating RTLIL representation for module `\IBUFDS_GTXE1'.
Generating RTLIL representation for module `\IBUFDS_GTHE1'.
Generating RTLIL representation for module `\GTHE2_CHANNEL'.
Generating RTLIL representation for module `\GTHE2_COMMON'.
Generating RTLIL representation for module `\GTPE2_CHANNEL'.
Generating RTLIL representation for module `\GTPE2_COMMON'.
Generating RTLIL representation for module `\GTXE2_CHANNEL'.
Generating RTLIL representation for module `\GTXE2_COMMON'.
Generating RTLIL representation for module `\IBUFDS_GTE2'.
Generating RTLIL representation for module `\GTHE3_CHANNEL'.
Generating RTLIL representation for module `\GTHE3_COMMON'.
Generating RTLIL representation for module `\GTYE3_CHANNEL'.
Generating RTLIL representation for module `\GTYE3_COMMON'.
Generating RTLIL representation for module `\IBUFDS_GTE3'.
Generating RTLIL representation for module `\OBUFDS_GTE3'.
Generating RTLIL representation for module `\OBUFDS_GTE3_ADV'.
Generating RTLIL representation for module `\GTHE4_CHANNEL'.
Generating RTLIL representation for module `\GTHE4_COMMON'.
Generating RTLIL representation for module `\GTYE4_CHANNEL'.
Generating RTLIL representation for module `\GTYE4_COMMON'.
Generating RTLIL representation for module `\IBUFDS_GTE4'.
Generating RTLIL representation for module `\OBUFDS_GTE4'.
Generating RTLIL representation for module `\OBUFDS_GTE4_ADV'.
Generating RTLIL representation for module `\GTM_DUAL'.
Generating RTLIL representation for module `\IBUFDS_GTM'.
Generating RTLIL representation for module `\OBUFDS_GTM'.
Generating RTLIL representation for module `\OBUFDS_GTM_ADV'.
Generating RTLIL representation for module `\HSDAC'.
Generating RTLIL representation for module `\HSADC'.
Generating RTLIL representation for module `\RFDAC'.
Generating RTLIL representation for module `\RFADC'.
Generating RTLIL representation for module `\PCIE_A1'.
Generating RTLIL representation for module `\PCIE_EP'.
Generating RTLIL representation for module `\PCIE_2_0'.
Generating RTLIL representation for module `\PCIE_2_1'.
Generating RTLIL representation for module `\PCIE_3_0'.
Generating RTLIL representation for module `\PCIE_3_1'.
Generating RTLIL representation for module `\PCIE40E4'.
Generating RTLIL representation for module `\PCIE4CE4'.
Generating RTLIL representation for module `\EMAC'.
Generating RTLIL representation for module `\TEMAC'.
Generating RTLIL representation for module `\TEMAC_SINGLE'.
Generating RTLIL representation for module `\CMAC'.
Generating RTLIL representation for module `\CMACE4'.
Generating RTLIL representation for module `\MCB'.
Generating RTLIL representation for module `\HBM_REF_CLK'.
Generating RTLIL representation for module `\HBM_SNGLBLI_INTF_APB'.
Generating RTLIL representation for module `\HBM_SNGLBLI_INTF_AXI'.
Generating RTLIL representation for module `\HBM_ONE_STACK_INTF'.
Generating RTLIL representation for module `\HBM_TWO_STACK_INTF'.
Generating RTLIL representation for module `\PPC405_ADV'.
Generating RTLIL representation for module `\PPC440'.
Generating RTLIL representation for module `\PS7'.
Generating RTLIL representation for module `\PS8'.
Generating RTLIL representation for module `\ILKN'.
Generating RTLIL representation for module `\ILKNE4'.
Generating RTLIL representation for module `\VCU'.
Generating RTLIL representation for module `\FE'.
Successfully finished Verilog frontend.

4. Executing Verilog-2005 frontend: /Users/paulbarcelona/Library/CloudStorage/OneDrive-Personal/GitHub/digital_ip/image_processing/scaler_ips/axil_split/yosys/axil_split.sv2v.v
Parsing Verilog input from `/Users/paulbarcelona/Library/CloudStorage/OneDrive-Personal/GitHub/digital_ip/image_processing/scaler_ips/axil_split/yosys/axil_split.sv2v.v' to AST representation.
Storing AST representation for module `$abstract\axil_split'.
Successfully finished Verilog frontend.

5. Elaborate axil_split 

6. Executing HIERARCHY pass (managing design hierarchy).

7. Executing AST frontend in derive mode using pre-parsed AST for module `\axil_split'.
Generating RTLIL representation for module `\axil_split'.

7.1. Analyzing design hierarchy..
Top module:  \axil_split

7.2. Analyzing design hierarchy..
Top module:  \axil_split
Removing unused module `$abstract\axil_split'.
Removed 1 unused modules.

8. Compile (generic RTL optimisation)

8.1. Executing SYNTH_XILINX pass.

8.1.1. Executing PROC pass (convert processes to netlists).

8.1.1.1. Executing PROC_CLEAN pass (remove empty switches from decision trees).
Found and cleaned up 1 empty switch in `\axil_split.$proc$/Users/paulbarcelona/Library/CloudStorage/OneDrive-Personal/GitHub/digital_ip/image_processing/scaler_ips/axil_split/yosys/axil_split.sv2v.v:171$1166'.
Found and cleaned up 1 empty switch in `\axil_split.$proc$/Users/paulbarcelona/Library/CloudStorage/OneDrive-Personal/GitHub/digital_ip/image_processing/scaler_ips/axil_split/yosys/axil_split.sv2v.v:93$1115'.
Cleaned up 2 empty switches.

8.1.1.2. Executing PROC_RMDEAD pass (remove dead branches from decision trees).
Removed 1 dead cases from process $proc$/Users/paulbarcelona/Library/CloudStorage/OneDrive-Personal/GitHub/digital_ip/image_processing/scaler_ips/axil_split/yosys/axil_split.sv2v.v:184$1179 in module axil_split.
Marked 2 switch rules as full_case in process $proc$/Users/paulbarcelona/Library/CloudStorage/OneDrive-Personal/GitHub/digital_ip/image_processing/scaler_ips/axil_split/yosys/axil_split.sv2v.v:184$1179 in module axil_split.
Removed 1 dead cases from process $proc$/Users/paulbarcelona/Library/CloudStorage/OneDrive-Personal/GitHub/digital_ip/image_processing/scaler_ips/axil_split/yosys/axil_split.sv2v.v:109$1142 in module axil_split.
Marked 2 switch rules as full_case in process $proc$/Users/paulbarcelona/Library/CloudStorage/OneDrive-Personal/GitHub/digital_ip/image_processing/scaler_ips/axil_split/yosys/axil_split.sv2v.v:109$1142 in module axil_split.
Removed a total of 2 dead cases.

8.1.1.3. Executing PROC_PRUNE pass (remove redundant assignments in processes).
Removed 0 redundant assignments.
Promoted 23 assignments to connections.

8.1.1.4. Executing PROC_INIT pass (extract init attributes).

8.1.1.5. Executing PROC_ARST pass (detect async resets in processes).
Found async reset \rst_n in `\axil_split.$proc$/Users/paulbarcelona/Library/CloudStorage/OneDrive-Personal/GitHub/digital_ip/image_processing/scaler_ips/axil_split/yosys/axil_split.sv2v.v:184$1179'.
Found async reset \rst_n in `\axil_split.$proc$/Users/paulbarcelona/Library/CloudStorage/OneDrive-Personal/GitHub/digital_ip/image_processing/scaler_ips/axil_split/yosys/axil_split.sv2v.v:109$1142'.

8.1.1.6. Executing PROC_ROM pass (convert switches to ROMs).
Converted 0 switches.
<suppressed ~12 debug messages>

8.1.1.7. Executing PROC_MUX pass (convert decision trees to multiplexers).
Creating decoders for process `\axil_split.$proc$/Users/paulbarcelona/Library/CloudStorage/OneDrive-Personal/GitHub/digital_ip/image_processing/scaler_ips/axil_split/yosys/axil_split.sv2v.v:218$1189'.
Creating decoders for process `\axil_split.$proc$/Users/paulbarcelona/Library/CloudStorage/OneDrive-Personal/GitHub/digital_ip/image_processing/scaler_ips/axil_split/yosys/axil_split.sv2v.v:184$1179'.
     1/6: $0\araddr_q[14:0]
     2/6: $0\rsel[0:0]
     3/6: $0\rst_q[1:0]
     4/6: $0\s_rvalid[0:0]
     5/6: $0\s_rresp[1:0]
     6/6: $0\s_rdata[31:0]
Creating decoders for process `\axil_split.$proc$/Users/paulbarcelona/Library/CloudStorage/OneDrive-Personal/GitHub/digital_ip/image_processing/scaler_ips/axil_split/yosys/axil_split.sv2v.v:171$1166'.
Creating decoders for process `\axil_split.$proc$/Users/paulbarcelona/Library/CloudStorage/OneDrive-Personal/GitHub/digital_ip/image_processing/scaler_ips/axil_split/yosys/axil_split.sv2v.v:109$1142'.
     1/15: $2\sv2v_autoblock_2.w_ok[0:0]
     2/15: $2\sv2v_autoblock_2.aw_ok[0:0]
     3/15: $1\sv2v_autoblock_2.w_ok[0:0]
     4/15: $1\sv2v_autoblock_2.aw_ok[0:0]
     5/15: $0\wstrb_q[3:0]
     6/15: $0\wdata_q[31:0]
     7/15: $0\awaddr_q[14:0]
     8/15: $0\wsel[0:0]
     9/15: $0\w_sent[0:0]
    10/15: $0\aw_sent[0:0]
    11/15: $0\w_held[0:0]
    12/15: $0\aw_held[0:0]
    13/15: $0\wst[1:0]
    14/15: $0\s_bvalid[0:0]
    15/15: $0\s_bresp[1:0]
Creating decoders for process `\axil_split.$proc$/Users/paulbarcelona/Library/CloudStorage/OneDrive-Personal/GitHub/digital_ip/image_processing/scaler_ips/axil_split/yosys/axil_split.sv2v.v:93$1115'.

8.1.1.8. Executing PROC_DLATCH pass (convert process syncs to latches).
No latch inferred for signal `\axil_split.\_sv2v_0' from process `\axil_split.$proc$/Users/paulbarcelona/Library/CloudStorage/OneDrive-Personal/GitHub/digital_ip/image_processing/scaler_ips/axil_split/yosys/axil_split.sv2v.v:218$1189'.
No latch inferred for signal `\axil_split.\m_araddr' from process `\axil_split.$proc$/Users/paulbarcelona/Library/CloudStorage/OneDrive-Personal/GitHub/digital_ip/image_processing/scaler_ips/axil_split/yosys/axil_split.sv2v.v:171$1166'.
No latch inferred for signal `\axil_split.\m_arvalid' from process `\axil_split.$proc$/Users/paulbarcelona/Library/CloudStorage/OneDrive-Personal/GitHub/digital_ip/image_processing/scaler_ips/axil_split/yosys/axil_split.sv2v.v:171$1166'.
No latch inferred for signal `\axil_split.\m_rready' from process `\axil_split.$proc$/Users/paulbarcelona/Library/CloudStorage/OneDrive-Personal/GitHub/digital_ip/image_processing/scaler_ips/axil_split/yosys/axil_split.sv2v.v:171$1166'.
No latch inferred for signal `\axil_split.\sv2v_autoblock_3.i' from process `\axil_split.$proc$/Users/paulbarcelona/Library/CloudStorage/OneDrive-Personal/GitHub/digital_ip/image_processing/scaler_ips/axil_split/yosys/axil_split.sv2v.v:171$1166'.
No latch inferred for signal `\axil_split.\m_awaddr' from process `\axil_split.$proc$/Users/paulbarcelona/Library/CloudStorage/OneDrive-Personal/GitHub/digital_ip/image_processing/scaler_ips/axil_split/yosys/axil_split.sv2v.v:93$1115'.
No latch inferred for signal `\axil_split.\m_awvalid' from process `\axil_split.$proc$/Users/paulbarcelona/Library/CloudStorage/OneDrive-Personal/GitHub/digital_ip/image_processing/scaler_ips/axil_split/yosys/axil_split.sv2v.v:93$1115'.
No latch inferred for signal `\axil_split.\m_wdata' from process `\axil_split.$proc$/Users/paulbarcelona/Library/CloudStorage/OneDrive-Personal/GitHub/digital_ip/image_processing/scaler_ips/axil_split/yosys/axil_split.sv2v.v:93$1115'.
No latch inferred for signal `\axil_split.\m_wstrb' from process `\axil_split.$proc$/Users/paulbarcelona/Library/CloudStorage/OneDrive-Personal/GitHub/digital_ip/image_processing/scaler_ips/axil_split/yosys/axil_split.sv2v.v:93$1115'.
No latch inferred for signal `\axil_split.\m_wvalid' from process `\axil_split.$proc$/Users/paulbarcelona/Library/CloudStorage/OneDrive-Personal/GitHub/digital_ip/image_processing/scaler_ips/axil_split/yosys/axil_split.sv2v.v:93$1115'.
No latch inferred for signal `\axil_split.\m_bready' from process `\axil_split.$proc$/Users/paulbarcelona/Library/CloudStorage/OneDrive-Personal/GitHub/digital_ip/image_processing/scaler_ips/axil_split/yosys/axil_split.sv2v.v:93$1115'.
No latch inferred for signal `\axil_split.\sv2v_autoblock_1.i' from process `\axil_split.$proc$/Users/paulbarcelona/Library/CloudStorage/OneDrive-Personal/GitHub/digital_ip/image_processing/scaler_ips/axil_split/yosys/axil_split.sv2v.v:93$1115'.

8.1.1.9. Executing PROC_DFF pass (convert process syncs to FFs).
Creating register for signal `\axil_split.\s_rdata' using process `\axil_split.$proc$/Users/paulbarcelona/Library/CloudStorage/OneDrive-Personal/GitHub/digital_ip/image_processing/scaler_ips/axil_split/yosys/axil_split.sv2v.v:184$1179'.
  created $adff cell `$procdff$1329' with positive edge clock and positive level reset.
Creating register for signal `\axil_split.\s_rresp' using process `\axil_split.$proc$/Users/paulbarcelona/Library/CloudStorage/OneDrive-Personal/GitHub/digital_ip/image_processing/scaler_ips/axil_split/yosys/axil_split.sv2v.v:184$1179'.
  created $adff cell `$procdff$1334' with positive edge clock and positive level reset.
Creating register for signal `\axil_split.\s_rvalid' using process `\axil_split.$proc$/Users/paulbarcelona/Library/CloudStorage/OneDrive-Personal/GitHub/digital_ip/image_processing/scaler_ips/axil_split/yosys/axil_split.sv2v.v:184$1179'.
  created $adff cell `$procdff$1339' with positive edge clock and positive level reset.
Creating register for signal `\axil_split.\rst_q' using process `\axil_split.$proc$/Users/paulbarcelona/Library/CloudStorage/OneDrive-Personal/GitHub/digital_ip/image_processing/scaler_ips/axil_split/yosys/axil_split.sv2v.v:184$1179'.
  created $adff cell `$procdff$1344' with positive edge clock and positive level reset.
Creating register for signal `\axil_split.\rsel' using process `\axil_split.$proc$/Users/paulbarcelona/Library/CloudStorage/OneDrive-Personal/GitHub/digital_ip/image_processing/scaler_ips/axil_split/yosys/axil_split.sv2v.v:184$1179'.
  created $adff cell `$procdff$1349' with positive edge clock and positive level reset.
Creating register for signal `\axil_split.\araddr_q' using process `\axil_split.$proc$/Users/paulbarcelona/Library/CloudStorage/OneDrive-Personal/GitHub/digital_ip/image_processing/scaler_ips/axil_split/yosys/axil_split.sv2v.v:184$1179'.
  created $adff cell `$procdff$1354' with positive edge clock and positive level reset.
Creating register for signal `\axil_split.\s_bresp' using process `\axil_split.$proc$/Users/paulbarcelona/Library/CloudStorage/OneDrive-Personal/GitHub/digital_ip/image_processing/scaler_ips/axil_split/yosys/axil_split.sv2v.v:109$1142'.
  created $adff cell `$procdff$1359' with positive edge clock and positive level reset.
Creating register for signal `\axil_split.\s_bvalid' using process `\axil_split.$proc$/Users/paulbarcelona/Library/CloudStorage/OneDrive-Personal/GitHub/digital_ip/image_processing/scaler_ips/axil_split/yosys/axil_split.sv2v.v:109$1142'.
  created $adff cell `$procdff$1364' with positive edge clock and positive level reset.
Creating register for signal `\axil_split.\wst' using process `\axil_split.$proc$/Users/paulbarcelona/Library/CloudStorage/OneDrive-Personal/GitHub/digital_ip/image_processing/scaler_ips/axil_split/yosys/axil_split.sv2v.v:109$1142'.
  created $adff cell `$procdff$1369' with positive edge clock and positive level reset.
Creating register for signal `\axil_split.\aw_held' using process `\axil_split.$proc$/Users/paulbarcelona/Library/CloudStorage/OneDrive-Personal/GitHub/digital_ip/image_processing/scaler_ips/axil_split/yosys/axil_split.sv2v.v:109$1142'.
  created $adff cell `$procdff$1374' with positive edge clock and positive level reset.
Creating register for signal `\axil_split.\w_held' using process `\axil_split.$proc$/Users/paulbarcelona/Library/CloudStorage/OneDrive-Personal/GitHub/digital_ip/image_processing/scaler_ips/axil_split/yosys/axil_split.sv2v.v:109$1142'.
  created $adff cell `$procdff$1379' with positive edge clock and positive level reset.
Creating register for signal `\axil_split.\aw_sent' using process `\axil_split.$proc$/Users/paulbarcelona/Library/CloudStorage/OneDrive-Personal/GitHub/digital_ip/image_processing/scaler_ips/axil_split/yosys/axil_split.sv2v.v:109$1142'.
  created $adff cell `$procdff$1384' with positive edge clock and positive level reset.
Creating register for signal `\axil_split.\w_sent' using process `\axil_split.$proc$/Users/paulbarcelona/Library/CloudStorage/OneDrive-Personal/GitHub/digital_ip/image_processing/scaler_ips/axil_split/yosys/axil_split.sv2v.v:109$1142'.
  created $adff cell `$procdff$1389' with positive edge clock and positive level reset.
Creating register for signal `\axil_split.\wsel' using process `\axil_split.$proc$/Users/paulbarcelona/Library/CloudStorage/OneDrive-Personal/GitHub/digital_ip/image_processing/scaler_ips/axil_split/yosys/axil_split.sv2v.v:109$1142'.
  created $adff cell `$procdff$1394' with positive edge clock and positive level reset.
Creating register for signal `\axil_split.\awaddr_q' using process `\axil_split.$proc$/Users/paulbarcelona/Library/CloudStorage/OneDrive-Personal/GitHub/digital_ip/image_processing/scaler_ips/axil_split/yosys/axil_split.sv2v.v:109$1142'.
  created $adff cell `$procdff$1399' with positive edge clock and positive level reset.
Creating register for signal `\axil_split.\wdata_q' using process `\axil_split.$proc$/Users/paulbarcelona/Library/CloudStorage/OneDrive-Personal/GitHub/digital_ip/image_processing/scaler_ips/axil_split/yosys/axil_split.sv2v.v:109$1142'.
  created $adff cell `$procdff$1404' with positive edge clock and positive level reset.
Creating register for signal `\axil_split.\wstrb_q' using process `\axil_split.$proc$/Users/paulbarcelona/Library/CloudStorage/OneDrive-Personal/GitHub/digital_ip/image_processing/scaler_ips/axil_split/yosys/axil_split.sv2v.v:109$1142'.
  created $adff cell `$procdff$1409' with positive edge clock and positive level reset.
Creating register for signal `\axil_split.\sv2v_autoblock_2.aw_ok' using process `\axil_split.$proc$/Users/paulbarcelona/Library/CloudStorage/OneDrive-Personal/GitHub/digital_ip/image_processing/scaler_ips/axil_split/yosys/axil_split.sv2v.v:109$1142'.
  created $dff cell `$procdff$1416' with positive edge clock.
Creating register for signal `\axil_split.\sv2v_autoblock_2.w_ok' using process `\axil_split.$proc$/Users/paulbarcelona/Library/CloudStorage/OneDrive-Personal/GitHub/digital_ip/image_processing/scaler_ips/axil_split/yosys/axil_split.sv2v.v:109$1142'.
  created $dff cell `$procdff$1423' with positive edge clock.

8.1.1.10. Executing PROC_MEMWR pass (convert process memory writes to cells).

8.1.1.11. Executing PROC_CLEAN pass (remove empty switches from decision trees).
Removing empty process `axil_split.$proc$/Users/paulbarcelona/Library/CloudStorage/OneDrive-Personal/GitHub/digital_ip/image_processing/scaler_ips/axil_split/yosys/axil_split.sv2v.v:218$1189'.
Found and cleaned up 5 empty switches in `\axil_split.$proc$/Users/paulbarcelona/Library/CloudStorage/OneDrive-Personal/GitHub/digital_ip/image_processing/scaler_ips/axil_split/yosys/axil_split.sv2v.v:184$1179'.
Removing empty process `axil_split.$proc$/Users/paulbarcelona/Library/CloudStorage/OneDrive-Personal/GitHub/digital_ip/image_processing/scaler_ips/axil_split/yosys/axil_split.sv2v.v:184$1179'.
Removing empty process `axil_split.$proc$/Users/paulbarcelona/Library/CloudStorage/OneDrive-Personal/GitHub/digital_ip/image_processing/scaler_ips/axil_split/yosys/axil_split.sv2v.v:171$1166'.
Found and cleaned up 7 empty switches in `\axil_split.$proc$/Users/paulbarcelona/Library/CloudStorage/OneDrive-Personal/GitHub/digital_ip/image_processing/scaler_ips/axil_split/yosys/axil_split.sv2v.v:109$1142'.
Removing empty process `axil_split.$proc$/Users/paulbarcelona/Library/CloudStorage/OneDrive-Personal/GitHub/digital_ip/image_processing/scaler_ips/axil_split/yosys/axil_split.sv2v.v:109$1142'.
Removing empty process `axil_split.$proc$/Users/paulbarcelona/Library/CloudStorage/OneDrive-Personal/GitHub/digital_ip/image_processing/scaler_ips/axil_split/yosys/axil_split.sv2v.v:93$1115'.
Cleaned up 12 empty switches.

8.1.1.12. Executing OPT_EXPR pass (perform const folding).
Optimizing module axil_split.
<suppressed ~65 debug messages>

8.1.2. Executing TRIBUF pass.

8.1.3. Executing DEMINOUT pass (demote inout ports to input or output).

8.1.4. Executing OPT_EXPR pass (perform const folding).
Optimizing module axil_split.
<suppressed ~9 debug messages>

8.1.5. Executing CHECK pass (checking for obvious problems).
Checking module axil_split...
Found and reported 0 problems.

8.1.6. Executing OPT_CLEAN pass (remove unused cells and wires).
Finding unused cells or wires in module \axil_split..
Removed 35 unused cells and 140 unused wires.
<suppressed ~41 debug messages>

8.1.7. Executing OPT pass (performing simple optimizations).

8.1.7.1. Executing OPT_EXPR pass (perform const folding).
Optimizing module axil_split.

8.1.7.2. Executing OPT_MERGE pass (detect identical cells).
Finding identical cells in module `\axil_split'.
Computing hashes of 153 cells of `\axil_split'.
Finding duplicate cells in `\axil_split'.
Computing hashes of 112 cells of `\axil_split'.
Finding duplicate cells in `\axil_split'.
Computing hashes of 110 cells of `\axil_split'.
Finding duplicate cells in `\axil_split'.
<suppressed ~129 debug messages>
Removed a total of 43 cells.

8.1.7.3. Executing OPT_MUXTREE pass (detect dead branches in mux trees).
Running muxtree optimizer on module \axil_split..
  Creating internal representation of mux trees.
  Evaluating internal representation of mux trees.
  Analyzing evaluation results.
Removed 0 multiplexer ports.
<suppressed ~62 debug messages>

8.1.7.4. Executing OPT_REDUCE pass (consolidate $*mux and $reduce_* inputs).
  Optimizing cells in module \axil_split.
Performed a total of 0 changes.

8.1.7.5. Executing OPT_MERGE pass (detect identical cells).
Finding identical cells in module `\axil_split'.
Computing hashes of 110 cells of `\axil_split'.
Finding duplicate cells in `\axil_split'.
Removed a total of 0 cells.

8.1.7.6. Executing OPT_DFF pass (perform DFF optimizations).

8.1.7.7. Executing OPT_CLEAN pass (remove unused cells and wires).
Finding unused cells or wires in module \axil_split..
Removed 0 unused cells and 43 unused wires.
<suppressed ~1 debug messages>

8.1.7.8. Executing OPT_EXPR pass (perform const folding).
Optimizing module axil_split.

8.1.7.9. Rerunning OPT passes. (Maybe there is more to do..)

8.1.7.10. Executing OPT_MUXTREE pass (detect dead branches in mux trees).
Running muxtree optimizer on module \axil_split..
  Creating internal representation of mux trees.
  Evaluating internal representation of mux trees.
  Analyzing evaluation results.
Removed 0 multiplexer ports.
<suppressed ~62 debug messages>

8.1.7.11. Executing OPT_REDUCE pass (consolidate $*mux and $reduce_* inputs).
  Optimizing cells in module \axil_split.
Performed a total of 0 changes.

8.1.7.12. Executing OPT_MERGE pass (detect identical cells).
Finding identical cells in module `\axil_split'.
Computing hashes of 110 cells of `\axil_split'.
Finding duplicate cells in `\axil_split'.
Removed a total of 0 cells.

8.1.7.13. Executing OPT_DFF pass (perform DFF optimizations).

8.1.7.14. Executing OPT_CLEAN pass (remove unused cells and wires).
Finding unused cells or wires in module \axil_split..

8.1.7.15. Executing OPT_EXPR pass (perform const folding).
Optimizing module axil_split.

8.1.7.16. Finished fast OPT passes. (There is nothing left to do.)

8.1.8. Executing FSM pass (extract and optimize FSM).

8.1.8.1. Executing FSM_DETECT pass (finding FSMs in design).
Found FSM state register axil_split.rst_q.
Found FSM state register axil_split.wst.

8.1.8.2. Executing FSM_EXTRACT pass (extracting FSM from design).
Extracting FSM `\rst_q' from module `\axil_split'.
  found $adff cell for state register: $procdff$1344
  root of input selection tree: $0\rst_q[1:0]
  found reset state: 2'00 (from async reset)
  found ctrl input: $procmux$1207_CMP
  found ctrl input: $eq$/Users/paulbarcelona/Library/CloudStorage/OneDrive-Personal/GitHub/digital_ip/image_processing/scaler_ips/axil_split/yosys/axil_split.sv2v.v:180$1170_Y
  found ctrl input: $eq$/Users/paulbarcelona/Library/CloudStorage/OneDrive-Personal/GitHub/digital_ip/image_processing/scaler_ips/axil_split/yosys/axil_split.sv2v.v:179$1167_Y
  found ctrl input: \s_arready
  found ctrl input: \s_rready
  found ctrl input: $procmux$1209_CMP
  found state code: 2'11
  found ctrl input: $procmux$1212_CMP
  found state code: 2'10
  found ctrl input: \s_arvalid
  found state code: 2'01
  found ctrl output: $eq$/Users/paulbarcelona/Library/CloudStorage/OneDrive-Personal/GitHub/digital_ip/image_processing/scaler_ips/axil_split/yosys/axil_split.sv2v.v:179$1167_Y
  found ctrl output: \s_arready
  found ctrl output: $procmux$1207_CMP
  found ctrl output: $eq$/Users/paulbarcelona/Library/CloudStorage/OneDrive-Personal/GitHub/digital_ip/image_processing/scaler_ips/axil_split/yosys/axil_split.sv2v.v:180$1170_Y
  ctrl inputs: { $procmux$1212_CMP $procmux$1209_CMP \s_rready \s_arvalid }
  ctrl outputs: { $procmux$1207_CMP $0\rst_q[1:0] $eq$/Users/paulbarcelona/Library/CloudStorage/OneDrive-Personal/GitHub/digital_ip/image_processing/scaler_ips/axil_split/yosys/axil_split.sv2v.v:180$1170_Y $eq$/Users/paulbarcelona/Library/CloudStorage/OneDrive-Personal/GitHub/digital_ip/image_processing/scaler_ips/axil_split/yosys/axil_split.sv2v.v:179$1167_Y \s_arready }
  transition:       2'00 4'---0 ->       2'00 6'000001
  transition:       2'00 4'---1 ->       2'01 6'001001
  transition:       2'10 4'-0-- ->       2'10 6'010100
  transition:       2'10 4'-1-- ->       2'11 6'011100
  transition:       2'01 4'0--- ->       2'01 6'001010
  transition:       2'01 4'1--- ->       2'10 6'010010
  transition:       2'11 4'--0- ->       2'11 6'111000
  transition:       2'11 4'--1- ->       2'00 6'100000
Extracting FSM `\wst' from module `\axil_split'.
  found $adff cell for state register: $procdff$1369
  root of input selection tree: $0\wst[1:0]
  found reset state: 2'00 (from async reset)
  found ctrl input: $procmux$1289_CMP
  found ctrl input: $eq$/Users/paulbarcelona/Library/CloudStorage/OneDrive-Personal/GitHub/digital_ip/image_processing/scaler_ips/axil_split/yosys/axil_split.sv2v.v:105$1126_Y
  found ctrl input: $eq$/Users/paulbarcelona/Library/CloudStorage/OneDrive-Personal/GitHub/digital_ip/image_processing/scaler_ips/axil_split/yosys/axil_split.sv2v.v:103$1116_Y
  found ctrl input: $eq$/Users/paulbarcelona/Library/CloudStorage/OneDrive-Personal/GitHub/digital_ip/image_processing/scaler_ips/axil_split/yosys/axil_split.sv2v.v:87$1109_Y
  found ctrl input: \s_bready
  found ctrl input: $procmux$1305_CMP
  found state code: 2'11
  found ctrl input: $logic_and$/Users/paulbarcelona/Library/CloudStorage/OneDrive-Personal/GitHub/digital_ip/image_processing/scaler_ips/axil_split/yosys/axil_split.sv2v.v:149$1160_Y
  found state code: 2'10
  found ctrl input: $logic_and$/Users/paulbarcelona/Library/CloudStorage/OneDrive-Personal/GitHub/digital_ip/image_processing/scaler_ips/axil_split/yosys/axil_split.sv2v.v:135$1150_Y
  found state code: 2'01
  found ctrl output: $eq$/Users/paulbarcelona/Library/CloudStorage/OneDrive-Personal/GitHub/digital_ip/image_processing/scaler_ips/axil_split/yosys/axil_split.sv2v.v:105$1126_Y
  found ctrl output: $eq$/Users/paulbarcelona/Library/CloudStorage/OneDrive-Personal/GitHub/digital_ip/image_processing/scaler_ips/axil_split/yosys/axil_split.sv2v.v:103$1116_Y
  found ctrl output: $eq$/Users/paulbarcelona/Library/CloudStorage/OneDrive-Personal/GitHub/digital_ip/image_processing/scaler_ips/axil_split/yosys/axil_split.sv2v.v:87$1109_Y
  found ctrl output: $procmux$1289_CMP
  ctrl inputs: { $procmux$1305_CMP $logic_and$/Users/paulbarcelona/Library/CloudStorage/OneDrive-Personal/GitHub/digital_ip/image_processing/scaler_ips/axil_split/yosys/axil_split.sv2v.v:149$1160_Y $logic_and$/Users/paulbarcelona/Library/CloudStorage/OneDrive-Personal/GitHub/digital_ip/image_processing/scaler_ips/axil_split/yosys/axil_split.sv2v.v:135$1150_Y \s_bready }
  ctrl outputs: { $procmux$1289_CMP $0\wst[1:0] $eq$/Users/paulbarcelona/Library/CloudStorage/OneDrive-Personal/GitHub/digital_ip/image_processing/scaler_ips/axil_split/yosys/axil_split.sv2v.v:105$1126_Y $eq$/Users/paulbarcelona/Library/CloudStorage/OneDrive-Personal/GitHub/digital_ip/image_processing/scaler_ips/axil_split/yosys/axil_split.sv2v.v:103$1116_Y $eq$/Users/paulbarcelona/Library/CloudStorage/OneDrive-Personal/GitHub/digital_ip/image_processing/scaler_ips/axil_split/yosys/axil_split.sv2v.v:87$1109_Y }
  transition:       2'00 4'--0- ->       2'00 6'000001
  transition:       2'00 4'--1- ->       2'01 6'001001
  transition:       2'10 4'0--- ->       2'10 6'010100
  transition:       2'10 4'1--- ->       2'11 6'011100
  transition:       2'01 4'-0-- ->       2'01 6'001010
  transition:       2'01 4'-1-- ->       2'10 6'010010
  transition:       2'11 4'---0 ->       2'11 6'111000
  transition:       2'11 4'---1 ->       2'00 6'100000

8.1.8.3. Executing FSM_OPT pass (simple optimizations of FSMs).
Optimizing FSM `$fsm$\wst$1430' from module `\axil_split'.
Optimizing FSM `$fsm$\rst_q$1424' from module `\axil_split'.

8.1.8.4. Executing OPT_CLEAN pass (remove unused cells and wires).
Finding unused cells or wires in module \axil_split..
Removed 20 unused cells and 20 unused wires.
<suppressed ~21 debug messages>

8.1.8.5. Executing FSM_OPT pass (simple optimizations of FSMs).
Optimizing FSM `$fsm$\rst_q$1424' from module `\axil_split'.
  Removing unused output signal $0\rst_q[1:0] [0].
  Removing unused output signal $0\rst_q[1:0] [1].
Optimizing FSM `$fsm$\wst$1430' from module `\axil_split'.
  Removing unused output signal $0\wst[1:0] [0].
  Removing unused output signal $0\wst[1:0] [1].

8.1.8.6. Executing FSM_RECODE pass (re-assigning FSM state encoding).
Recoding FSM `$fsm$\rst_q$1424' from module `\axil_split' using `auto' encoding:
  mapping auto encoding to `one-hot` for this FSM.
  00 -> ---1
  10 -> --1-
  01 -> -1--
  11 -> 1---
Recoding FSM `$fsm$\wst$1430' from module `\axil_split' using `auto' encoding:
  mapping auto encoding to `one-hot` for this FSM.
  00 -> ---1
  10 -> --1-
  01 -> -1--
  11 -> 1---

8.1.8.7. Executing FSM_INFO pass (dumping all available information on FSM cells).

FSM `$fsm$\rst_q$1424' from module `axil_split':
-------------------------------------

  Information on FSM $fsm$\rst_q$1424 (\rst_q):

  Number of input signals:    4
  Number of output signals:   4
  Number of state bits:       4

  Input signals:
    0: \s_arvalid
    1: \s_rready
    2: $procmux$1209_CMP
    3: $procmux$1212_CMP

  Output signals:
    0: \s_arready
    1: $eq$/Users/paulbarcelona/Library/CloudStorage/OneDrive-Personal/GitHub/digital_ip/image_processing/scaler_ips/axil_split/yosys/axil_split.sv2v.v:179$1167_Y
    2: $eq$/Users/paulbarcelona/Library/CloudStorage/OneDrive-Personal/GitHub/digital_ip/image_processing/scaler_ips/axil_split/yosys/axil_split.sv2v.v:180$1170_Y
    3: $procmux$1207_CMP

  State encoding:
    0:     4'---1  <RESET STATE>
    1:     4'--1-
    2:     4'-1--
    3:     4'1---

  Transition Table (state_in, ctrl_in, state_out, ctrl_out):
      0:     0 4'---0   ->     0 4'0001
      1:     0 4'---1   ->     2 4'0001
      2:     1 4'-0--   ->     1 4'0100
      3:     1 4'-1--   ->     3 4'0100
      4:     2 4'1---   ->     1 4'0010
      5:     2 4'0---   ->     2 4'0010
      6:     3 4'--1-   ->     0 4'1000
      7:     3 4'--0-   ->     3 4'1000

-------------------------------------

FSM `$fsm$\wst$1430' from module `axil_split':
-------------------------------------

  Information on FSM $fsm$\wst$1430 (\wst):

  Number of input signals:    4
  Number of output signals:   4
  Number of state bits:       4

  Input signals:
    0: \s_bready
    1: $logic_and$/Users/paulbarcelona/Library/CloudStorage/OneDrive-Personal/GitHub/digital_ip/image_processing/scaler_ips/axil_split/yosys/axil_split.sv2v.v:135$1150_Y
    2: $logic_and$/Users/paulbarcelona/Library/CloudStorage/OneDrive-Personal/GitHub/digital_ip/image_processing/scaler_ips/axil_split/yosys/axil_split.sv2v.v:149$1160_Y
    3: $procmux$1305_CMP

  Output signals:
    0: $eq$/Users/paulbarcelona/Library/CloudStorage/OneDrive-Personal/GitHub/digital_ip/image_processing/scaler_ips/axil_split/yosys/axil_split.sv2v.v:87$1109_Y
    1: $eq$/Users/paulbarcelona/Library/CloudStorage/OneDrive-Personal/GitHub/digital_ip/image_processing/scaler_ips/axil_split/yosys/axil_split.sv2v.v:103$1116_Y
    2: $eq$/Users/paulbarcelona/Library/CloudStorage/OneDrive-Personal/GitHub/digital_ip/image_processing/scaler_ips/axil_split/yosys/axil_split.sv2v.v:105$1126_Y
    3: $procmux$1289_CMP

  State encoding:
    0:     4'---1  <RESET STATE>
    1:     4'--1-
    2:     4'-1--
    3:     4'1---

  Transition Table (state_in, ctrl_in, state_out, ctrl_out):
      0:     0 4'--0-   ->     0 4'0001
      1:     0 4'--1-   ->     2 4'0001
      2:     1 4'0---   ->     1 4'0100
      3:     1 4'1---   ->     3 4'0100
      4:     2 4'-1--   ->     1 4'0010
      5:     2 4'-0--   ->     2 4'0010
      6:     3 4'---1   ->     0 4'1000
      7:     3 4'---0   ->     3 4'1000

-------------------------------------

8.1.8.8. Executing FSM_MAP pass (mapping FSMs to basic logic).
Mapping FSM `$fsm$\rst_q$1424' from module `\axil_split'.
Mapping FSM `$fsm$\wst$1430' from module `\axil_split'.

8.1.9. Executing OPT pass (performing simple optimizations).

8.1.9.1. Executing OPT_EXPR pass (perform const folding).
Optimizing module axil_split.
<suppressed ~16 debug messages>

8.1.9.2. Executing OPT_MERGE pass (detect identical cells).
Finding identical cells in module `\axil_split'.
Computing hashes of 124 cells of `\axil_split'.
Finding duplicate cells in `\axil_split'.
Removed a total of 0 cells.

8.1.9.3. Executing OPT_MUXTREE pass (detect dead branches in mux trees).
Running muxtree optimizer on module \axil_split..
  Creating internal representation of mux trees.
  Evaluating internal representation of mux trees.
  Analyzing evaluation results.
Removed 0 multiplexer ports.
<suppressed ~50 debug messages>

8.1.9.4. Executing OPT_REDUCE pass (consolidate $*mux and $reduce_* inputs).
  Optimizing cells in module \axil_split.
Performed a total of 0 changes.

8.1.9.5. Executing OPT_MERGE pass (detect identical cells).
Finding identical cells in module `\axil_split'.
Computing hashes of 124 cells of `\axil_split'.
Finding duplicate cells in `\axil_split'.
Removed a total of 0 cells.

8.1.9.6. Executing OPT_DFF pass (perform DFF optimizations).
Adding EN signal on $procdff$1334 ($adff) from module axil_split (D = $shiftx$/Users/paulbarcelona/Library/CloudStorage/OneDrive-Personal/GitHub/digital_ip/image_processing/scaler_ips/axil_split/yosys/axil_split.sv2v.v:207$1188_Y, Q = \s_rresp).
Adding EN signal on $procdff$1354 ($adff) from module axil_split (D = \s_araddr, Q = \araddr_q).
Adding EN signal on $procdff$1404 ($adff) from module axil_split (D = \s_wdata, Q = \wdata_q).
Adding EN signal on $procdff$1409 ($adff) from module axil_split (D = \s_wstrb, Q = \wstrb_q).
Adding EN signal on $procdff$1374 ($adff) from module axil_split (D = $0\aw_held[0:0], Q = \aw_held).
Adding EN signal on $procdff$1364 ($adff) from module axil_split (D = $0\s_bvalid[0:0], Q = \s_bvalid).
Adding EN signal on $procdff$1359 ($adff) from module axil_split (D = $shiftx$/Users/paulbarcelona/Library/CloudStorage/OneDrive-Personal/GitHub/digital_ip/image_processing/scaler_ips/axil_split/yosys/axil_split.sv2v.v:154$1164_Y, Q = \s_bresp).
Adding EN signal on $procdff$1384 ($adff) from module axil_split (D = $0\aw_sent[0:0], Q = \aw_sent).
Adding EN signal on $procdff$1394 ($adff) from module axil_split (D = $ternary$/Users/paulbarcelona/Library/CloudStorage/OneDrive-Personal/GitHub/digital_ip/image_processing/scaler_ips/axil_split/yosys/axil_split.sv2v.v:137$1151_Y, Q = \wsel).
Adding EN signal on $procdff$1399 ($adff) from module axil_split (D = \s_awaddr, Q = \awaddr_q).
Adding EN signal on $procdff$1349 ($adff) from module axil_split (D = \s_araddr [14], Q = \rsel).
Adding EN signal on $procdff$1379 ($adff) from module axil_split (D = $0\w_held[0:0], Q = \w_held).
Adding EN signal on $procdff$1339 ($adff) from module axil_split (D = $0\s_rvalid[0:0], Q = \s_rvalid).
Adding EN signal on $procdff$1389 ($adff) from module axil_split (D = $0\w_sent[0:0], Q = \w_sent).
Adding EN signal on $procdff$1329 ($adff) from module axil_split (D = $shiftx$/Users/paulbarcelona/Library/CloudStorage/OneDrive-Personal/GitHub/digital_ip/image_processing/scaler_ips/axil_split/yosys/axil_split.sv2v.v:206$1185_Y, Q = \s_rdata).

8.1.9.7. Executing OPT_CLEAN pass (remove unused cells and wires).
Finding unused cells or wires in module \axil_split..
Removed 18 unused cells and 39 unused wires.
<suppressed ~19 debug messages>

8.1.9.8. Executing OPT_EXPR pass (perform const folding).
Optimizing module axil_split.
<suppressed ~6 debug messages>

8.1.9.9. Rerunning OPT passes. (Maybe there is more to do..)

8.1.9.10. Executing OPT_MUXTREE pass (detect dead branches in mux trees).
Running muxtree optimizer on module \axil_split..
  Creating internal representation of mux trees.
  Evaluating internal representation of mux trees.
  Analyzing evaluation results.
Removed 0 multiplexer ports.
<suppressed ~24 debug messages>

8.1.9.11. Executing OPT_REDUCE pass (consolidate $*mux and $reduce_* inputs).
  Optimizing cells in module \axil_split.
Performed a total of 0 changes.

8.1.9.12. Executing OPT_MERGE pass (detect identical cells).
Finding identical cells in module `\axil_split'.
Computing hashes of 137 cells of `\axil_split'.
Finding duplicate cells in `\axil_split'.
Computing hashes of 126 cells of `\axil_split'.
Finding duplicate cells in `\axil_split'.
Computing hashes of 125 cells of `\axil_split'.
Finding duplicate cells in `\axil_split'.
<suppressed ~36 debug messages>
Removed a total of 12 cells.

8.1.9.13. Executing OPT_DFF pass (perform DFF optimizations).

8.1.9.14. Executing OPT_CLEAN pass (remove unused cells and wires).
Finding unused cells or wires in module \axil_split..
Removed 0 unused cells and 12 unused wires.
<suppressed ~1 debug messages>

8.1.9.15. Executing OPT_EXPR pass (perform const folding).
Optimizing module axil_split.

8.1.9.16. Rerunning OPT passes. (Maybe there is more to do..)

8.1.9.17. Executing OPT_MUXTREE pass (detect dead branches in mux trees).
Running muxtree optimizer on module \axil_split..
  Creating internal representation of mux trees.
  Evaluating internal representation of mux trees.
  Analyzing evaluation results.
Removed 0 multiplexer ports.
<suppressed ~28 debug messages>

8.1.9.18. Executing OPT_REDUCE pass (consolidate $*mux and $reduce_* inputs).
  Optimizing cells in module \axil_split.
Performed a total of 0 changes.

8.1.9.19. Executing OPT_MERGE pass (detect identical cells).
Finding identical cells in module `\axil_split'.
Computing hashes of 125 cells of `\axil_split'.
Finding duplicate cells in `\axil_split'.
Removed a total of 0 cells.

8.1.9.20. Executing OPT_DFF pass (perform DFF optimizations).

8.1.9.21. Executing OPT_CLEAN pass (remove unused cells and wires).
Finding unused cells or wires in module \axil_split..

8.1.9.22. Executing OPT_EXPR pass (perform const folding).
Optimizing module axil_split.

8.1.9.23. Finished fast OPT passes. (There is nothing left to do.)

8.1.10. Executing WREDUCE pass (reducing word size of cells).
Removed top 1 bits (of 2) from port B of cell axil_split.$auto$simple.cc:194:make_patterns_logic$1587 ($ne).
Removed top 1 bits (of 2) from port B of cell axil_split.$auto$simple.cc:194:make_patterns_logic$1580 ($ne).
Removed top 1 bits (of 2) from port B of cell axil_split.$auto$simple.cc:194:make_patterns_logic$1571 ($ne).
Removed top 1 bits (of 2) from port B of cell axil_split.$auto$simple.cc:194:make_patterns_logic$1543 ($ne).
Removed top 1 bits (of 2) from port B of cell axil_split.$auto$simple.cc:194:make_patterns_logic$1534 ($ne).
Removed top 29 bits (of 32) from port B of cell axil_split.$shiftx$/Users/paulbarcelona/Library/CloudStorage/OneDrive-Personal/GitHub/digital_ip/image_processing/scaler_ips/axil_split/yosys/axil_split.sv2v.v:154$1164 ($shiftx).
Removed top 25 bits (of 32) from port B of cell axil_split.$shiftx$/Users/paulbarcelona/Library/CloudStorage/OneDrive-Personal/GitHub/digital_ip/image_processing/scaler_ips/axil_split/yosys/axil_split.sv2v.v:206$1185 ($shiftx).
Removed top 29 bits (of 32) from port B of cell axil_split.$shiftx$/Users/paulbarcelona/Library/CloudStorage/OneDrive-Personal/GitHub/digital_ip/image_processing/scaler_ips/axil_split/yosys/axil_split.sv2v.v:207$1188 ($shiftx).

8.1.11. Executing PEEPOPT pass (run peephole optimizers).
shiftpow2 pattern in axil_split: shift=$shiftx$/Users/paulbarcelona/Library/CloudStorage/OneDrive-Personal/GitHub/digital_ip/image_processing/scaler_ips/axil_split/yosys/axil_split.sv2v.v:207$1188, index=\rsel, stride=2, width=2, ways=2
shiftpow2 pattern in axil_split: shift=$shiftx$/Users/paulbarcelona/Library/CloudStorage/OneDrive-Personal/GitHub/digital_ip/image_processing/scaler_ips/axil_split/yosys/axil_split.sv2v.v:206$1185, index=\rsel, stride=32, width=32, ways=2
shiftpow2 pattern in axil_split: shift=$shiftx$/Users/paulbarcelona/Library/CloudStorage/OneDrive-Personal/GitHub/digital_ip/image_processing/scaler_ips/axil_split/yosys/axil_split.sv2v.v:154$1164, index=\wsel, stride=2, width=2, ways=2

8.1.12. Executing OPT_CLEAN pass (remove unused cells and wires).
Finding unused cells or wires in module \axil_split..

8.1.13. Executing SORT pass.

9. pmux2shiftx (normally skipped with -nosrl)

10. Executing PMUX2SHIFTX pass.

11. Map multipliers to DSP48 blocks (no register/adder packing)

11.1. Executing MEMORY_DFF pass (merging $dff cells to $memrd).

11.2. Executing TECHMAP pass (map to technology primitives).

11.2.1. Executing Verilog-2005 frontend: /Applications/oss-cad-suite/libexec/../share/yosys/mul2dsp.v
Parsing Verilog input from `/Applications/oss-cad-suite/libexec/../share/yosys/mul2dsp.v' to AST representation.
Generating RTLIL representation for module `\_80_mul'.
Generating RTLIL representation for module `\_90_soft_mul'.
Successfully finished Verilog frontend.

11.2.2. Executing Verilog-2005 frontend: /Applications/oss-cad-suite/libexec/../share/yosys/xilinx/xc7_dsp_map.v
Parsing Verilog input from `/Applications/oss-cad-suite/libexec/../share/yosys/xilinx/xc7_dsp_map.v' to AST representation.
Generating RTLIL representation for module `$__MUL25X18'.
Successfully finished Verilog frontend.

11.2.3. Continuing TECHMAP pass.
No more expansions possible.
<suppressed ~5 debug messages>

11.3. Executing OPT_EXPR pass (perform const folding).

11.4. Executing WREDUCE pass (reducing word size of cells).

12. Optimize (coarse grain)

12.1. Executing SYNTH_XILINX pass.

12.1.1. Executing TECHMAP pass (map to technology primitives).

12.1.1.1. Executing Verilog-2005 frontend: /Applications/oss-cad-suite/libexec/../share/yosys/cmp2lut.v
Parsing Verilog input from `/Applications/oss-cad-suite/libexec/../share/yosys/cmp2lut.v' to AST representation.
Generating RTLIL representation for module `\_90_lut_cmp_'.
Successfully finished Verilog frontend.

12.1.1.2. Executing Verilog-2005 frontend: /Applications/oss-cad-suite/libexec/../share/yosys/cmp2lcu.v
Parsing Verilog input from `/Applications/oss-cad-suite/libexec/../share/yosys/cmp2lcu.v' to AST representation.
Generating RTLIL representation for module `\_80_lcu_cmp_'.
Generating RTLIL representation for module `$__CMP2LCU'.
Successfully finished Verilog frontend.

12.1.1.3. Continuing TECHMAP pass.
No more expansions possible.
<suppressed ~7 debug messages>

12.1.2. Executing ALUMACC pass (create $alu and $macc cells).
Extracting $alu and $macc cells in module axil_split:
  created 0 $alu and 0 $macc cells.

12.1.3. Executing SHARE pass (SAT-based resource sharing).

12.1.4. Executing OPT pass (performing simple optimizations).

12.1.4.1. Executing OPT_EXPR pass (perform const folding).
Optimizing module axil_split.

12.1.4.2. Executing OPT_MERGE pass (detect identical cells).
Finding identical cells in module `\axil_split'.
Computing hashes of 125 cells of `\axil_split'.
Finding duplicate cells in `\axil_split'.
Removed a total of 0 cells.

12.1.4.3. Executing OPT_MUXTREE pass (detect dead branches in mux trees).
Running muxtree optimizer on module \axil_split..
  Creating internal representation of mux trees.
  Evaluating internal representation of mux trees.
  Analyzing evaluation results.
Removed 0 multiplexer ports.
<suppressed ~28 debug messages>

12.1.4.4. Executing OPT_REDUCE pass (consolidate $*mux and $reduce_* inputs).
  Optimizing cells in module \axil_split.
  Optimizing cells in module \axil_split.
Performed a total of 3 changes.

12.1.4.5. Executing OPT_MERGE pass (detect identical cells).
Finding identical cells in module `\axil_split'.
Computing hashes of 125 cells of `\axil_split'.
Finding duplicate cells in `\axil_split'.
Removed a total of 0 cells.

12.1.4.6. Executing OPT_DFF pass (perform DFF optimizations).

12.1.4.7. Executing OPT_CLEAN pass (remove unused cells and wires).
Finding unused cells or wires in module \axil_split..

12.1.4.8. Executing OPT_EXPR pass (perform const folding).
Optimizing module axil_split.

12.1.4.9. Rerunning OPT passes. (Maybe there is more to do..)

12.1.4.10. Executing OPT_MUXTREE pass (detect dead branches in mux trees).
Running muxtree optimizer on module \axil_split..
  Creating internal representation of mux trees.
  Evaluating internal representation of mux trees.
  Analyzing evaluation results.
Removed 0 multiplexer ports.
<suppressed ~34 debug messages>

12.1.4.11. Executing OPT_REDUCE pass (consolidate $*mux and $reduce_* inputs).
  Optimizing cells in module \axil_split.
Performed a total of 0 changes.

12.1.4.12. Executing OPT_MERGE pass (detect identical cells).
Finding identical cells in module `\axil_split'.
Computing hashes of 125 cells of `\axil_split'.
Finding duplicate cells in `\axil_split'.
Removed a total of 0 cells.

12.1.4.13. Executing OPT_DFF pass (perform DFF optimizations).

12.1.4.14. Executing OPT_CLEAN pass (remove unused cells and wires).
Finding unused cells or wires in module \axil_split..

12.1.4.15. Executing OPT_EXPR pass (perform const folding).
Optimizing module axil_split.

12.1.4.16. Finished fast OPT passes. (There is nothing left to do.)

12.1.5. Executing MEMORY pass.

12.1.5.1. Executing OPT_MEM pass (optimize memories).
Performed a total of 0 transformations.

12.1.5.2. Executing OPT_MEM_PRIORITY pass (removing unnecessary memory write priority relations).
Performed a total of 0 transformations.

12.1.5.3. Executing OPT_MEM_FEEDBACK pass (finding memory read-to-write feedback paths).

12.1.5.4. Executing MEMORY_BMUX2ROM pass (converting muxes to ROMs).

12.1.5.5. Executing MEMORY_DFF pass (merging $dff cells to $memrd).

12.1.5.6. Executing OPT_CLEAN pass (remove unused cells and wires).
Finding unused cells or wires in module \axil_split..

12.1.5.7. Executing MEMORY_SHARE pass (consolidating $memrd/$memwr cells).

12.1.5.8. Executing OPT_MEM_WIDEN pass (optimize memories where all ports are wide).
Performed a total of 0 transformations.

12.1.5.9. Executing OPT_CLEAN pass (remove unused cells and wires).
Finding unused cells or wires in module \axil_split..

12.1.5.10. Executing MEMORY_COLLECT pass (generating $mem cells).

12.1.6. Executing OPT_CLEAN pass (remove unused cells and wires).
Finding unused cells or wires in module \axil_split..

13. Map memories to block RAM / LUT RAM

13.1. Executing SYNTH_XILINX pass.

13.1.1. Executing MEMORY_LIBMAP pass (mapping memories to cells).

13.1.2. Executing TECHMAP pass (map to technology primitives).

13.1.2.1. Executing Verilog-2005 frontend: /Applications/oss-cad-suite/libexec/../share/yosys/xilinx/lutrams_xc5v_map.v
Parsing Verilog input from `/Applications/oss-cad-suite/libexec/../share/yosys/xilinx/lutrams_xc5v_map.v' to AST representation.
Generating RTLIL representation for module `$__XILINX_LUTRAM_SP_'.
Generating RTLIL representation for module `$__XILINX_LUTRAM_DP_'.
Generating RTLIL representation for module `$__XILINX_LUTRAM_QP_'.
Generating RTLIL representation for module `$__XILINX_LUTRAM_OP_'.
Generating RTLIL representation for module `$__XILINX_LUTRAM_SDP_'.
Generating RTLIL representation for module `$__XILINX_LUTRAM_64X8SW_'.
Generating RTLIL representation for module `$__XILINX_LUTRAM_32X16DR8_'.
Successfully finished Verilog frontend.

13.1.2.2. Continuing TECHMAP pass.
No more expansions possible.
<suppressed ~9 debug messages>

13.1.3. Executing TECHMAP pass (map to technology primitives).

13.1.3.1. Executing Verilog-2005 frontend: /Applications/oss-cad-suite/libexec/../share/yosys/xilinx/brams_xc6v_map.v
Parsing Verilog input from `/Applications/oss-cad-suite/libexec/../share/yosys/xilinx/brams_xc6v_map.v' to AST representation.
Generating RTLIL representation for module `$__XILINX_BLOCKRAM_TDP_'.
Generating RTLIL representation for module `$__XILINX_BLOCKRAM_SDP_'.
Successfully finished Verilog frontend.

13.1.3.2. Continuing TECHMAP pass.
No more expansions possible.
<suppressed ~4 debug messages>

13.1.4. Executing OPT pass (performing simple optimizations).

13.1.4.1. Executing OPT_EXPR pass (perform const folding).
Optimizing module axil_split.
<suppressed ~13 debug messages>

13.1.4.2. Executing OPT_MERGE pass (detect identical cells).
Finding identical cells in module `\axil_split'.
Computing hashes of 118 cells of `\axil_split'.
Finding duplicate cells in `\axil_split'.
Computing hashes of 116 cells of `\axil_split'.
Finding duplicate cells in `\axil_split'.
<suppressed ~6 debug messages>
Removed a total of 2 cells.

13.1.4.3. Executing OPT_DFF pass (perform DFF optimizations).

13.1.4.4. Executing OPT_CLEAN pass (remove unused cells and wires).
Finding unused cells or wires in module \axil_split..
Removed 0 unused cells and 9 unused wires.
<suppressed ~1 debug messages>

13.1.4.5. Finished fast OPT passes.

13.1.5. Executing MEMORY_MAP pass (converting memories to logic and flip-flops).

14. Map to LUTs, carry chains and flip-flops

14.1. Executing SYNTH_XILINX pass.

14.1.1. Executing OPT pass (performing simple optimizations).

14.1.1.1. Executing OPT_EXPR pass (perform const folding).
Optimizing module axil_split.
<suppressed ~4 debug messages>

14.1.1.2. Executing OPT_MERGE pass (detect identical cells).
Finding identical cells in module `\axil_split'.
Computing hashes of 116 cells of `\axil_split'.
Finding duplicate cells in `\axil_split'.
Removed a total of 0 cells.

14.1.1.3. Executing OPT_MUXTREE pass (detect dead branches in mux trees).
Running muxtree optimizer on module \axil_split..
  Creating internal representation of mux trees.
  Evaluating internal representation of mux trees.
  Analyzing evaluation results.
Removed 0 multiplexer ports.
<suppressed ~8 debug messages>

14.1.1.4. Executing OPT_REDUCE pass (consolidate $*mux and $reduce_* inputs).
  Optimizing cells in module \axil_split.
Performed a total of 0 changes.

14.1.1.5. Executing OPT_MERGE pass (detect identical cells).
Finding identical cells in module `\axil_split'.
Computing hashes of 116 cells of `\axil_split'.
Finding duplicate cells in `\axil_split'.
Removed a total of 0 cells.

14.1.1.6. Executing OPT_SHARE pass.

14.1.1.7. Executing OPT_DFF pass (perform DFF optimizations).

14.1.1.8. Executing OPT_CLEAN pass (remove unused cells and wires).
Finding unused cells or wires in module \axil_split..

14.1.1.9. Executing OPT_EXPR pass (perform const folding).
Optimizing module axil_split.

14.1.1.10. Finished fast OPT passes. (There is nothing left to do.)

14.1.2. Executing TECHMAP pass (map to technology primitives).

14.1.2.1. Executing Verilog-2005 frontend: /Applications/oss-cad-suite/libexec/../share/yosys/techmap.v
Parsing Verilog input from `/Applications/oss-cad-suite/libexec/../share/yosys/techmap.v' to AST representation.
Generating RTLIL representation for module `\_90_simplemap_bool_ops'.
Generating RTLIL representation for module `\_90_simplemap_reduce_ops'.
Generating RTLIL representation for module `\_90_simplemap_logic_ops'.
Generating RTLIL representation for module `\_90_simplemap_compare_ops'.
Generating RTLIL representation for module `\_90_simplemap_various'.
Generating RTLIL representation for module `\_90_simplemap_registers'.
Generating RTLIL representation for module `\_90_shift_ops_shr_shl_sshl_sshr'.
Generating RTLIL representation for module `\_90_shift_shiftx'.
Generating RTLIL representation for module `\_90_fa'.
Generating RTLIL representation for module `\_90_lcu_brent_kung'.
Generating RTLIL representation for module `\_90_alu'.
Generating RTLIL representation for module `\_90_macc'.
Generating RTLIL representation for module `\_90_alumacc'.
Generating RTLIL representation for module `$__div_mod_u'.
Generating RTLIL representation for module `$__div_mod_trunc'.
Generating RTLIL representation for module `\_90_div'.
Generating RTLIL representation for module `\_90_mod'.
Generating RTLIL representation for module `$__div_mod_floor'.
Generating RTLIL representation for module `\_90_divfloor'.
Generating RTLIL representation for module `\_90_modfloor'.
Generating RTLIL representation for module `\_90_pow'.
Generating RTLIL representation for module `\_90_demux'.
Generating RTLIL representation for module `\_90_lut'.
Generating RTLIL representation for module `$connect'.
Generating RTLIL representation for module `$input_port'.
Successfully finished Verilog frontend.

14.1.2.2. Executing Verilog-2005 frontend: /Applications/oss-cad-suite/libexec/../share/yosys/xilinx/arith_map.v
Parsing Verilog input from `/Applications/oss-cad-suite/libexec/../share/yosys/xilinx/arith_map.v' to AST representation.
Generating RTLIL representation for module `\_80_xilinx_lcu'.
Generating RTLIL representation for module `\_80_xilinx_alu'.
Successfully finished Verilog frontend.

14.1.2.3. Continuing TECHMAP pass.
Using extmapper simplemap for cells of type $mux.
Using extmapper simplemap for cells of type $adffe.
Using extmapper simplemap for cells of type $reduce_and.
Using extmapper simplemap for cells of type $ne.
Using extmapper simplemap for cells of type $reduce_bool.
Using extmapper simplemap for cells of type $reduce_or.
Using extmapper simplemap for cells of type $and.
Using extmapper simplemap for cells of type $not.
Using extmapper simplemap for cells of type $adff.
Using extmapper simplemap for cells of type $logic_not.
Using extmapper simplemap for cells of type $logic_and.
Using extmapper simplemap for cells of type $logic_or.
Using template $paramod$constmap:10887e013c6ac5a74755f7ac430ded3f147ecbc3$paramod$1e265d9719406ee45a570be27d6567e3eeff81e5\_90_shift_shiftx for cells of type $shiftx.
No more expansions possible.
<suppressed ~309 debug messages>

14.1.3. Executing OPT pass (performing simple optimizations).

14.1.3.1. Executing OPT_EXPR pass (perform const folding).
Optimizing module axil_split.
<suppressed ~14 debug messages>

14.1.3.2. Executing OPT_MERGE pass (detect identical cells).
Finding identical cells in module `\axil_split'.
Computing hashes of 268 cells of `\axil_split'.
Finding duplicate cells in `\axil_split'.
Computing hashes of 259 cells of `\axil_split'.
Finding duplicate cells in `\axil_split'.
<suppressed ~27 debug messages>
Removed a total of 9 cells.

14.1.3.3. Executing OPT_DFF pass (perform DFF optimizations).

14.1.3.4. Executing OPT_CLEAN pass (remove unused cells and wires).
Finding unused cells or wires in module \axil_split..
Removed 7 unused cells and 87 unused wires.
<suppressed ~8 debug messages>

14.1.3.5. Finished fast OPT passes.

14.1.4. Executing TECHMAP pass (map to technology primitives).

14.1.4.1. Executing Verilog-2005 frontend: /Applications/oss-cad-suite/libexec/../share/yosys/techmap.v
Parsing Verilog input from `/Applications/oss-cad-suite/libexec/../share/yosys/techmap.v' to AST representation.
Generating RTLIL representation for module `\_90_simplemap_bool_ops'.
Generating RTLIL representation for module `\_90_simplemap_reduce_ops'.
Generating RTLIL representation for module `\_90_simplemap_logic_ops'.
Generating RTLIL representation for module `\_90_simplemap_compare_ops'.
Generating RTLIL representation for module `\_90_simplemap_various'.
Generating RTLIL representation for module `\_90_simplemap_registers'.
Generating RTLIL representation for module `\_90_shift_ops_shr_shl_sshl_sshr'.
Generating RTLIL representation for module `\_90_shift_shiftx'.
Generating RTLIL representation for module `\_90_fa'.
Generating RTLIL representation for module `\_90_lcu_brent_kung'.
Generating RTLIL representation for module `\_90_alu'.
Generating RTLIL representation for module `\_90_macc'.
Generating RTLIL representation for module `\_90_alumacc'.
Generating RTLIL representation for module `$__div_mod_u'.
Generating RTLIL representation for module `$__div_mod_trunc'.
Generating RTLIL representation for module `\_90_div'.
Generating RTLIL representation for module `\_90_mod'.
Generating RTLIL representation for module `$__div_mod_floor'.
Generating RTLIL representation for module `\_90_divfloor'.
Generating RTLIL representation for module `\_90_modfloor'.
Generating RTLIL representation for module `\_90_pow'.
Generating RTLIL representation for module `\_90_demux'.
Generating RTLIL representation for module `\_90_lut'.
Generating RTLIL representation for module `$connect'.
Generating RTLIL representation for module `$input_port'.
Successfully finished Verilog frontend.

14.1.4.2. Executing Verilog-2005 frontend: /Applications/oss-cad-suite/libexec/../share/yosys/xilinx/cells_map.v
Parsing Verilog input from `/Applications/oss-cad-suite/libexec/../share/yosys/xilinx/cells_map.v' to AST representation.
Generating RTLIL representation for module `$__SHREG_'.
Generating RTLIL representation for module `$__XILINX_SHREG_'.
Generating RTLIL representation for module `$__XILINX_MUXF78'.
Successfully finished Verilog frontend.

14.1.4.3. Continuing TECHMAP pass.
No more expansions possible.
<suppressed ~80 debug messages>

14.1.5. Executing DFFLEGALIZE pass (convert FFs and LATCHes to types supported by the target).

14.1.6. Executing TECHMAP pass (map to technology primitives).

14.1.6.1. Executing Verilog-2005 frontend: /Applications/oss-cad-suite/libexec/../share/yosys/xilinx/ff_map.v
Parsing Verilog input from `/Applications/oss-cad-suite/libexec/../share/yosys/xilinx/ff_map.v' to AST representation.
Generating RTLIL representation for module `$_DFFE_NP0P_'.
Generating RTLIL representation for module `$_DFFE_PP0P_'.
Generating RTLIL representation for module `$_DFFE_NP1P_'.
Generating RTLIL representation for module `$_DFFE_PP1P_'.
Generating RTLIL representation for module `$_DFFSRE_NPPP_'.
Generating RTLIL representation for module `$_DFFSRE_PPPP_'.
Generating RTLIL representation for module `$_SDFFE_NP0P_'.
Generating RTLIL representation for module `$_SDFFE_PP0P_'.
Generating RTLIL representation for module `$_SDFFE_NP1P_'.
Generating RTLIL representation for module `$_SDFFE_PP1P_'.
Generating RTLIL representation for module `$_DLATCH_NP0_'.
Generating RTLIL representation for module `$_DLATCH_PP0_'.
Generating RTLIL representation for module `$_DLATCH_NP1_'.
Generating RTLIL representation for module `$_DLATCH_PP1_'.
Generating RTLIL representation for module `$_DLATCH_NPP_'.
Generating RTLIL representation for module `$_DLATCH_PPP_'.
Successfully finished Verilog frontend.

14.1.6.2. Continuing TECHMAP pass.
Using template $paramod$_DFFE_PP0P_\_TECHMAP_WIREINIT_Q_=1'x for cells of type $_DFFE_PP0P_.
Using template $paramod$_DFFE_PP1P_\_TECHMAP_WIREINIT_Q_=1'x for cells of type $_DFFE_PP1P_.
No more expansions possible.
<suppressed ~153 debug messages>

14.1.7. Executing OPT_EXPR pass (perform const folding).
Optimizing module axil_split.

14.1.8. Executing Verilog-2005 frontend: /Applications/oss-cad-suite/libexec/../share/yosys/xilinx/abc9_model.v
Parsing Verilog input from `/Applications/oss-cad-suite/libexec/../share/yosys/xilinx/abc9_model.v' to AST representation.
Generating RTLIL representation for module `$__XILINX_MUXF78'.
Successfully finished Verilog frontend.

14.1.9. Executing ABC9 pass.

14.1.9.1. Executing ABC9_OPS pass (helper functions for ABC9).

14.1.9.2. Executing ABC9_OPS pass (helper functions for ABC9).

14.1.9.3. Executing PROC pass (convert processes to netlists).

14.1.9.3.1. Executing PROC_CLEAN pass (remove empty switches from decision trees).
Cleaned up 0 empty switches.

14.1.9.3.2. Executing PROC_RMDEAD pass (remove dead branches from decision trees).
Marked 1 switch rules as full_case in process $proc$/Applications/oss-cad-suite/libexec/../share/yosys/xilinx/cells_sim.v:695$2811 in module $paramod\FDCE\INIT=1'x.
Removed a total of 0 dead cases.

14.1.9.3.3. Executing PROC_PRUNE pass (remove redundant assignments in processes).
Removed 0 redundant assignments.
Promoted 1 assignment to connection.

14.1.9.3.4. Executing PROC_INIT pass (extract init attributes).
Found init rule in `$paramod\FDCE\INIT=1'x.$proc$/Applications/oss-cad-suite/libexec/../share/yosys/xilinx/cells_sim.v:692$2813'.
  Set init value: \Q = 1'x

14.1.9.3.5. Executing PROC_ARST pass (detect async resets in processes).
Found async reset \CLR in `$paramod\FDCE\INIT=1'x.$proc$/Applications/oss-cad-suite/libexec/../share/yosys/xilinx/cells_sim.v:695$2811'.

14.1.9.3.6. Executing PROC_ROM pass (convert switches to ROMs).
Converted 0 switches.
<suppressed ~1 debug messages>

14.1.9.3.7. Executing PROC_MUX pass (convert decision trees to multiplexers).
Creating decoders for process `$paramod\FDCE\INIT=1'x.$proc$/Applications/oss-cad-suite/libexec/../share/yosys/xilinx/cells_sim.v:692$2813'.
Creating decoders for process `$paramod\FDCE\INIT=1'x.$proc$/Applications/oss-cad-suite/libexec/../share/yosys/xilinx/cells_sim.v:695$2811'.
     1/1: $0\Q[0:0]

14.1.9.3.8. Executing PROC_DLATCH pass (convert process syncs to latches).

14.1.9.3.9. Executing PROC_DFF pass (convert process syncs to FFs).
Creating register for signal `$paramod\FDCE\INIT=1'x.\Q' using process `$paramod\FDCE\INIT=1'x.$proc$/Applications/oss-cad-suite/libexec/../share/yosys/xilinx/cells_sim.v:695$2811'.
  created $adff cell `$procdff$2818' with positive edge clock and positive level reset.

14.1.9.3.10. Executing PROC_MEMWR pass (convert process memory writes to cells).

14.1.9.3.11. Executing PROC_CLEAN pass (remove empty switches from decision trees).
Removing empty process `$paramod\FDCE\INIT=1'x.$proc$/Applications/oss-cad-suite/libexec/../share/yosys/xilinx/cells_sim.v:692$2813'.
Found and cleaned up 1 empty switch in `$paramod\FDCE\INIT=1'x.$proc$/Applications/oss-cad-suite/libexec/../share/yosys/xilinx/cells_sim.v:695$2811'.
Removing empty process `$paramod\FDCE\INIT=1'x.$proc$/Applications/oss-cad-suite/libexec/../share/yosys/xilinx/cells_sim.v:695$2811'.
Cleaned up 1 empty switch.

14.1.9.4. Executing PROC pass (convert processes to netlists).

14.1.9.4.1. Executing PROC_CLEAN pass (remove empty switches from decision trees).
Cleaned up 0 empty switches.

14.1.9.4.2. Executing PROC_RMDEAD pass (remove dead branches from decision trees).
Marked 1 switch rules as full_case in process $proc$/Applications/oss-cad-suite/libexec/../share/yosys/xilinx/cells_sim.v:774$2830 in module $paramod\FDPE\INIT=1'x.
Removed a total of 0 dead cases.

14.1.9.4.3. Executing PROC_PRUNE pass (remove redundant assignments in processes).
Removed 0 redundant assignments.
Promoted 1 assignment to connection.

14.1.9.4.4. Executing PROC_INIT pass (extract init attributes).
Found init rule in `$paramod\FDPE\INIT=1'x.$proc$/Applications/oss-cad-suite/libexec/../share/yosys/xilinx/cells_sim.v:772$2832'.
  Set init value: \Q = 1'x

14.1.9.4.5. Executing PROC_ARST pass (detect async resets in processes).
Found async reset \PRE in `$paramod\FDPE\INIT=1'x.$proc$/Applications/oss-cad-suite/libexec/../share/yosys/xilinx/cells_sim.v:774$2830'.

14.1.9.4.6. Executing PROC_ROM pass (convert switches to ROMs).
Converted 0 switches.
<suppressed ~1 debug messages>

14.1.9.4.7. Executing PROC_MUX pass (convert decision trees to multiplexers).
Creating decoders for process `$paramod\FDPE\INIT=1'x.$proc$/Applications/oss-cad-suite/libexec/../share/yosys/xilinx/cells_sim.v:772$2832'.
Creating decoders for process `$paramod\FDPE\INIT=1'x.$proc$/Applications/oss-cad-suite/libexec/../share/yosys/xilinx/cells_sim.v:774$2830'.
     1/1: $0\Q[0:0]

14.1.9.4.8. Executing PROC_DLATCH pass (convert process syncs to latches).

14.1.9.4.9. Executing PROC_DFF pass (convert process syncs to FFs).
Creating register for signal `$paramod\FDPE\INIT=1'x.\Q' using process `$paramod\FDPE\INIT=1'x.$proc$/Applications/oss-cad-suite/libexec/../share/yosys/xilinx/cells_sim.v:774$2830'.
  created $adff cell `$procdff$2837' with positive edge clock and positive level reset.

14.1.9.4.10. Executing PROC_MEMWR pass (convert process memory writes to cells).

14.1.9.4.11. Executing PROC_CLEAN pass (remove empty switches from decision trees).
Removing empty process `$paramod\FDPE\INIT=1'x.$proc$/Applications/oss-cad-suite/libexec/../share/yosys/xilinx/cells_sim.v:772$2832'.
Found and cleaned up 1 empty switch in `$paramod\FDPE\INIT=1'x.$proc$/Applications/oss-cad-suite/libexec/../share/yosys/xilinx/cells_sim.v:774$2830'.
Removing empty process `$paramod\FDPE\INIT=1'x.$proc$/Applications/oss-cad-suite/libexec/../share/yosys/xilinx/cells_sim.v:774$2830'.
Cleaned up 1 empty switch.

14.1.9.5. Executing SCC pass (detecting logic loops).
Found 0 SCCs in module axil_split.
Found 0 SCCs.

14.1.9.6. Executing ABC9_OPS pass (helper functions for ABC9).

14.1.9.7. Executing TECHMAP pass (map to technology primitives).

14.1.9.7.1. Executing Verilog-2005 frontend: /Applications/oss-cad-suite/libexec/../share/yosys/techmap.v
Parsing Verilog input from `/Applications/oss-cad-suite/libexec/../share/yosys/techmap.v' to AST representation.
Generating RTLIL representation for module `\_90_simplemap_bool_ops'.
Generating RTLIL representation for module `\_90_simplemap_reduce_ops'.
Generating RTLIL representation for module `\_90_simplemap_logic_ops'.
Generating RTLIL representation for module `\_90_simplemap_compare_ops'.
Generating RTLIL representation for module `\_90_simplemap_various'.
Generating RTLIL representation for module `\_90_simplemap_registers'.
Generating RTLIL representation for module `\_90_shift_ops_shr_shl_sshl_sshr'.
Generating RTLIL representation for module `\_90_shift_shiftx'.
Generating RTLIL representation for module `\_90_fa'.
Generating RTLIL representation for module `\_90_lcu_brent_kung'.
Generating RTLIL representation for module `\_90_alu'.
Generating RTLIL representation for module `\_90_macc'.
Generating RTLIL representation for module `\_90_alumacc'.
Generating RTLIL representation for module `$__div_mod_u'.
Generating RTLIL representation for module `$__div_mod_trunc'.
Generating RTLIL representation for module `\_90_div'.
Generating RTLIL representation for module `\_90_mod'.
Generating RTLIL representation for module `$__div_mod_floor'.
Generating RTLIL representation for module `\_90_divfloor'.
Generating RTLIL representation for module `\_90_modfloor'.
Generating RTLIL representation for module `\_90_pow'.
Generating RTLIL representation for module `\_90_demux'.
Generating RTLIL representation for module `\_90_lut'.
Generating RTLIL representation for module `$connect'.
Generating RTLIL representation for module `$input_port'.
Successfully finished Verilog frontend.

14.1.9.7.2. Continuing TECHMAP pass.
No more expansions possible.
<suppressed ~510 debug messages>

14.1.9.8. Executing OPT pass (performing simple optimizations).

14.1.9.8.1. Executing OPT_EXPR pass (perform const folding).
Optimizing module $paramod\FDCE\INIT=1'x.
Optimizing module $paramod\FDPE\INIT=1'x.

14.1.9.8.2. Executing OPT_MERGE pass (detect identical cells).
Finding identical cells in module `$paramod\FDCE\INIT=1'x'.
Computing hashes of 2 cells of `$paramod\FDCE\INIT=1'x'.
Finding duplicate cells in `$paramod\FDCE\INIT=1'x'.
Finding identical cells in module `$paramod\FDPE\INIT=1'x'.
Computing hashes of 2 cells of `$paramod\FDPE\INIT=1'x'.
Finding duplicate cells in `$paramod\FDPE\INIT=1'x'.
Removed a total of 0 cells.

14.1.9.8.3. Executing OPT_MUXTREE pass (detect dead branches in mux trees).
Running muxtree optimizer on module $paramod\FDCE\INIT=1'x..
  Creating internal representation of mux trees.
  No muxes found in this module.
Running muxtree optimizer on module $paramod\FDPE\INIT=1'x..
  Creating internal representation of mux trees.
  No muxes found in this module.
Removed 0 multiplexer ports.

14.1.9.8.4. Executing OPT_REDUCE pass (consolidate $*mux and $reduce_* inputs).
  Optimizing cells in module $paramod\FDCE\INIT=1'x.
  Optimizing cells in module $paramod\FDPE\INIT=1'x.
Performed a total of 0 changes.

14.1.9.8.5. Executing OPT_MERGE pass (detect identical cells).
Finding identical cells in module `$paramod\FDCE\INIT=1'x'.
Computing hashes of 2 cells of `$paramod\FDCE\INIT=1'x'.
Finding duplicate cells in `$paramod\FDCE\INIT=1'x'.
Finding identical cells in module `$paramod\FDPE\INIT=1'x'.
Computing hashes of 2 cells of `$paramod\FDPE\INIT=1'x'.
Finding duplicate cells in `$paramod\FDPE\INIT=1'x'.
Removed a total of 0 cells.

14.1.9.8.6. Executing OPT_DFF pass (perform DFF optimizations).

14.1.9.8.7. Executing OPT_CLEAN pass (remove unused cells and wires).
Finding unused cells or wires in module $paramod\FDCE\INIT=1'x..
Finding unused cells or wires in module $paramod\FDPE\INIT=1'x..

14.1.9.8.8. Executing OPT_EXPR pass (perform const folding).
Optimizing module $paramod\FDCE\INIT=1'x.
Optimizing module $paramod\FDPE\INIT=1'x.

14.1.9.8.9. Finished fast OPT passes. (There is nothing left to do.)

14.1.9.9. Executing TECHMAP pass (map to technology primitives).

14.1.9.9.1. Executing Verilog-2005 frontend: /Applications/oss-cad-suite/libexec/../share/yosys/abc9_map.v
Parsing Verilog input from `/Applications/oss-cad-suite/libexec/../share/yosys/abc9_map.v' to AST representation.
Successfully finished Verilog frontend.

14.1.9.9.2. Continuing TECHMAP pass.
Using template $paramod\FDCE\INIT=1'x for cells of type $paramod\FDCE\INIT=1'x.
Using template $paramod\FDPE\INIT=1'x for cells of type $paramod\FDPE\INIT=1'x.
No more expansions possible.
<suppressed ~121 debug messages>

14.1.9.10. Executing Verilog-2005 frontend: /Applications/oss-cad-suite/libexec/../share/yosys/abc9_model.v
Parsing Verilog input from `/Applications/oss-cad-suite/libexec/../share/yosys/abc9_model.v' to AST representation.
Generating RTLIL representation for module `$__ABC9_DELAY'.
Generating RTLIL representation for module `$__ABC9_SCC_BREAKER'.
Generating RTLIL representation for module `$__DFF_N__$abc9_flop'.
Generating RTLIL representation for module `$__DFF_P__$abc9_flop'.
Successfully finished Verilog frontend.

14.1.9.11. Executing ABC9_OPS pass (helper functions for ABC9).
<suppressed ~2 debug messages>

14.1.9.12. Executing ABC9_OPS pass (helper functions for ABC9).

14.1.9.13. Executing ABC9_OPS pass (helper functions for ABC9).
<suppressed ~2 debug messages>

14.1.9.14. Executing TECHMAP pass (map to technology primitives).

14.1.9.14.1. Executing Verilog-2005 frontend: /Applications/oss-cad-suite/libexec/../share/yosys/techmap.v
Parsing Verilog input from `/Applications/oss-cad-suite/libexec/../share/yosys/techmap.v' to AST representation.
Generating RTLIL representation for module `\_90_simplemap_bool_ops'.
Generating RTLIL representation for module `\_90_simplemap_reduce_ops'.
Generating RTLIL representation for module `\_90_simplemap_logic_ops'.
Generating RTLIL representation for module `\_90_simplemap_compare_ops'.
Generating RTLIL representation for module `\_90_simplemap_various'.
Generating RTLIL representation for module `\_90_simplemap_registers'.
Generating RTLIL representation for module `\_90_shift_ops_shr_shl_sshl_sshr'.
Generating RTLIL representation for module `\_90_shift_shiftx'.
Generating RTLIL representation for module `\_90_fa'.
Generating RTLIL representation for module `\_90_lcu_brent_kung'.
Generating RTLIL representation for module `\_90_alu'.
Generating RTLIL representation for module `\_90_macc'.
Generating RTLIL representation for module `\_90_alumacc'.
Generating RTLIL representation for module `$__div_mod_u'.
Generating RTLIL representation for module `$__div_mod_trunc'.
Generating RTLIL representation for module `\_90_div'.
Generating RTLIL representation for module `\_90_mod'.
Generating RTLIL representation for module `$__div_mod_floor'.
Generating RTLIL representation for module `\_90_divfloor'.
Generating RTLIL representation for module `\_90_modfloor'.
Generating RTLIL representation for module `\_90_pow'.
Generating RTLIL representation for module `\_90_demux'.
Generating RTLIL representation for module `\_90_lut'.
Generating RTLIL representation for module `$connect'.
Generating RTLIL representation for module `$input_port'.
Successfully finished Verilog frontend.

14.1.9.14.2. Continuing TECHMAP pass.
No more expansions possible.
<suppressed ~514 debug messages>

14.1.9.15. Executing OPT pass (performing simple optimizations).

14.1.9.15.1. Executing OPT_EXPR pass (perform const folding).
Optimizing module axil_split.

14.1.9.15.2. Executing OPT_MERGE pass (detect identical cells).
Finding identical cells in module `\axil_split'.
Computing hashes of 0 cells of `\axil_split'.
Finding duplicate cells in `\axil_split'.
Removed a total of 0 cells.

14.1.9.15.3. Executing OPT_MUXTREE pass (detect dead branches in mux trees).
Running muxtree optimizer on module \axil_split..
  Creating internal representation of mux trees.
  No muxes found in this module.
Removed 0 multiplexer ports.

14.1.9.15.4. Executing OPT_REDUCE pass (consolidate $*mux and $reduce_* inputs).
  Optimizing cells in module \axil_split.
Performed a total of 0 changes.

14.1.9.15.5. Executing OPT_MERGE pass (detect identical cells).
Finding identical cells in module `\axil_split'.
Computing hashes of 0 cells of `\axil_split'.
Finding duplicate cells in `\axil_split'.
Removed a total of 0 cells.

14.1.9.15.6. Executing OPT_DFF pass (perform DFF optimizations).

14.1.9.15.7. Executing OPT_CLEAN pass (remove unused cells and wires).
Finding unused cells or wires in module \axil_split..

14.1.9.15.8. Executing OPT_EXPR pass (perform const folding).
Optimizing module axil_split.

14.1.9.15.9. Finished fast OPT passes. (There is nothing left to do.)

14.1.9.16. Executing AIGMAP pass (map logic to AIG).
Module axil_split: replaced 67 cells with 400 new cells, skipped 419 cells.
  replaced 2 cell types:
      44 $_MUX_
      23 $_OR_
  not replaced 6 cell types:
      49 $_AND_
     136 $_NOT_
     115 $paramod\FDCE\INIT=1'x
       2 $paramod\FDPE\INIT=1'x
     115 $paramod\FDCE\INIT=1'x_$abc9_byp
       2 $paramod\FDPE\INIT=1'x_$abc9_byp

14.1.9.16.1. Executing ABC9_OPS pass (helper functions for ABC9).

14.1.9.16.2. Executing ABC9_OPS pass (helper functions for ABC9).
Warning: Feature 'write_xaiger2' is experimental.

14.1.9.16.3. Executing XAIGER2 backend.
<suppressed ~478 debug messages>
Extracted 594 AND gates and 0 wires from module `axil_split' to a netlist network with 389 inputs and 877 outputs.

14.1.9.16.4. Executing ABC9_EXE pass (technology mapping using ABC9).

14.1.9.16.5. Executing ABC9.
Running ABC command: "<yosys-exe-dir>/yosys-abc" -s -f <abc-temp-dir>/abc.script 2>&1
ABC: ======== ABC command line "source <abc-temp-dir>/abc.script"
ABC: + read_lut <abc-temp-dir>/input.lut 
ABC: + read_box <abc-temp-dir>/input.box 
ABC: + &read <abc-temp-dir>/input.xaig 
ABC: + &ps 
ABC: <abc-temp-dir>/input : i/o =    272/    643  and =     199  lev =    9 (0.52)  mem = 0.02 MB  box = 117  bb = 117
ABC: + &scorr 
ABC: Warning: The network is combinational.
ABC: + &sweep 
ABC: + &dc2 
ABC: + &dch -f -r 
ABC: + &ps 
ABC: <abc-temp-dir>/input : i/o =    272/    643  and =     316  lev =    7 (0.45)  mem = 0.02 MB  ch =   44  box = 117  bb = 117
ABC: cst =       0  cls =     44  lit =      44  unused =     617  proof =     0
ABC: + &if -W 300 -v 
ABC: K = 8. Memory (bytes): Truth =    0. Cut =   80. Obj =  160. Set =  816. CutMin = no
ABC: Node =     316.  Ch =    44.  Total mem =    0.27 MB. Peak cut mem =    0.02 MB.
ABC: P:  Del = 2236.00.  Ar =     256.0.  Edge =      270.  Cut =     1230.  T =     0.00 sec
ABC: P:  Del = 2236.00.  Ar =     248.0.  Edge =      262.  Cut =     1225.  T =     0.00 sec
ABC: P:  Del = 2178.00.  Ar =     221.0.  Edge =      247.  Cut =     1255.  T =     0.00 sec
ABC: F:  Del = 2178.00.  Ar =     213.0.  Edge =      239.  Cut =      993.  T =     0.00 sec
ABC: A:  Del = 2178.00.  Ar =     213.0.  Edge =      237.  Cut =      993.  T =     0.00 sec
ABC: A:  Del = 2178.00.  Ar =     213.0.  Edge =      237.  Cut =      993.  T =     0.00 sec
ABC: Total time =     0.00 sec
ABC: + &write -n <abc-temp-dir>/output.aig 
ABC: + &mfs 
ABC: + &ps -l 
ABC: <abc-temp-dir>/input : i/o =    272/    643  and =     206  lev =    7 (0.44)  mem = 0.02 MB  box = 117  bb = 117
ABC: Mapping (K=5)  :  lut =     76  edge =     231  lev =    3 (0.27)  levB =    4  mem = 0.01 MB
ABC: LUT = 76 : 2=18 23.7 %  3=42 55.3 %  4=11 14.5 %  5=5 6.6 %  Ave = 3.04
ABC: + &write -n <abc-temp-dir>/output.aig 
ABC: + &verify 
ABC: Networks are equivalent.  Time =     0.02 sec
ABC: + time 
ABC: elapse: 0.04 seconds, total: 0.04 seconds

14.1.9.16.6. Executing AIGER frontend.
<suppressed ~10 debug messages>
Removed 363 unused cells and 1164 unused wires.

14.1.9.16.7. Executing ABC_OPS_REINTEGRATE pass (reintegrate ABC mapped design into module).
ABC RESULTS:              $lut cells:       79
ABC RESULTS:   $paramod\FDCE\INIT=1'x_$abc9_byp cells:      115
ABC RESULTS:   $paramod\FDPE\INIT=1'x_$abc9_byp cells:        2
ABC RESULTS:           input signals:      136
ABC RESULTS:          output signals:       17
<suppressed ~1830 debug messages>
Removing temp directory.

14.1.9.17. Executing TECHMAP pass (map to technology primitives).

14.1.9.17.1. Executing Verilog-2005 frontend: /Applications/oss-cad-suite/libexec/../share/yosys/abc9_unmap.v
Parsing Verilog input from `/Applications/oss-cad-suite/libexec/../share/yosys/abc9_unmap.v' to AST representation.
Generating RTLIL representation for module `$__DFF_x__$abc9_flop'.
Generating RTLIL representation for module `$__ABC9_SCC_BREAKER'.
Successfully finished Verilog frontend.

14.1.9.17.2. Continuing TECHMAP pass.
Using template $paramod\FDCE\INIT=1'x for cells of type $paramod\FDCE\INIT=1'x.
Using template $paramod\FDPE\INIT=1'x for cells of type $paramod\FDPE\INIT=1'x.
Using template $paramod\FDCE\INIT=1'x_$abc9_byp for cells of type $paramod\FDCE\INIT=1'x_$abc9_byp.
Using template $paramod\FDPE\INIT=1'x_$abc9_byp for cells of type $paramod\FDPE\INIT=1'x_$abc9_byp.
No more expansions possible.
<suppressed ~243 debug messages>
Removed 9 unused cells and 2406 unused wires.

14.1.10. Executing TECHMAP pass (map to technology primitives).

14.1.10.1. Executing Verilog-2005 frontend: /Applications/oss-cad-suite/libexec/../share/yosys/xilinx/lut_map.v
Parsing Verilog input from `/Applications/oss-cad-suite/libexec/../share/yosys/xilinx/lut_map.v' to AST representation.
Generating RTLIL representation for module `$lut'.
Successfully finished Verilog frontend.

14.1.10.2. Executing Verilog-2005 frontend: /Applications/oss-cad-suite/libexec/../share/yosys/xilinx/cells_map.v
Parsing Verilog input from `/Applications/oss-cad-suite/libexec/../share/yosys/xilinx/cells_map.v' to AST representation.
Generating RTLIL representation for module `$__SHREG_'.
Generating RTLIL representation for module `$__XILINX_SHREG_'.
Generating RTLIL representation for module `$__XILINX_MUXF78'.
Successfully finished Verilog frontend.

14.1.10.3. Continuing TECHMAP pass.
Using template $paramod$fdcae86fcfd036c1880a04306ae771a9d7579c31$lut for cells of type $lut.
Using template $paramod$lut\WIDTH=32'00000000000000000000000000000011\LUT=8'11110100 for cells of type $lut.
Using template $paramod$41b30fd124a61a8170351de105570414938002f4$lut for cells of type $lut.
Using template $paramod$b2192df6f90569fea4015d0a6658bdc192199f95$lut for cells of type $lut.
Using template $paramod$71fcb8287cf676cf4560829bd598b343363bdaab$lut for cells of type $lut.
Using template $paramod$lut\WIDTH=32'00000000000000000000000000000010\LUT=4'1000 for cells of type $lut.
Using template $paramod$094f7724dc07238b6778d7f419a8dc6c98f6a917$lut for cells of type $lut.
Using template $paramod$ea9f0804ffa1047d479d3e00429394419ff5856b$lut for cells of type $lut.
Using template $paramod$09c1b539b48d61a25fea5b57e3caf6cb652b99fe$lut for cells of type $lut.
Using template $paramod$703a13a751e631ef123f38f7d2125aeabec0f94c$lut for cells of type $lut.
Using template $paramod$555682f6d7afbc6b26a8a5287a23dd436b742293$lut for cells of type $lut.
Using template $paramod$lut\WIDTH=32'00000000000000000000000000000011\LUT=8'10111010 for cells of type $lut.
Using template $paramod$ef7936b3a69f41d4781970875205ddd3ddf2e2ed$lut for cells of type $lut.
Using template $paramod$lut\WIDTH=32'00000000000000000000000000000011\LUT=8'11111000 for cells of type $lut.
Using template $paramod$lut\WIDTH=32'00000000000000000000000000000001\LUT=2'01 for cells of type $lut.
Using template $paramod$lut\WIDTH=32'00000000000000000000000000000010\LUT=4'0100 for cells of type $lut.
Using template $paramod$4976b5f7a7b9f6e596e742c7d9dd919d8c62448f$lut for cells of type $lut.
Using template $paramod$lut\WIDTH=32'00000000000000000000000000000011\LUT=8'11100010 for cells of type $lut.
Using template $paramod$lut\WIDTH=32'00000000000000000000000000000011\LUT=8'10101100 for cells of type $lut.
Using template $paramod$lut\WIDTH=32'00000000000000000000000000000010\LUT=4'0010 for cells of type $lut.
Using template $paramod$6fb8d282a731dfc7bd070a37bab1506cd4d29a18$lut for cells of type $lut.
No more expansions possible.
<suppressed ~316 debug messages>

14.1.11. Executing XILINX_DFFOPT pass (optimize FF control signal usage).
Optimizing FFs in axil_split.
  Merging D + CE LUTs for $auto$ff.cc:337:slice$2107/s_rvalid (1 -> 5)
  Merging D + CE LUTs for $auto$ff.cc:337:slice$2143/$abc$24537$aiger$i306 (2 -> 5)

14.1.12. Executing OPT_LUT_INS pass (discard unused LUT inputs).
Optimizing LUTs in axil_split.
Removed 3 unused cells and 166 unused wires.

15. Final checks

15.1. Executing SYNTH_XILINX pass.

15.1.1. Executing HIERARCHY pass (managing design hierarchy).
Attribute `top' found on module `axil_split'. Setting top module to axil_split.

15.1.1.1. Analyzing design hierarchy..
Top module:  \axil_split

15.1.1.2. Analyzing design hierarchy..
Top module:  \axil_split
Removed 0 unused modules.

15.1.2. Printing statistics.

=== axil_split ===

        +----------Local Count, excluding submodules.
        | 
      109 wires
      457 wire bits
       36 public wires
      338 public wire bits
       36 ports
      338 port bits
       78 cells
        2   INV
       17   LUT2
       42   LUT3
       10   LUT4
        7   LUT5
      117 submodules
      115   FDCE
        2   FDPE

   Estimated number of LCs:         59

=== design hierarchy ===

        +----------Count including submodules.
        | 
       78 axil_split

        +----------Count including submodules.
        | 
      109 wires
      457 wire bits
       36 public wires
      338 public wire bits
       36 ports
      338 port bits
        - memories
        - memory bits
        - processes
       78 cells
        2   INV
       17   LUT2
       42   LUT3
       10   LUT4
        7   LUT5
      117 submodules
      115   FDCE
        2   FDPE

   Estimated number of LCs:         59

15.1.3. Executing CHECK pass (checking for obvious problems).
Checking module axil_split...
Found and reported 0 problems.

16. Reports
18. Executing Verilog backend.

18.1. Executing BMUXMAP pass.

18.2. Executing DEMUXMAP pass.
Dumping module `\axil_split'.

19. Executing EDIF backend.

20. Timing estimate (cell delays only)

21. Executing FLATTEN pass (flatten design).

Warnings: 16 unique messages, 16 total
Warnings: 1 experimental features used (not excluded with -x).
End of script. Logfile hash: 5252462aaf, time: 6.42s, user: 6.12s, system: 0.20s, MEM: 137.29 MB peak
Yosys 0.69+154 (git sha1 30d62572e-dirty, Release, Clang /usr/local/osxcross/target/bin/x86_64-apple-darwin25.5-clang++ 21.1.8)
Time spent: 72% 27x read_verilog (4 sec), 6% 13x design (0 sec), ...
