
 /----------------------------------------------------------------------------\
 |  yosys -- Yosys Open SYnthesis Suite                                       |
 |  Copyright (C) 2012 - 2026  Claire Xenia Wolf <claire@yosyshq.com>         |
 |  Distributed under an ISC-like license, type "license" to see terms        |
 \----------------------------------------------------------------------------/
 Yosys 0.69+154 (git sha1 30d62572e-dirty, Release, Clang /usr/local/osxcross/target/bin/x86_64-apple-darwin25.5-clang++ 21.1.8)
[TCL: yosys -import] Command name collision: found pre-existing command `cd' -> skip.
[TCL: yosys -import] Command name collision: found pre-existing command `eval' -> skip.
[TCL: yosys -import] Command name collision: found pre-existing command `exec' -> skip.
[TCL: yosys -import] Command name collision: found pre-existing command `read' -> skip.
[TCL: yosys -import] Command name collision: found pre-existing command `trace' -> skip.

1. Read sources

2. Executing Verilog-2005 frontend: /Applications/oss-cad-suite/libexec/../share/yosys/xilinx/cells_sim.v
Parsing Verilog input from `/Applications/oss-cad-suite/libexec/../share/yosys/xilinx/cells_sim.v' to AST representation.
Generating RTLIL representation for module `\VCC'.
Generating RTLIL representation for module `\GND'.
Generating RTLIL representation for module `\IBUF'.
Generating RTLIL representation for module `\IBUFG'.
Generating RTLIL representation for module `\OBUF'.
Generating RTLIL representation for module `\IOBUF'.
Generating RTLIL representation for module `\OBUFT'.
Generating RTLIL representation for module `\BUFG'.
Generating RTLIL representation for module `\BUFGCTRL'.
Generating RTLIL representation for module `\BUFHCE'.
Generating RTLIL representation for module `\INV'.
Generating RTLIL representation for module `\LUT1'.
Generating RTLIL representation for module `\LUT2'.
Generating RTLIL representation for module `\LUT3'.
Generating RTLIL representation for module `\LUT4'.
Generating RTLIL representation for module `\LUT5'.
Generating RTLIL representation for module `\LUT6'.
Generating RTLIL representation for module `\LUT6_2'.
Generating RTLIL representation for module `\$__ABC9_LUT7'.
Generating RTLIL representation for module `\$__ABC9_LUT8'.
Generating RTLIL representation for module `\MUXCY'.
Generating RTLIL representation for module `\MUXF5'.
Generating RTLIL representation for module `\MUXF6'.
Generating RTLIL representation for module `\MUXF7'.
Generating RTLIL representation for module `\MUXF8'.
Generating RTLIL representation for module `\MUXF9'.
Generating RTLIL representation for module `\XORCY'.
Generating RTLIL representation for module `\CARRY4'.
Generating RTLIL representation for module `\CARRY8'.
Generating RTLIL representation for module `\ORCY'.
Generating RTLIL representation for module `\MULT_AND'.
Generating RTLIL representation for module `\FDRE'.
Generating RTLIL representation for module `\FDRE_1'.
Generating RTLIL representation for module `\FDSE'.
Generating RTLIL representation for module `\FDSE_1'.
Generating RTLIL representation for module `\FDRSE'.
Generating RTLIL representation for module `\FDRSE_1'.
Generating RTLIL representation for module `\FDCE'.
Generating RTLIL representation for module `\FDCE_1'.
Generating RTLIL representation for module `\FDPE'.
Generating RTLIL representation for module `\FDPE_1'.
Generating RTLIL representation for module `\FDCPE'.
Generating RTLIL representation for module `\FDCPE_1'.
Generating RTLIL representation for module `\LDCE'.
Generating RTLIL representation for module `\LDPE'.
Generating RTLIL representation for module `\LDCPE'.
Generating RTLIL representation for module `\AND2B1L'.
Generating RTLIL representation for module `\OR2L'.
Generating RTLIL representation for module `\RAM16X1S'.
Generating RTLIL representation for module `\RAM16X1S_1'.
Generating RTLIL representation for module `\RAM32X1S'.
Generating RTLIL representation for module `\RAM32X1S_1'.
Generating RTLIL representation for module `\RAM64X1S'.
Generating RTLIL representation for module `\RAM64X1S_1'.
Generating RTLIL representation for module `\RAM128X1S'.
Generating RTLIL representation for module `\RAM128X1S_1'.
Generating RTLIL representation for module `\RAM256X1S'.
Generating RTLIL representation for module `\RAM512X1S'.
Generating RTLIL representation for module `\RAM16X2S'.
Generating RTLIL representation for module `\RAM32X2S'.
Generating RTLIL representation for module `\RAM64X2S'.
Generating RTLIL representation for module `\RAM16X4S'.
Generating RTLIL representation for module `\RAM32X4S'.
Generating RTLIL representation for module `\RAM16X8S'.
Generating RTLIL representation for module `\RAM32X8S'.
Generating RTLIL representation for module `\RAM16X1D'.
Generating RTLIL representation for module `\RAM16X1D_1'.
Generating RTLIL representation for module `\RAM32X1D'.
Generating RTLIL representation for module `\RAM32X1D_1'.
Generating RTLIL representation for module `\RAM64X1D'.
Generating RTLIL representation for module `\RAM64X1D_1'.
Generating RTLIL representation for module `\RAM128X1D'.
Generating RTLIL representation for module `\RAM256X1D'.
Generating RTLIL representation for module `\RAM32M'.
Generating RTLIL representation for module `\RAM32M16'.
Generating RTLIL representation for module `\RAM64M'.
Generating RTLIL representation for module `\RAM64M8'.
Generating RTLIL representation for module `\RAM32X16DR8'.
Generating RTLIL representation for module `\RAM64X8SW'.
Generating RTLIL representation for module `\ROM16X1'.
Generating RTLIL representation for module `\ROM32X1'.
Generating RTLIL representation for module `\ROM64X1'.
Generating RTLIL representation for module `\ROM128X1'.
Generating RTLIL representation for module `\ROM256X1'.
Generating RTLIL representation for module `\SRL16'.
Generating RTLIL representation for module `\SRL16E'.
Generating RTLIL representation for module `\SRLC16'.
Generating RTLIL representation for module `\SRLC16E'.
Generating RTLIL representation for module `\SRLC32E'.
Generating RTLIL representation for module `\CFGLUT5'.
Generating RTLIL representation for module `\MULT18X18'.
Generating RTLIL representation for module `\MULT18X18S'.
Generating RTLIL representation for module `\MULT18X18SIO'.
Generating RTLIL representation for module `\DSP48A'.
Generating RTLIL representation for module `\DSP48A1'.
Generating RTLIL representation for module `\DSP48'.
Generating RTLIL representation for module `\DSP48E1'.
Generating RTLIL representation for module `\RAMB18E1'.
Generating RTLIL representation for module `\RAMB36E1'.
Successfully finished Verilog frontend.

3. Executing Verilog-2005 frontend: /Applications/oss-cad-suite/libexec/../share/yosys/xilinx/cells_xtra.v
Parsing Verilog input from `/Applications/oss-cad-suite/libexec/../share/yosys/xilinx/cells_xtra.v' to AST representation.
Generating RTLIL representation for module `\RAMB4_S1'.
Generating RTLIL representation for module `\RAMB4_S2'.
Generating RTLIL representation for module `\RAMB4_S4'.
Generating RTLIL representation for module `\RAMB4_S8'.
Generating RTLIL representation for module `\RAMB4_S16'.
Generating RTLIL representation for module `\RAMB4_S1_S1'.
Generating RTLIL representation for module `\RAMB4_S1_S2'.
Generating RTLIL representation for module `\RAMB4_S1_S4'.
Generating RTLIL representation for module `\RAMB4_S1_S8'.
Generating RTLIL representation for module `\RAMB4_S1_S16'.
Generating RTLIL representation for module `\RAMB4_S2_S2'.
Generating RTLIL representation for module `\RAMB4_S2_S4'.
Generating RTLIL representation for module `\RAMB4_S2_S8'.
Generating RTLIL representation for module `\RAMB4_S2_S16'.
Generating RTLIL representation for module `\RAMB4_S4_S4'.
Generating RTLIL representation for module `\RAMB4_S4_S8'.
Generating RTLIL representation for module `\RAMB4_S4_S16'.
Generating RTLIL representation for module `\RAMB4_S8_S8'.
Generating RTLIL representation for module `\RAMB4_S8_S16'.
Generating RTLIL representation for module `\RAMB4_S16_S16'.
Generating RTLIL representation for module `\RAMB16_S1'.
Generating RTLIL representation for module `\RAMB16_S2'.
Generating RTLIL representation for module `\RAMB16_S4'.
Generating RTLIL representation for module `\RAMB16_S9'.
Generating RTLIL representation for module `\RAMB16_S18'.
Generating RTLIL representation for module `\RAMB16_S36'.
Generating RTLIL representation for module `\RAMB16_S1_S1'.
Generating RTLIL representation for module `\RAMB16_S1_S2'.
Generating RTLIL representation for module `\RAMB16_S1_S4'.
Generating RTLIL representation for module `\RAMB16_S1_S9'.
Generating RTLIL representation for module `\RAMB16_S1_S18'.
Generating RTLIL representation for module `\RAMB16_S1_S36'.
Generating RTLIL representation for module `\RAMB16_S2_S2'.
Generating RTLIL representation for module `\RAMB16_S2_S4'.
Generating RTLIL representation for module `\RAMB16_S2_S9'.
Generating RTLIL representation for module `\RAMB16_S2_S18'.
Generating RTLIL representation for module `\RAMB16_S2_S36'.
Generating RTLIL representation for module `\RAMB16_S4_S4'.
Generating RTLIL representation for module `\RAMB16_S4_S9'.
Generating RTLIL representation for module `\RAMB16_S4_S18'.
Generating RTLIL representation for module `\RAMB16_S4_S36'.
Generating RTLIL representation for module `\RAMB16_S9_S9'.
Generating RTLIL representation for module `\RAMB16_S9_S18'.
Generating RTLIL representation for module `\RAMB16_S9_S36'.
Generating RTLIL representation for module `\RAMB16_S18_S18'.
Generating RTLIL representation for module `\RAMB16_S18_S36'.
Generating RTLIL representation for module `\RAMB16_S36_S36'.
Generating RTLIL representation for module `\RAMB16BWE_S18'.
Generating RTLIL representation for module `\RAMB16BWE_S36'.
Generating RTLIL representation for module `\RAMB16BWE_S18_S9'.
Generating RTLIL representation for module `\RAMB16BWE_S18_S18'.
Generating RTLIL representation for module `\RAMB16BWE_S36_S9'.
Generating RTLIL representation for module `\RAMB16BWE_S36_S18'.
Generating RTLIL representation for module `\RAMB16BWE_S36_S36'.
Generating RTLIL representation for module `\RAMB16BWER'.
Generating RTLIL representation for module `\RAMB8BWER'.
Generating RTLIL representation for module `\FIFO16'.
Generating RTLIL representation for module `\RAMB16'.
Generating RTLIL representation for module `\RAMB32_S64_ECC'.
Generating RTLIL representation for module `\FIFO18'.
Generating RTLIL representation for module `\FIFO18_36'.
Generating RTLIL representation for module `\FIFO36'.
Generating RTLIL representation for module `\FIFO36_72'.
Generating RTLIL representation for module `\RAMB18'.
Generating RTLIL representation for module `\RAMB36'.
Generating RTLIL representation for module `\RAMB18SDP'.
Generating RTLIL representation for module `\RAMB36SDP'.
Generating RTLIL representation for module `\FIFO18E1'.
Generating RTLIL representation for module `\FIFO36E1'.
Generating RTLIL representation for module `\FIFO18E2'.
Generating RTLIL representation for module `\FIFO36E2'.
Generating RTLIL representation for module `\RAMB18E2'.
Generating RTLIL representation for module `\RAMB36E2'.
Generating RTLIL representation for module `\URAM288'.
Generating RTLIL representation for module `\URAM288_BASE'.
Generating RTLIL representation for module `\DSP48E'.
Generating RTLIL representation for module `\DSP48E2'.
Generating RTLIL representation for module `\FDDRCPE'.
Generating RTLIL representation for module `\FDDRRSE'.
Generating RTLIL representation for module `\IFDDRCPE'.
Generating RTLIL representation for module `\IFDDRRSE'.
Generating RTLIL representation for module `\OFDDRCPE'.
Generating RTLIL representation for module `\OFDDRRSE'.
Generating RTLIL representation for module `\OFDDRTCPE'.
Generating RTLIL representation for module `\OFDDRTRSE'.
Generating RTLIL representation for module `\IDDR2'.
Generating RTLIL representation for module `\ODDR2'.
Generating RTLIL representation for module `\IDDR'.
Generating RTLIL representation for module `\IDDR_2CLK'.
Generating RTLIL representation for module `\ODDR'.
Generating RTLIL representation for module `\IDELAYCTRL'.
Generating RTLIL representation for module `\IDELAY'.
Generating RTLIL representation for module `\ISERDES'.
Generating RTLIL representation for module `\OSERDES'.
Generating RTLIL representation for module `\IODELAY'.
Generating RTLIL representation for module `\ISERDES_NODELAY'.
Generating RTLIL representation for module `\IODELAYE1'.
Generating RTLIL representation for module `\ISERDESE1'.
Generating RTLIL representation for module `\OSERDESE1'.
Generating RTLIL representation for module `\IDELAYE2'.
Generating RTLIL representation for module `\ODELAYE2'.
Generating RTLIL representation for module `\ISERDESE2'.
Generating RTLIL representation for module `\OSERDESE2'.
Generating RTLIL representation for module `\PHASER_IN'.
Generating RTLIL representation for module `\PHASER_IN_PHY'.
Generating RTLIL representation for module `\PHASER_OUT'.
Generating RTLIL representation for module `\PHASER_OUT_PHY'.
Generating RTLIL representation for module `\PHASER_REF'.
Generating RTLIL representation for module `\PHY_CONTROL'.
Generating RTLIL representation for module `\IDDRE1'.
Generating RTLIL representation for module `\ODDRE1'.
Generating RTLIL representation for module `\IDELAYE3'.
Generating RTLIL representation for module `\ODELAYE3'.
Generating RTLIL representation for module `\ISERDESE3'.
Generating RTLIL representation for module `\OSERDESE3'.
Generating RTLIL representation for module `\BITSLICE_CONTROL'.
Generating RTLIL representation for module `\RIU_OR'.
Generating RTLIL representation for module `\RX_BITSLICE'.
Generating RTLIL representation for module `\RXTX_BITSLICE'.
Generating RTLIL representation for module `\TX_BITSLICE'.
Generating RTLIL representation for module `\TX_BITSLICE_TRI'.
Generating RTLIL representation for module `\IODELAY2'.
Generating RTLIL representation for module `\IODRP2'.
Generating RTLIL representation for module `\IODRP2_MCB'.
Generating RTLIL representation for module `\ISERDES2'.
Generating RTLIL representation for module `\OSERDES2'.
Generating RTLIL representation for module `\IBUF_DLY_ADJ'.
Generating RTLIL representation for module `\IBUF_IBUFDISABLE'.
Generating RTLIL representation for module `\IBUF_INTERMDISABLE'.
Generating RTLIL representation for module `\IBUF_ANALOG'.
Generating RTLIL representation for module `\IBUFE3'.
Generating RTLIL representation for module `\IBUFDS'.
Generating RTLIL representation for module `\IBUFDS_DLY_ADJ'.
Generating RTLIL representation for module `\IBUFDS_IBUFDISABLE'.
Generating RTLIL representation for module `\IBUFDS_INTERMDISABLE'.
Generating RTLIL representation for module `\IBUFDS_DIFF_OUT'.
Generating RTLIL representation for module `\IBUFDS_DIFF_OUT_IBUFDISABLE'.
Generating RTLIL representation for module `\IBUFDS_DIFF_OUT_INTERMDISABLE'.
Generating RTLIL representation for module `\IBUFDSE3'.
Generating RTLIL representation for module `\IBUFDS_DPHY'.
Generating RTLIL representation for module `\IBUFGDS'.
Generating RTLIL representation for module `\IBUFGDS_DIFF_OUT'.
Generating RTLIL representation for module `\IOBUF_DCIEN'.
Generating RTLIL representation for module `\IOBUF_INTERMDISABLE'.
Generating RTLIL representation for module `\IOBUFE3'.
Generating RTLIL representation for module `\IOBUFDS'.
Generating RTLIL representation for module `\IOBUFDS_DCIEN'.
Generating RTLIL representation for module `\IOBUFDS_INTERMDISABLE'.
Generating RTLIL representation for module `\IOBUFDS_DIFF_OUT'.
Generating RTLIL representation for module `\IOBUFDS_DIFF_OUT_DCIEN'.
Generating RTLIL representation for module `\IOBUFDS_DIFF_OUT_INTERMDISABLE'.
Generating RTLIL representation for module `\IOBUFDSE3'.
Generating RTLIL representation for module `\OBUFDS'.
Generating RTLIL representation for module `\OBUFDS_DPHY'.
Generating RTLIL representation for module `\OBUFTDS'.
Generating RTLIL representation for module `\KEEPER'.
Generating RTLIL representation for module `\PULLDOWN'.
Generating RTLIL representation for module `\PULLUP'.
Generating RTLIL representation for module `\DCIRESET'.
Generating RTLIL representation for module `\HPIO_VREF'.
Generating RTLIL representation for module `\BUFGCE'.
Generating RTLIL representation for module `\BUFGCE_1'.
Generating RTLIL representation for module `\BUFGMUX'.
Generating RTLIL representation for module `\BUFGMUX_1'.
Generating RTLIL representation for module `\BUFGMUX_CTRL'.
Generating RTLIL representation for module `\BUFGMUX_VIRTEX4'.
Generating RTLIL representation for module `\BUFG_GT'.
Generating RTLIL representation for module `\BUFG_GT_SYNC'.
Generating RTLIL representation for module `\BUFG_PS'.
Generating RTLIL representation for module `\BUFGCE_DIV'.
Generating RTLIL representation for module `\BUFH'.
Generating RTLIL representation for module `\BUFIO2'.
Generating RTLIL representation for module `\BUFIO2_2CLK'.
Generating RTLIL representation for module `\BUFIO2FB'.
Generating RTLIL representation for module `\BUFPLL'.
Generating RTLIL representation for module `\BUFPLL_MCB'.
Generating RTLIL representation for module `\BUFIO'.
Generating RTLIL representation for module `\BUFIODQS'.
Generating RTLIL representation for module `\BUFR'.
Generating RTLIL representation for module `\BUFMR'.
Generating RTLIL representation for module `\BUFMRCE'.
Generating RTLIL representation for module `\DCM'.
Generating RTLIL representation for module `\DCM_SP'.
Generating RTLIL representation for module `\DCM_CLKGEN'.
Generating RTLIL representation for module `\DCM_ADV'.
Generating RTLIL representation for module `\DCM_BASE'.
Generating RTLIL representation for module `\DCM_PS'.
Generating RTLIL representation for module `\PMCD'.
Generating RTLIL representation for module `\PLL_ADV'.
Generating RTLIL representation for module `\PLL_BASE'.
Generating RTLIL representation for module `\MMCM_ADV'.
Generating RTLIL representation for module `\MMCM_BASE'.
Generating RTLIL representation for module `\MMCME2_ADV'.
Generating RTLIL representation for module `\MMCME2_BASE'.
Generating RTLIL representation for module `\PLLE2_ADV'.
Generating RTLIL representation for module `\PLLE2_BASE'.
Generating RTLIL representation for module `\MMCME3_ADV'.
Generating RTLIL representation for module `\MMCME3_BASE'.
Generating RTLIL representation for module `\PLLE3_ADV'.
Generating RTLIL representation for module `\PLLE3_BASE'.
Generating RTLIL representation for module `\MMCME4_ADV'.
Generating RTLIL representation for module `\MMCME4_BASE'.
Generating RTLIL representation for module `\PLLE4_ADV'.
Generating RTLIL representation for module `\PLLE4_BASE'.
Generating RTLIL representation for module `\BUFT'.
Generating RTLIL representation for module `\IN_FIFO'.
Generating RTLIL representation for module `\OUT_FIFO'.
Generating RTLIL representation for module `\HARD_SYNC'.
Generating RTLIL representation for module `\STARTUP_SPARTAN3'.
Generating RTLIL representation for module `\STARTUP_SPARTAN3E'.
Generating RTLIL representation for module `\STARTUP_SPARTAN3A'.
Generating RTLIL representation for module `\STARTUP_SPARTAN6'.
Generating RTLIL representation for module `\STARTUP_VIRTEX4'.
Generating RTLIL representation for module `\STARTUP_VIRTEX5'.
Generating RTLIL representation for module `\STARTUP_VIRTEX6'.
Generating RTLIL representation for module `\STARTUPE2'.
Generating RTLIL representation for module `\STARTUPE3'.
Generating RTLIL representation for module `\CAPTURE_SPARTAN3'.
Generating RTLIL representation for module `\CAPTURE_SPARTAN3A'.
Generating RTLIL representation for module `\CAPTURE_VIRTEX4'.
Generating RTLIL representation for module `\CAPTURE_VIRTEX5'.
Generating RTLIL representation for module `\CAPTURE_VIRTEX6'.
Generating RTLIL representation for module `\CAPTUREE2'.
Generating RTLIL representation for module `\ICAP_SPARTAN3A'.
Generating RTLIL representation for module `\ICAP_SPARTAN6'.
Generating RTLIL representation for module `\ICAP_VIRTEX4'.
Generating RTLIL representation for module `\ICAP_VIRTEX5'.
Generating RTLIL representation for module `\ICAP_VIRTEX6'.
Generating RTLIL representation for module `\ICAPE2'.
Generating RTLIL representation for module `\ICAPE3'.
Generating RTLIL representation for module `\BSCAN_SPARTAN3'.
Generating RTLIL representation for module `\BSCAN_SPARTAN3A'.
Generating RTLIL representation for module `\BSCAN_SPARTAN6'.
Generating RTLIL representation for module `\BSCAN_VIRTEX4'.
Generating RTLIL representation for module `\BSCAN_VIRTEX5'.
Generating RTLIL representation for module `\BSCAN_VIRTEX6'.
Generating RTLIL representation for module `\BSCANE2'.
Generating RTLIL representation for module `\DNA_PORT'.
Generating RTLIL representation for module `\DNA_PORTE2'.
Generating RTLIL representation for module `\FRAME_ECC_VIRTEX4'.
Generating RTLIL representation for module `\FRAME_ECC_VIRTEX5'.
Generating RTLIL representation for module `\FRAME_ECC_VIRTEX6'.
Generating RTLIL representation for module `\FRAME_ECCE2'.
Generating RTLIL representation for module `\FRAME_ECCE3'.
Generating RTLIL representation for module `\FRAME_ECCE4'.
Generating RTLIL representation for module `\USR_ACCESS_VIRTEX4'.
Generating RTLIL representation for module `\USR_ACCESS_VIRTEX5'.
Generating RTLIL representation for module `\USR_ACCESS_VIRTEX6'.
Generating RTLIL representation for module `\USR_ACCESSE2'.
Generating RTLIL representation for module `\POST_CRC_INTERNAL'.
Generating RTLIL representation for module `\SUSPEND_SYNC'.
Generating RTLIL representation for module `\KEY_CLEAR'.
Generating RTLIL representation for module `\MASTER_JTAG'.
Generating RTLIL representation for module `\SPI_ACCESS'.
Generating RTLIL representation for module `\EFUSE_USR'.
Generating RTLIL representation for module `\SYSMON'.
Generating RTLIL representation for module `\XADC'.
Generating RTLIL representation for module `\SYSMONE1'.
Generating RTLIL representation for module `\SYSMONE4'.
Generating RTLIL representation for module `\GTPA1_DUAL'.
Generating RTLIL representation for module `\GT11_CUSTOM'.
Generating RTLIL representation for module `\GT11_DUAL'.
Generating RTLIL representation for module `\GT11CLK'.
Generating RTLIL representation for module `\GT11CLK_MGT'.
Generating RTLIL representation for module `\GTP_DUAL'.
Generating RTLIL representation for module `\GTX_DUAL'.
Generating RTLIL representation for module `\CRC32'.
Generating RTLIL representation for module `\CRC64'.
Generating RTLIL representation for module `\GTHE1_QUAD'.
Generating RTLIL representation for module `\GTXE1'.
Generating RTLIL representation for module `\IBUFDS_GTXE1'.
Generating RTLIL representation for module `\IBUFDS_GTHE1'.
Generating RTLIL representation for module `\GTHE2_CHANNEL'.
Generating RTLIL representation for module `\GTHE2_COMMON'.
Generating RTLIL representation for module `\GTPE2_CHANNEL'.
Generating RTLIL representation for module `\GTPE2_COMMON'.
Generating RTLIL representation for module `\GTXE2_CHANNEL'.
Generating RTLIL representation for module `\GTXE2_COMMON'.
Generating RTLIL representation for module `\IBUFDS_GTE2'.
Generating RTLIL representation for module `\GTHE3_CHANNEL'.
Generating RTLIL representation for module `\GTHE3_COMMON'.
Generating RTLIL representation for module `\GTYE3_CHANNEL'.
Generating RTLIL representation for module `\GTYE3_COMMON'.
Generating RTLIL representation for module `\IBUFDS_GTE3'.
Generating RTLIL representation for module `\OBUFDS_GTE3'.
Generating RTLIL representation for module `\OBUFDS_GTE3_ADV'.
Generating RTLIL representation for module `\GTHE4_CHANNEL'.
Generating RTLIL representation for module `\GTHE4_COMMON'.
Generating RTLIL representation for module `\GTYE4_CHANNEL'.
Generating RTLIL representation for module `\GTYE4_COMMON'.
Generating RTLIL representation for module `\IBUFDS_GTE4'.
Generating RTLIL representation for module `\OBUFDS_GTE4'.
Generating RTLIL representation for module `\OBUFDS_GTE4_ADV'.
Generating RTLIL representation for module `\GTM_DUAL'.
Generating RTLIL representation for module `\IBUFDS_GTM'.
Generating RTLIL representation for module `\OBUFDS_GTM'.
Generating RTLIL representation for module `\OBUFDS_GTM_ADV'.
Generating RTLIL representation for module `\HSDAC'.
Generating RTLIL representation for module `\HSADC'.
Generating RTLIL representation for module `\RFDAC'.
Generating RTLIL representation for module `\RFADC'.
Generating RTLIL representation for module `\PCIE_A1'.
Generating RTLIL representation for module `\PCIE_EP'.
Generating RTLIL representation for module `\PCIE_2_0'.
Generating RTLIL representation for module `\PCIE_2_1'.
Generating RTLIL representation for module `\PCIE_3_0'.
Generating RTLIL representation for module `\PCIE_3_1'.
Generating RTLIL representation for module `\PCIE40E4'.
Generating RTLIL representation for module `\PCIE4CE4'.
Generating RTLIL representation for module `\EMAC'.
Generating RTLIL representation for module `\TEMAC'.
Generating RTLIL representation for module `\TEMAC_SINGLE'.
Generating RTLIL representation for module `\CMAC'.
Generating RTLIL representation for module `\CMACE4'.
Generating RTLIL representation for module `\MCB'.
Generating RTLIL representation for module `\HBM_REF_CLK'.
Generating RTLIL representation for module `\HBM_SNGLBLI_INTF_APB'.
Generating RTLIL representation for module `\HBM_SNGLBLI_INTF_AXI'.
Generating RTLIL representation for module `\HBM_ONE_STACK_INTF'.
Generating RTLIL representation for module `\HBM_TWO_STACK_INTF'.
Generating RTLIL representation for module `\PPC405_ADV'.
Generating RTLIL representation for module `\PPC440'.
Generating RTLIL representation for module `\PS7'.
Generating RTLIL representation for module `\PS8'.
Generating RTLIL representation for module `\ILKN'.
Generating RTLIL representation for module `\ILKNE4'.
Generating RTLIL representation for module `\VCU'.
Generating RTLIL representation for module `\FE'.
Successfully finished Verilog frontend.

4. Executing Verilog-2005 frontend: /Users/paulbarcelona/Library/CloudStorage/OneDrive-Personal/GitHub/digital_ip/image_processing/scaler_ips/banked_framebuf/yosys/banked_framebuf.sv2v.v
Parsing Verilog input from `/Users/paulbarcelona/Library/CloudStorage/OneDrive-Personal/GitHub/digital_ip/image_processing/scaler_ips/banked_framebuf/yosys/banked_framebuf.sv2v.v' to AST representation.
Storing AST representation for module `$abstract\banked_framebuf'.
Successfully finished Verilog frontend.

5. Elaborate banked_framebuf  MAX_W=640 MAX_H=480
Parameter \MAX_W = 640
Parameter \MAX_H = 480

6. Executing AST frontend in derive mode using pre-parsed AST for module `\banked_framebuf'.
Parameter \MAX_W = 640
Parameter \MAX_H = 480
Generating RTLIL representation for module `$paramod$134a613c7c88c0f28b433ada7187fdc0e4fb4d34\banked_framebuf'.
Warning: Replacing memory \bank_q with list of registers. See /Users/paulbarcelona/Library/CloudStorage/OneDrive-Personal/GitHub/digital_ip/image_processing/scaler_ips/banked_framebuf/yosys/banked_framebuf.sv2v.v:197
Warning: Replacing memory \tsy_qq with list of registers. See /Users/paulbarcelona/Library/CloudStorage/OneDrive-Personal/GitHub/digital_ip/image_processing/scaler_ips/banked_framebuf/yosys/banked_framebuf.sv2v.v:176
Warning: Replacing memory \tsx_qq with list of registers. See /Users/paulbarcelona/Library/CloudStorage/OneDrive-Personal/GitHub/digital_ip/image_processing/scaler_ips/banked_framebuf/yosys/banked_framebuf.sv2v.v:175
Warning: Replacing memory \tsy_q with list of registers. See /Users/paulbarcelona/Library/CloudStorage/OneDrive-Personal/GitHub/digital_ip/image_processing/scaler_ips/banked_framebuf/yosys/banked_framebuf.sv2v.v:174
Warning: Replacing memory \tsx_q with list of registers. See /Users/paulbarcelona/Library/CloudStorage/OneDrive-Personal/GitHub/digital_ip/image_processing/scaler_ips/banked_framebuf/yosys/banked_framebuf.sv2v.v:173
Warning: Replacing memory \rowpart_q with list of registers. See /Users/paulbarcelona/Library/CloudStorage/OneDrive-Personal/GitHub/digital_ip/image_processing/scaler_ips/banked_framebuf/yosys/banked_framebuf.sv2v.v:166
Warning: Replacing memory \colpart_q with list of registers. See /Users/paulbarcelona/Library/CloudStorage/OneDrive-Personal/GitHub/digital_ip/image_processing/scaler_ips/banked_framebuf/yosys/banked_framebuf.sv2v.v:165
Warning: Replacing memory \tsy with list of registers. See /Users/paulbarcelona/Library/CloudStorage/OneDrive-Personal/GitHub/digital_ip/image_processing/scaler_ips/banked_framebuf/yosys/banked_framebuf.sv2v.v:145
Warning: Replacing memory \tsx with list of registers. See /Users/paulbarcelona/Library/CloudStorage/OneDrive-Personal/GitHub/digital_ip/image_processing/scaler_ips/banked_framebuf/yosys/banked_framebuf.sv2v.v:144
Warning: Replacing memory \bcy with list of registers. See /Users/paulbarcelona/Library/CloudStorage/OneDrive-Personal/GitHub/digital_ip/image_processing/scaler_ips/banked_framebuf/yosys/banked_framebuf.sv2v.v:137
Warning: Replacing memory \bcx with list of registers. See /Users/paulbarcelona/Library/CloudStorage/OneDrive-Personal/GitHub/digital_ip/image_processing/scaler_ips/banked_framebuf/yosys/banked_framebuf.sv2v.v:135

7. Executing HIERARCHY pass (managing design hierarchy).

8. Executing AST frontend in derive mode using pre-parsed AST for module `\banked_framebuf'.
Generating RTLIL representation for module `\banked_framebuf'.
Warning: Replacing memory \bank_q with list of registers. See /Users/paulbarcelona/Library/CloudStorage/OneDrive-Personal/GitHub/digital_ip/image_processing/scaler_ips/banked_framebuf/yosys/banked_framebuf.sv2v.v:197
Warning: Replacing memory \tsy_qq with list of registers. See /Users/paulbarcelona/Library/CloudStorage/OneDrive-Personal/GitHub/digital_ip/image_processing/scaler_ips/banked_framebuf/yosys/banked_framebuf.sv2v.v:176
Warning: Replacing memory \tsx_qq with list of registers. See /Users/paulbarcelona/Library/CloudStorage/OneDrive-Personal/GitHub/digital_ip/image_processing/scaler_ips/banked_framebuf/yosys/banked_framebuf.sv2v.v:175
Warning: Replacing memory \tsy_q with list of registers. See /Users/paulbarcelona/Library/CloudStorage/OneDrive-Personal/GitHub/digital_ip/image_processing/scaler_ips/banked_framebuf/yosys/banked_framebuf.sv2v.v:174
Warning: Replacing memory \tsx_q with list of registers. See /Users/paulbarcelona/Library/CloudStorage/OneDrive-Personal/GitHub/digital_ip/image_processing/scaler_ips/banked_framebuf/yosys/banked_framebuf.sv2v.v:173
Warning: Replacing memory \rowpart_q with list of registers. See /Users/paulbarcelona/Library/CloudStorage/OneDrive-Personal/GitHub/digital_ip/image_processing/scaler_ips/banked_framebuf/yosys/banked_framebuf.sv2v.v:166
Warning: Replacing memory \colpart_q with list of registers. See /Users/paulbarcelona/Library/CloudStorage/OneDrive-Personal/GitHub/digital_ip/image_processing/scaler_ips/banked_framebuf/yosys/banked_framebuf.sv2v.v:165
Warning: Replacing memory \tsy with list of registers. See /Users/paulbarcelona/Library/CloudStorage/OneDrive-Personal/GitHub/digital_ip/image_processing/scaler_ips/banked_framebuf/yosys/banked_framebuf.sv2v.v:145
Warning: Replacing memory \tsx with list of registers. See /Users/paulbarcelona/Library/CloudStorage/OneDrive-Personal/GitHub/digital_ip/image_processing/scaler_ips/banked_framebuf/yosys/banked_framebuf.sv2v.v:144
Warning: Replacing memory \bcy with list of registers. See /Users/paulbarcelona/Library/CloudStorage/OneDrive-Personal/GitHub/digital_ip/image_processing/scaler_ips/banked_framebuf/yosys/banked_framebuf.sv2v.v:137
Warning: Replacing memory \bcx with list of registers. See /Users/paulbarcelona/Library/CloudStorage/OneDrive-Personal/GitHub/digital_ip/image_processing/scaler_ips/banked_framebuf/yosys/banked_framebuf.sv2v.v:135

8.1. Analyzing design hierarchy..
Top module:  \banked_framebuf

8.2. Analyzing design hierarchy..
Top module:  \banked_framebuf
Removing unused module `$abstract\banked_framebuf'.
Removed 1 unused modules.

9. Compile (generic RTL optimisation)

9.1. Executing SYNTH_XILINX pass.

9.1.1. Executing PROC pass (convert processes to netlists).

9.1.1.1. Executing PROC_CLEAN pass (remove empty switches from decision trees).
Found and cleaned up 2 empty switches in `\banked_framebuf.$proc$/Users/paulbarcelona/Library/CloudStorage/OneDrive-Personal/GitHub/digital_ip/image_processing/scaler_ips/banked_framebuf/yosys/banked_framebuf.sv2v.v:54$2673'.
Removing empty process `banked_framebuf.$proc$/Users/paulbarcelona/Library/CloudStorage/OneDrive-Personal/GitHub/digital_ip/image_processing/scaler_ips/banked_framebuf/yosys/banked_framebuf.sv2v.v:54$2673'.
Found and cleaned up 1 empty switch in `\banked_framebuf.$proc$/Users/paulbarcelona/Library/CloudStorage/OneDrive-Personal/GitHub/digital_ip/image_processing/scaler_ips/banked_framebuf/yosys/banked_framebuf.sv2v.v:202$2380'.
Found and cleaned up 1 empty switch in `\banked_framebuf.$proc$/Users/paulbarcelona/Library/CloudStorage/OneDrive-Personal/GitHub/digital_ip/image_processing/scaler_ips/banked_framebuf/yosys/banked_framebuf.sv2v.v:122$2048'.
Cleaned up 4 empty switches.

9.1.1.2. Executing PROC_RMDEAD pass (remove dead branches from decision trees).
Marked 1 switch rules as full_case in process $proc$/Users/paulbarcelona/Library/CloudStorage/OneDrive-Personal/GitHub/digital_ip/image_processing/scaler_ips/banked_framebuf/yosys/banked_framebuf.sv2v.v:193$2660 in module banked_framebuf.
Marked 1 switch rules as full_case in process $proc$/Users/paulbarcelona/Library/CloudStorage/OneDrive-Personal/GitHub/digital_ip/image_processing/scaler_ips/banked_framebuf/yosys/banked_framebuf.sv2v.v:193$2647 in module banked_framebuf.
Marked 1 switch rules as full_case in process $proc$/Users/paulbarcelona/Library/CloudStorage/OneDrive-Personal/GitHub/digital_ip/image_processing/scaler_ips/banked_framebuf/yosys/banked_framebuf.sv2v.v:193$2634 in module banked_framebuf.
Marked 1 switch rules as full_case in process $proc$/Users/paulbarcelona/Library/CloudStorage/OneDrive-Personal/GitHub/digital_ip/image_processing/scaler_ips/banked_framebuf/yosys/banked_framebuf.sv2v.v:193$2621 in module banked_framebuf.
Marked 1 switch rules as full_case in process $proc$/Users/paulbarcelona/Library/CloudStorage/OneDrive-Personal/GitHub/digital_ip/image_processing/scaler_ips/banked_framebuf/yosys/banked_framebuf.sv2v.v:193$2608 in module banked_framebuf.
Marked 1 switch rules as full_case in process $proc$/Users/paulbarcelona/Library/CloudStorage/OneDrive-Personal/GitHub/digital_ip/image_processing/scaler_ips/banked_framebuf/yosys/banked_framebuf.sv2v.v:193$2595 in module banked_framebuf.
Marked 1 switch rules as full_case in process $proc$/Users/paulbarcelona/Library/CloudStorage/OneDrive-Personal/GitHub/digital_ip/image_processing/scaler_ips/banked_framebuf/yosys/banked_framebuf.sv2v.v:193$2582 in module banked_framebuf.
Marked 1 switch rules as full_case in process $proc$/Users/paulbarcelona/Library/CloudStorage/OneDrive-Personal/GitHub/digital_ip/image_processing/scaler_ips/banked_framebuf/yosys/banked_framebuf.sv2v.v:193$2569 in module banked_framebuf.
Marked 1 switch rules as full_case in process $proc$/Users/paulbarcelona/Library/CloudStorage/OneDrive-Personal/GitHub/digital_ip/image_processing/scaler_ips/banked_framebuf/yosys/banked_framebuf.sv2v.v:193$2556 in module banked_framebuf.
Marked 1 switch rules as full_case in process $proc$/Users/paulbarcelona/Library/CloudStorage/OneDrive-Personal/GitHub/digital_ip/image_processing/scaler_ips/banked_framebuf/yosys/banked_framebuf.sv2v.v:193$2543 in module banked_framebuf.
Marked 1 switch rules as full_case in process $proc$/Users/paulbarcelona/Library/CloudStorage/OneDrive-Personal/GitHub/digital_ip/image_processing/scaler_ips/banked_framebuf/yosys/banked_framebuf.sv2v.v:193$2530 in module banked_framebuf.
Marked 1 switch rules as full_case in process $proc$/Users/paulbarcelona/Library/CloudStorage/OneDrive-Personal/GitHub/digital_ip/image_processing/scaler_ips/banked_framebuf/yosys/banked_framebuf.sv2v.v:193$2517 in module banked_framebuf.
Marked 1 switch rules as full_case in process $proc$/Users/paulbarcelona/Library/CloudStorage/OneDrive-Personal/GitHub/digital_ip/image_processing/scaler_ips/banked_framebuf/yosys/banked_framebuf.sv2v.v:193$2504 in module banked_framebuf.
Marked 1 switch rules as full_case in process $proc$/Users/paulbarcelona/Library/CloudStorage/OneDrive-Personal/GitHub/digital_ip/image_processing/scaler_ips/banked_framebuf/yosys/banked_framebuf.sv2v.v:193$2491 in module banked_framebuf.
Marked 1 switch rules as full_case in process $proc$/Users/paulbarcelona/Library/CloudStorage/OneDrive-Personal/GitHub/digital_ip/image_processing/scaler_ips/banked_framebuf/yosys/banked_framebuf.sv2v.v:193$2478 in module banked_framebuf.
Marked 1 switch rules as full_case in process $proc$/Users/paulbarcelona/Library/CloudStorage/OneDrive-Personal/GitHub/digital_ip/image_processing/scaler_ips/banked_framebuf/yosys/banked_framebuf.sv2v.v:193$2465 in module banked_framebuf.
Removed 16 dead cases from process $proc$/Users/paulbarcelona/Library/CloudStorage/OneDrive-Personal/GitHub/digital_ip/image_processing/scaler_ips/banked_framebuf/yosys/banked_framebuf.sv2v.v:202$2380 in module banked_framebuf.
Marked 16 switch rules as full_case in process $proc$/Users/paulbarcelona/Library/CloudStorage/OneDrive-Personal/GitHub/digital_ip/image_processing/scaler_ips/banked_framebuf/yosys/banked_framebuf.sv2v.v:202$2380 in module banked_framebuf.
Marked 1 switch rules as full_case in process $proc$/Users/paulbarcelona/Library/CloudStorage/OneDrive-Personal/GitHub/digital_ip/image_processing/scaler_ips/banked_framebuf/yosys/banked_framebuf.sv2v.v:159$2275 in module banked_framebuf.
Marked 24 switch rules as full_case in process $proc$/Users/paulbarcelona/Library/CloudStorage/OneDrive-Personal/GitHub/digital_ip/image_processing/scaler_ips/banked_framebuf/yosys/banked_framebuf.sv2v.v:122$2048 in module banked_framebuf.
Removed a total of 16 dead cases.

9.1.1.3. Executing PROC_PRUNE pass (remove redundant assignments in processes).
Removed 0 redundant assignments.
Promoted 271 assignments to connections.

9.1.1.4. Executing PROC_INIT pass (extract init attributes).

9.1.1.5. Executing PROC_ARST pass (detect async resets in processes).

9.1.1.6. Executing PROC_ROM pass (convert switches to ROMs).
Converted 0 switches.
<suppressed ~73 debug messages>

9.1.1.7. Executing PROC_MUX pass (convert decision trees to multiplexers).
Creating decoders for process `\banked_framebuf.$proc$/Users/paulbarcelona/Library/CloudStorage/OneDrive-Personal/GitHub/digital_ip/image_processing/scaler_ips/banked_framebuf/yosys/banked_framebuf.sv2v.v:215$2674'.
Creating decoders for process `\banked_framebuf.$proc$/Users/paulbarcelona/Library/CloudStorage/OneDrive-Personal/GitHub/digital_ip/image_processing/scaler_ips/banked_framebuf/yosys/banked_framebuf.sv2v.v:193$2660'.
     1/4: $1$memwr$\g_by[3].g_bx[3].mem$/Users/paulbarcelona/Library/CloudStorage/OneDrive-Personal/GitHub/digital_ip/image_processing/scaler_ips/banked_framebuf/yosys/banked_framebuf.sv2v.v:195$2025_EN[23:0]$2670
     2/4: $1$memwr$\g_by[3].g_bx[3].mem$/Users/paulbarcelona/Library/CloudStorage/OneDrive-Personal/GitHub/digital_ip/image_processing/scaler_ips/banked_framebuf/yosys/banked_framebuf.sv2v.v:195$2025_DATA[23:0]$2669
     3/4: $1$memwr$\g_by[3].g_bx[3].mem$/Users/paulbarcelona/Library/CloudStorage/OneDrive-Personal/GitHub/digital_ip/image_processing/scaler_ips/banked_framebuf/yosys/banked_framebuf.sv2v.v:195$2025_ADDR[14:0]$2668
     4/4: $0\bank_q[15][23:0]
Creating decoders for process `\banked_framebuf.$proc$/Users/paulbarcelona/Library/CloudStorage/OneDrive-Personal/GitHub/digital_ip/image_processing/scaler_ips/banked_framebuf/yosys/banked_framebuf.sv2v.v:193$2647'.
     1/4: $1$memwr$\g_by[3].g_bx[2].mem$/Users/paulbarcelona/Library/CloudStorage/OneDrive-Personal/GitHub/digital_ip/image_processing/scaler_ips/banked_framebuf/yosys/banked_framebuf.sv2v.v:195$2024_EN[23:0]$2657
     2/4: $1$memwr$\g_by[3].g_bx[2].mem$/Users/paulbarcelona/Library/CloudStorage/OneDrive-Personal/GitHub/digital_ip/image_processing/scaler_ips/banked_framebuf/yosys/banked_framebuf.sv2v.v:195$2024_DATA[23:0]$2656
     3/4: $1$memwr$\g_by[3].g_bx[2].mem$/Users/paulbarcelona/Library/CloudStorage/OneDrive-Personal/GitHub/digital_ip/image_processing/scaler_ips/banked_framebuf/yosys/banked_framebuf.sv2v.v:195$2024_ADDR[14:0]$2655
     4/4: $0\bank_q[14][23:0]
Creating decoders for process `\banked_framebuf.$proc$/Users/paulbarcelona/Library/CloudStorage/OneDrive-Personal/GitHub/digital_ip/image_processing/scaler_ips/banked_framebuf/yosys/banked_framebuf.sv2v.v:193$2634'.
     1/4: $1$memwr$\g_by[3].g_bx[1].mem$/Users/paulbarcelona/Library/CloudStorage/OneDrive-Personal/GitHub/digital_ip/image_processing/scaler_ips/banked_framebuf/yosys/banked_framebuf.sv2v.v:195$2023_EN[23:0]$2644
     2/4: $1$memwr$\g_by[3].g_bx[1].mem$/Users/paulbarcelona/Library/CloudStorage/OneDrive-Personal/GitHub/digital_ip/image_processing/scaler_ips/banked_framebuf/yosys/banked_framebuf.sv2v.v:195$2023_DATA[23:0]$2643
     3/4: $1$memwr$\g_by[3].g_bx[1].mem$/Users/paulbarcelona/Library/CloudStorage/OneDrive-Personal/GitHub/digital_ip/image_processing/scaler_ips/banked_framebuf/yosys/banked_framebuf.sv2v.v:195$2023_ADDR[14:0]$2642
     4/4: $0\bank_q[13][23:0]
Creating decoders for process `\banked_framebuf.$proc$/Users/paulbarcelona/Library/CloudStorage/OneDrive-Personal/GitHub/digital_ip/image_processing/scaler_ips/banked_framebuf/yosys/banked_framebuf.sv2v.v:193$2621'.
     1/4: $1$memwr$\g_by[3].g_bx[0].mem$/Users/paulbarcelona/Library/CloudStorage/OneDrive-Personal/GitHub/digital_ip/image_processing/scaler_ips/banked_framebuf/yosys/banked_framebuf.sv2v.v:195$2022_EN[23:0]$2631
     2/4: $1$memwr$\g_by[3].g_bx[0].mem$/Users/paulbarcelona/Library/CloudStorage/OneDrive-Personal/GitHub/digital_ip/image_processing/scaler_ips/banked_framebuf/yosys/banked_framebuf.sv2v.v:195$2022_DATA[23:0]$2630
     3/4: $1$memwr$\g_by[3].g_bx[0].mem$/Users/paulbarcelona/Library/CloudStorage/OneDrive-Personal/GitHub/digital_ip/image_processing/scaler_ips/banked_framebuf/yosys/banked_framebuf.sv2v.v:195$2022_ADDR[14:0]$2629
     4/4: $0\bank_q[12][23:0]
Creating decoders for process `\banked_framebuf.$proc$/Users/paulbarcelona/Library/CloudStorage/OneDrive-Personal/GitHub/digital_ip/image_processing/scaler_ips/banked_framebuf/yosys/banked_framebuf.sv2v.v:193$2608'.
     1/4: $1$memwr$\g_by[2].g_bx[3].mem$/Users/paulbarcelona/Library/CloudStorage/OneDrive-Personal/GitHub/digital_ip/image_processing/scaler_ips/banked_framebuf/yosys/banked_framebuf.sv2v.v:195$2021_EN[23:0]$2618
     2/4: $1$memwr$\g_by[2].g_bx[3].mem$/Users/paulbarcelona/Library/CloudStorage/OneDrive-Personal/GitHub/digital_ip/image_processing/scaler_ips/banked_framebuf/yosys/banked_framebuf.sv2v.v:195$2021_DATA[23:0]$2617
     3/4: $1$memwr$\g_by[2].g_bx[3].mem$/Users/paulbarcelona/Library/CloudStorage/OneDrive-Personal/GitHub/digital_ip/image_processing/scaler_ips/banked_framebuf/yosys/banked_framebuf.sv2v.v:195$2021_ADDR[14:0]$2616
     4/4: $0\bank_q[11][23:0]
Creating decoders for process `\banked_framebuf.$proc$/Users/paulbarcelona/Library/CloudStorage/OneDrive-Personal/GitHub/digital_ip/image_processing/scaler_ips/banked_framebuf/yosys/banked_framebuf.sv2v.v:193$2595'.
     1/4: $1$memwr$\g_by[2].g_bx[2].mem$/Users/paulbarcelona/Library/CloudStorage/OneDrive-Personal/GitHub/digital_ip/image_processing/scaler_ips/banked_framebuf/yosys/banked_framebuf.sv2v.v:195$2020_EN[23:0]$2605
     2/4: $1$memwr$\g_by[2].g_bx[2].mem$/Users/paulbarcelona/Library/CloudStorage/OneDrive-Personal/GitHub/digital_ip/image_processing/scaler_ips/banked_framebuf/yosys/banked_framebuf.sv2v.v:195$2020_DATA[23:0]$2604
     3/4: $1$memwr$\g_by[2].g_bx[2].mem$/Users/paulbarcelona/Library/CloudStorage/OneDrive-Personal/GitHub/digital_ip/image_processing/scaler_ips/banked_framebuf/yosys/banked_framebuf.sv2v.v:195$2020_ADDR[14:0]$2603
     4/4: $0\bank_q[10][23:0]
Creating decoders for process `\banked_framebuf.$proc$/Users/paulbarcelona/Library/CloudStorage/OneDrive-Personal/GitHub/digital_ip/image_processing/scaler_ips/banked_framebuf/yosys/banked_framebuf.sv2v.v:193$2582'.
     1/4: $1$memwr$\g_by[2].g_bx[1].mem$/Users/paulbarcelona/Library/CloudStorage/OneDrive-Personal/GitHub/digital_ip/image_processing/scaler_ips/banked_framebuf/yosys/banked_framebuf.sv2v.v:195$2019_EN[23:0]$2592
     2/4: $1$memwr$\g_by[2].g_bx[1].mem$/Users/paulbarcelona/Library/CloudStorage/OneDrive-Personal/GitHub/digital_ip/image_processing/scaler_ips/banked_framebuf/yosys/banked_framebuf.sv2v.v:195$2019_DATA[23:0]$2591
     3/4: $1$memwr$\g_by[2].g_bx[1].mem$/Users/paulbarcelona/Library/CloudStorage/OneDrive-Personal/GitHub/digital_ip/image_processing/scaler_ips/banked_framebuf/yosys/banked_framebuf.sv2v.v:195$2019_ADDR[14:0]$2590
     4/4: $0\bank_q[9][23:0]
Creating decoders for process `\banked_framebuf.$proc$/Users/paulbarcelona/Library/CloudStorage/OneDrive-Personal/GitHub/digital_ip/image_processing/scaler_ips/banked_framebuf/yosys/banked_framebuf.sv2v.v:193$2569'.
     1/4: $1$memwr$\g_by[2].g_bx[0].mem$/Users/paulbarcelona/Library/CloudStorage/OneDrive-Personal/GitHub/digital_ip/image_processing/scaler_ips/banked_framebuf/yosys/banked_framebuf.sv2v.v:195$2018_EN[23:0]$2579
     2/4: $1$memwr$\g_by[2].g_bx[0].mem$/Users/paulbarcelona/Library/CloudStorage/OneDrive-Personal/GitHub/digital_ip/image_processing/scaler_ips/banked_framebuf/yosys/banked_framebuf.sv2v.v:195$2018_DATA[23:0]$2578
     3/4: $1$memwr$\g_by[2].g_bx[0].mem$/Users/paulbarcelona/Library/CloudStorage/OneDrive-Personal/GitHub/digital_ip/image_processing/scaler_ips/banked_framebuf/yosys/banked_framebuf.sv2v.v:195$2018_ADDR[14:0]$2577
     4/4: $0\bank_q[8][23:0]
Creating decoders for process `\banked_framebuf.$proc$/Users/paulbarcelona/Library/CloudStorage/OneDrive-Personal/GitHub/digital_ip/image_processing/scaler_ips/banked_framebuf/yosys/banked_framebuf.sv2v.v:193$2556'.
     1/4: $1$memwr$\g_by[1].g_bx[3].mem$/Users/paulbarcelona/Library/CloudStorage/OneDrive-Personal/GitHub/digital_ip/image_processing/scaler_ips/banked_framebuf/yosys/banked_framebuf.sv2v.v:195$2017_EN[23:0]$2566
     2/4: $1$memwr$\g_by[1].g_bx[3].mem$/Users/paulbarcelona/Library/CloudStorage/OneDrive-Personal/GitHub/digital_ip/image_processing/scaler_ips/banked_framebuf/yosys/banked_framebuf.sv2v.v:195$2017_DATA[23:0]$2565
     3/4: $1$memwr$\g_by[1].g_bx[3].mem$/Users/paulbarcelona/Library/CloudStorage/OneDrive-Personal/GitHub/digital_ip/image_processing/scaler_ips/banked_framebuf/yosys/banked_framebuf.sv2v.v:195$2017_ADDR[14:0]$2564
     4/4: $0\bank_q[7][23:0]
Creating decoders for process `\banked_framebuf.$proc$/Users/paulbarcelona/Library/CloudStorage/OneDrive-Personal/GitHub/digital_ip/image_processing/scaler_ips/banked_framebuf/yosys/banked_framebuf.sv2v.v:193$2543'.
     1/4: $1$memwr$\g_by[1].g_bx[2].mem$/Users/paulbarcelona/Library/CloudStorage/OneDrive-Personal/GitHub/digital_ip/image_processing/scaler_ips/banked_framebuf/yosys/banked_framebuf.sv2v.v:195$2016_EN[23:0]$2553
     2/4: $1$memwr$\g_by[1].g_bx[2].mem$/Users/paulbarcelona/Library/CloudStorage/OneDrive-Personal/GitHub/digital_ip/image_processing/scaler_ips/banked_framebuf/yosys/banked_framebuf.sv2v.v:195$2016_DATA[23:0]$2552
     3/4: $1$memwr$\g_by[1].g_bx[2].mem$/Users/paulbarcelona/Library/CloudStorage/OneDrive-Personal/GitHub/digital_ip/image_processing/scaler_ips/banked_framebuf/yosys/banked_framebuf.sv2v.v:195$2016_ADDR[14:0]$2551
     4/4: $0\bank_q[6][23:0]
Creating decoders for process `\banked_framebuf.$proc$/Users/paulbarcelona/Library/CloudStorage/OneDrive-Personal/GitHub/digital_ip/image_processing/scaler_ips/banked_framebuf/yosys/banked_framebuf.sv2v.v:193$2530'.
     1/4: $1$memwr$\g_by[1].g_bx[1].mem$/Users/paulbarcelona/Library/CloudStorage/OneDrive-Personal/GitHub/digital_ip/image_processing/scaler_ips/banked_framebuf/yosys/banked_framebuf.sv2v.v:195$2015_EN[23:0]$2540
     2/4: $1$memwr$\g_by[1].g_bx[1].mem$/Users/paulbarcelona/Library/CloudStorage/OneDrive-Personal/GitHub/digital_ip/image_processing/scaler_ips/banked_framebuf/yosys/banked_framebuf.sv2v.v:195$2015_DATA[23:0]$2539
     3/4: $1$memwr$\g_by[1].g_bx[1].mem$/Users/paulbarcelona/Library/CloudStorage/OneDrive-Personal/GitHub/digital_ip/image_processing/scaler_ips/banked_framebuf/yosys/banked_framebuf.sv2v.v:195$2015_ADDR[14:0]$2538
     4/4: $0\bank_q[5][23:0]
Creating decoders for process `\banked_framebuf.$proc$/Users/paulbarcelona/Library/CloudStorage/OneDrive-Personal/GitHub/digital_ip/image_processing/scaler_ips/banked_framebuf/yosys/banked_framebuf.sv2v.v:193$2517'.
     1/4: $1$memwr$\g_by[1].g_bx[0].mem$/Users/paulbarcelona/Library/CloudStorage/OneDrive-Personal/GitHub/digital_ip/image_processing/scaler_ips/banked_framebuf/yosys/banked_framebuf.sv2v.v:195$2014_EN[23:0]$2527
     2/4: $1$memwr$\g_by[1].g_bx[0].mem$/Users/paulbarcelona/Library/CloudStorage/OneDrive-Personal/GitHub/digital_ip/image_processing/scaler_ips/banked_framebuf/yosys/banked_framebuf.sv2v.v:195$2014_DATA[23:0]$2526
     3/4: $1$memwr$\g_by[1].g_bx[0].mem$/Users/paulbarcelona/Library/CloudStorage/OneDrive-Personal/GitHub/digital_ip/image_processing/scaler_ips/banked_framebuf/yosys/banked_framebuf.sv2v.v:195$2014_ADDR[14:0]$2525
     4/4: $0\bank_q[4][23:0]
Creating decoders for process `\banked_framebuf.$proc$/Users/paulbarcelona/Library/CloudStorage/OneDrive-Personal/GitHub/digital_ip/image_processing/scaler_ips/banked_framebuf/yosys/banked_framebuf.sv2v.v:193$2504'.
     1/4: $1$memwr$\g_by[0].g_bx[3].mem$/Users/paulbarcelona/Library/CloudStorage/OneDrive-Personal/GitHub/digital_ip/image_processing/scaler_ips/banked_framebuf/yosys/banked_framebuf.sv2v.v:195$2013_EN[23:0]$2514
     2/4: $1$memwr$\g_by[0].g_bx[3].mem$/Users/paulbarcelona/Library/CloudStorage/OneDrive-Personal/GitHub/digital_ip/image_processing/scaler_ips/banked_framebuf/yosys/banked_framebuf.sv2v.v:195$2013_DATA[23:0]$2513
     3/4: $1$memwr$\g_by[0].g_bx[3].mem$/Users/paulbarcelona/Library/CloudStorage/OneDrive-Personal/GitHub/digital_ip/image_processing/scaler_ips/banked_framebuf/yosys/banked_framebuf.sv2v.v:195$2013_ADDR[14:0]$2512
     4/4: $0\bank_q[3][23:0]
Creating decoders for process `\banked_framebuf.$proc$/Users/paulbarcelona/Library/CloudStorage/OneDrive-Personal/GitHub/digital_ip/image_processing/scaler_ips/banked_framebuf/yosys/banked_framebuf.sv2v.v:193$2491'.
     1/4: $1$memwr$\g_by[0].g_bx[2].mem$/Users/paulbarcelona/Library/CloudStorage/OneDrive-Personal/GitHub/digital_ip/image_processing/scaler_ips/banked_framebuf/yosys/banked_framebuf.sv2v.v:195$2012_EN[23:0]$2501
     2/4: $1$memwr$\g_by[0].g_bx[2].mem$/Users/paulbarcelona/Library/CloudStorage/OneDrive-Personal/GitHub/digital_ip/image_processing/scaler_ips/banked_framebuf/yosys/banked_framebuf.sv2v.v:195$2012_DATA[23:0]$2500
     3/4: $1$memwr$\g_by[0].g_bx[2].mem$/Users/paulbarcelona/Library/CloudStorage/OneDrive-Personal/GitHub/digital_ip/image_processing/scaler_ips/banked_framebuf/yosys/banked_framebuf.sv2v.v:195$2012_ADDR[14:0]$2499
     4/4: $0\bank_q[2][23:0]
Creating decoders for process `\banked_framebuf.$proc$/Users/paulbarcelona/Library/CloudStorage/OneDrive-Personal/GitHub/digital_ip/image_processing/scaler_ips/banked_framebuf/yosys/banked_framebuf.sv2v.v:193$2478'.
     1/4: $1$memwr$\g_by[0].g_bx[1].mem$/Users/paulbarcelona/Library/CloudStorage/OneDrive-Personal/GitHub/digital_ip/image_processing/scaler_ips/banked_framebuf/yosys/banked_framebuf.sv2v.v:195$2011_EN[23:0]$2488
     2/4: $1$memwr$\g_by[0].g_bx[1].mem$/Users/paulbarcelona/Library/CloudStorage/OneDrive-Personal/GitHub/digital_ip/image_processing/scaler_ips/banked_framebuf/yosys/banked_framebuf.sv2v.v:195$2011_DATA[23:0]$2487
     3/4: $1$memwr$\g_by[0].g_bx[1].mem$/Users/paulbarcelona/Library/CloudStorage/OneDrive-Personal/GitHub/digital_ip/image_processing/scaler_ips/banked_framebuf/yosys/banked_framebuf.sv2v.v:195$2011_ADDR[14:0]$2486
     4/4: $0\bank_q[1][23:0]
Creating decoders for process `\banked_framebuf.$proc$/Users/paulbarcelona/Library/CloudStorage/OneDrive-Personal/GitHub/digital_ip/image_processing/scaler_ips/banked_framebuf/yosys/banked_framebuf.sv2v.v:193$2465'.
     1/4: $1$memwr$\g_by[0].g_bx[0].mem$/Users/paulbarcelona/Library/CloudStorage/OneDrive-Personal/GitHub/digital_ip/image_processing/scaler_ips/banked_framebuf/yosys/banked_framebuf.sv2v.v:195$2010_EN[23:0]$2475
     2/4: $1$memwr$\g_by[0].g_bx[0].mem$/Users/paulbarcelona/Library/CloudStorage/OneDrive-Personal/GitHub/digital_ip/image_processing/scaler_ips/banked_framebuf/yosys/banked_framebuf.sv2v.v:195$2010_DATA[23:0]$2474
     3/4: $1$memwr$\g_by[0].g_bx[0].mem$/Users/paulbarcelona/Library/CloudStorage/OneDrive-Personal/GitHub/digital_ip/image_processing/scaler_ips/banked_framebuf/yosys/banked_framebuf.sv2v.v:195$2010_ADDR[14:0]$2473
     4/4: $0\bank_q[0][23:0]
Creating decoders for process `\banked_framebuf.$proc$/Users/paulbarcelona/Library/CloudStorage/OneDrive-Personal/GitHub/digital_ip/image_processing/scaler_ips/banked_framebuf/yosys/banked_framebuf.sv2v.v:202$2380'.
     1/16: $1$mem2reg_rd$\bank_q$/Users/paulbarcelona/Library/CloudStorage/OneDrive-Personal/GitHub/digital_ip/image_processing/scaler_ips/banked_framebuf/yosys/banked_framebuf.sv2v.v:211$2009_DATA[23:0]$2464
     2/16: $1$mem2reg_rd$\bank_q$/Users/paulbarcelona/Library/CloudStorage/OneDrive-Personal/GitHub/digital_ip/image_processing/scaler_ips/banked_framebuf/yosys/banked_framebuf.sv2v.v:211$2008_DATA[23:0]$2461
     3/16: $1$mem2reg_rd$\bank_q$/Users/paulbarcelona/Library/CloudStorage/OneDrive-Personal/GitHub/digital_ip/image_processing/scaler_ips/banked_framebuf/yosys/banked_framebuf.sv2v.v:211$2007_DATA[23:0]$2458
     4/16: $1$mem2reg_rd$\bank_q$/Users/paulbarcelona/Library/CloudStorage/OneDrive-Personal/GitHub/digital_ip/image_processing/scaler_ips/banked_framebuf/yosys/banked_framebuf.sv2v.v:211$2006_DATA[23:0]$2455
     5/16: $1$mem2reg_rd$\bank_q$/Users/paulbarcelona/Library/CloudStorage/OneDrive-Personal/GitHub/digital_ip/image_processing/scaler_ips/banked_framebuf/yosys/banked_framebuf.sv2v.v:211$2005_DATA[23:0]$2452
     6/16: $1$mem2reg_rd$\bank_q$/Users/paulbarcelona/Library/CloudStorage/OneDrive-Personal/GitHub/digital_ip/image_processing/scaler_ips/banked_framebuf/yosys/banked_framebuf.sv2v.v:211$2004_DATA[23:0]$2449
     7/16: $1$mem2reg_rd$\bank_q$/Users/paulbarcelona/Library/CloudStorage/OneDrive-Personal/GitHub/digital_ip/image_processing/scaler_ips/banked_framebuf/yosys/banked_framebuf.sv2v.v:211$2003_DATA[23:0]$2446
     8/16: $1$mem2reg_rd$\bank_q$/Users/paulbarcelona/Library/CloudStorage/OneDrive-Personal/GitHub/digital_ip/image_processing/scaler_ips/banked_framebuf/yosys/banked_framebuf.sv2v.v:211$2002_DATA[23:0]$2443
     9/16: $1$mem2reg_rd$\bank_q$/Users/paulbarcelona/Library/CloudStorage/OneDrive-Personal/GitHub/digital_ip/image_processing/scaler_ips/banked_framebuf/yosys/banked_framebuf.sv2v.v:211$2001_DATA[23:0]$2440
    10/16: $1$mem2reg_rd$\bank_q$/Users/paulbarcelona/Library/CloudStorage/OneDrive-Personal/GitHub/digital_ip/image_processing/scaler_ips/banked_framebuf/yosys/banked_framebuf.sv2v.v:211$2000_DATA[23:0]$2437
    11/16: $1$mem2reg_rd$\bank_q$/Users/paulbarcelona/Library/CloudStorage/OneDrive-Personal/GitHub/digital_ip/image_processing/scaler_ips/banked_framebuf/yosys/banked_framebuf.sv2v.v:211$1999_DATA[23:0]$2434
    12/16: $1$mem2reg_rd$\bank_q$/Users/paulbarcelona/Library/CloudStorage/OneDrive-Personal/GitHub/digital_ip/image_processing/scaler_ips/banked_framebuf/yosys/banked_framebuf.sv2v.v:211$1998_DATA[23:0]$2431
    13/16: $1$mem2reg_rd$\bank_q$/Users/paulbarcelona/Library/CloudStorage/OneDrive-Personal/GitHub/digital_ip/image_processing/scaler_ips/banked_framebuf/yosys/banked_framebuf.sv2v.v:211$1997_DATA[23:0]$2428
    14/16: $1$mem2reg_rd$\bank_q$/Users/paulbarcelona/Library/CloudStorage/OneDrive-Personal/GitHub/digital_ip/image_processing/scaler_ips/banked_framebuf/yosys/banked_framebuf.sv2v.v:211$1996_DATA[23:0]$2425
    15/16: $1$mem2reg_rd$\bank_q$/Users/paulbarcelona/Library/CloudStorage/OneDrive-Personal/GitHub/digital_ip/image_processing/scaler_ips/banked_framebuf/yosys/banked_framebuf.sv2v.v:211$1995_DATA[23:0]$2422
    16/16: $1$mem2reg_rd$\bank_q$/Users/paulbarcelona/Library/CloudStorage/OneDrive-Personal/GitHub/digital_ip/image_processing/scaler_ips/banked_framebuf/yosys/banked_framebuf.sv2v.v:211$1994_DATA[23:0]$2419
Creating decoders for process `\banked_framebuf.$proc$/Users/paulbarcelona/Library/CloudStorage/OneDrive-Personal/GitHub/digital_ip/image_processing/scaler_ips/banked_framebuf/yosys/banked_framebuf.sv2v.v:159$2275'.
     1/66: $1\sv2v_autoblock_5.t[31:0]
     2/66: $1\sv2v_autoblock_4.b[31:0]
     3/66: $1\sv2v_cast_DE851_signed$func$/Users/paulbarcelona/Library/CloudStorage/OneDrive-Personal/GitHub/digital_ip/image_processing/scaler_ips/banked_framebuf/yosys/banked_framebuf.sv2v.v:166$1961.$result[14:0]$2354
     4/66: $1\sv2v_cast_DE851_signed$func$/Users/paulbarcelona/Library/CloudStorage/OneDrive-Personal/GitHub/digital_ip/image_processing/scaler_ips/banked_framebuf/yosys/banked_framebuf.sv2v.v:166$1961.inp[14:0]$2355
     5/66: $1\prow$func$/Users/paulbarcelona/Library/CloudStorage/OneDrive-Personal/GitHub/digital_ip/image_processing/scaler_ips/banked_framebuf/yosys/banked_framebuf.sv2v.v:166$1960.$result[31:0]$2352
     6/66: $1\prow$func$/Users/paulbarcelona/Library/CloudStorage/OneDrive-Personal/GitHub/digital_ip/image_processing/scaler_ips/banked_framebuf/yosys/banked_framebuf.sv2v.v:166$1960.y[31:0]$2353
     7/66: $1\sv2v_cast_32_signed$func$/Users/paulbarcelona/Library/CloudStorage/OneDrive-Personal/GitHub/digital_ip/image_processing/scaler_ips/banked_framebuf/yosys/banked_framebuf.sv2v.v:166$1959.$result[31:0]$2350
     8/66: $1\sv2v_cast_32_signed$func$/Users/paulbarcelona/Library/CloudStorage/OneDrive-Personal/GitHub/digital_ip/image_processing/scaler_ips/banked_framebuf/yosys/banked_framebuf.sv2v.v:166$1959.inp[31:0]$2351
     9/66: $1\boff$func$/Users/paulbarcelona/Library/CloudStorage/OneDrive-Personal/GitHub/digital_ip/image_processing/scaler_ips/banked_framebuf/yosys/banked_framebuf.sv2v.v:166$1958.$result[31:0]$2348
    10/66: $1\boff$func$/Users/paulbarcelona/Library/CloudStorage/OneDrive-Personal/GitHub/digital_ip/image_processing/scaler_ips/banked_framebuf/yosys/banked_framebuf.sv2v.v:166$1958.b[0:0]$2349
    11/66: $1\sv2v_cast_DE851$func$/Users/paulbarcelona/Library/CloudStorage/OneDrive-Personal/GitHub/digital_ip/image_processing/scaler_ips/banked_framebuf/yosys/banked_framebuf.sv2v.v:165$1957.$result[14:0]$2346
    12/66: $1\sv2v_cast_DE851$func$/Users/paulbarcelona/Library/CloudStorage/OneDrive-Personal/GitHub/digital_ip/image_processing/scaler_ips/banked_framebuf/yosys/banked_framebuf.sv2v.v:165$1957.inp[14:0]$2347
    13/66: $1\sv2v_cast_DE851_signed$func$/Users/paulbarcelona/Library/CloudStorage/OneDrive-Personal/GitHub/digital_ip/image_processing/scaler_ips/banked_framebuf/yosys/banked_framebuf.sv2v.v:166$1956.$result[14:0]$2344
    14/66: $1\sv2v_cast_DE851_signed$func$/Users/paulbarcelona/Library/CloudStorage/OneDrive-Personal/GitHub/digital_ip/image_processing/scaler_ips/banked_framebuf/yosys/banked_framebuf.sv2v.v:166$1956.inp[14:0]$2345
    15/66: $1\prow$func$/Users/paulbarcelona/Library/CloudStorage/OneDrive-Personal/GitHub/digital_ip/image_processing/scaler_ips/banked_framebuf/yosys/banked_framebuf.sv2v.v:166$1955.$result[31:0]$2342
    16/66: $1\prow$func$/Users/paulbarcelona/Library/CloudStorage/OneDrive-Personal/GitHub/digital_ip/image_processing/scaler_ips/banked_framebuf/yosys/banked_framebuf.sv2v.v:166$1955.y[31:0]$2343
    17/66: $1\sv2v_cast_32_signed$func$/Users/paulbarcelona/Library/CloudStorage/OneDrive-Personal/GitHub/digital_ip/image_processing/scaler_ips/banked_framebuf/yosys/banked_framebuf.sv2v.v:166$1954.$result[31:0]$2340
    18/66: $1\sv2v_cast_32_signed$func$/Users/paulbarcelona/Library/CloudStorage/OneDrive-Personal/GitHub/digital_ip/image_processing/scaler_ips/banked_framebuf/yosys/banked_framebuf.sv2v.v:166$1954.inp[31:0]$2341
    19/66: $1\boff$func$/Users/paulbarcelona/Library/CloudStorage/OneDrive-Personal/GitHub/digital_ip/image_processing/scaler_ips/banked_framebuf/yosys/banked_framebuf.sv2v.v:166$1953.$result[31:0]$2338
    20/66: $1\boff$func$/Users/paulbarcelona/Library/CloudStorage/OneDrive-Personal/GitHub/digital_ip/image_processing/scaler_ips/banked_framebuf/yosys/banked_framebuf.sv2v.v:166$1953.b[0:0]$2339
    21/66: $1\sv2v_cast_DE851$func$/Users/paulbarcelona/Library/CloudStorage/OneDrive-Personal/GitHub/digital_ip/image_processing/scaler_ips/banked_framebuf/yosys/banked_framebuf.sv2v.v:165$1952.$result[14:0]$2336
    22/66: $1\sv2v_cast_DE851$func$/Users/paulbarcelona/Library/CloudStorage/OneDrive-Personal/GitHub/digital_ip/image_processing/scaler_ips/banked_framebuf/yosys/banked_framebuf.sv2v.v:165$1952.inp[14:0]$2337
    23/66: $1\sv2v_cast_DE851_signed$func$/Users/paulbarcelona/Library/CloudStorage/OneDrive-Personal/GitHub/digital_ip/image_processing/scaler_ips/banked_framebuf/yosys/banked_framebuf.sv2v.v:166$1951.$result[14:0]$2334
    24/66: $1\sv2v_cast_DE851_signed$func$/Users/paulbarcelona/Library/CloudStorage/OneDrive-Personal/GitHub/digital_ip/image_processing/scaler_ips/banked_framebuf/yosys/banked_framebuf.sv2v.v:166$1951.inp[14:0]$2335
    25/66: $1\prow$func$/Users/paulbarcelona/Library/CloudStorage/OneDrive-Personal/GitHub/digital_ip/image_processing/scaler_ips/banked_framebuf/yosys/banked_framebuf.sv2v.v:166$1950.$result[31:0]$2332
    26/66: $1\prow$func$/Users/paulbarcelona/Library/CloudStorage/OneDrive-Personal/GitHub/digital_ip/image_processing/scaler_ips/banked_framebuf/yosys/banked_framebuf.sv2v.v:166$1950.y[31:0]$2333
    27/66: $1\sv2v_cast_32_signed$func$/Users/paulbarcelona/Library/CloudStorage/OneDrive-Personal/GitHub/digital_ip/image_processing/scaler_ips/banked_framebuf/yosys/banked_framebuf.sv2v.v:166$1949.$result[31:0]$2330
    28/66: $1\sv2v_cast_32_signed$func$/Users/paulbarcelona/Library/CloudStorage/OneDrive-Personal/GitHub/digital_ip/image_processing/scaler_ips/banked_framebuf/yosys/banked_framebuf.sv2v.v:166$1949.inp[31:0]$2331
    29/66: $1\boff$func$/Users/paulbarcelona/Library/CloudStorage/OneDrive-Personal/GitHub/digital_ip/image_processing/scaler_ips/banked_framebuf/yosys/banked_framebuf.sv2v.v:166$1948.$result[31:0]$2328
    30/66: $1\boff$func$/Users/paulbarcelona/Library/CloudStorage/OneDrive-Personal/GitHub/digital_ip/image_processing/scaler_ips/banked_framebuf/yosys/banked_framebuf.sv2v.v:166$1948.b[0:0]$2329
    31/66: $1\sv2v_cast_DE851$func$/Users/paulbarcelona/Library/CloudStorage/OneDrive-Personal/GitHub/digital_ip/image_processing/scaler_ips/banked_framebuf/yosys/banked_framebuf.sv2v.v:165$1947.$result[14:0]$2326
    32/66: $1\sv2v_cast_DE851$func$/Users/paulbarcelona/Library/CloudStorage/OneDrive-Personal/GitHub/digital_ip/image_processing/scaler_ips/banked_framebuf/yosys/banked_framebuf.sv2v.v:165$1947.inp[14:0]$2327
    33/66: $1\sv2v_cast_DE851_signed$func$/Users/paulbarcelona/Library/CloudStorage/OneDrive-Personal/GitHub/digital_ip/image_processing/scaler_ips/banked_framebuf/yosys/banked_framebuf.sv2v.v:166$1946.$result[14:0]$2324
    34/66: $1\sv2v_cast_DE851_signed$func$/Users/paulbarcelona/Library/CloudStorage/OneDrive-Personal/GitHub/digital_ip/image_processing/scaler_ips/banked_framebuf/yosys/banked_framebuf.sv2v.v:166$1946.inp[14:0]$2325
    35/66: $1\prow$func$/Users/paulbarcelona/Library/CloudStorage/OneDrive-Personal/GitHub/digital_ip/image_processing/scaler_ips/banked_framebuf/yosys/banked_framebuf.sv2v.v:166$1945.$result[31:0]$2322
    36/66: $1\prow$func$/Users/paulbarcelona/Library/CloudStorage/OneDrive-Personal/GitHub/digital_ip/image_processing/scaler_ips/banked_framebuf/yosys/banked_framebuf.sv2v.v:166$1945.y[31:0]$2323
    37/66: $1\sv2v_cast_32_signed$func$/Users/paulbarcelona/Library/CloudStorage/OneDrive-Personal/GitHub/digital_ip/image_processing/scaler_ips/banked_framebuf/yosys/banked_framebuf.sv2v.v:166$1944.$result[31:0]$2320
    38/66: $1\sv2v_cast_32_signed$func$/Users/paulbarcelona/Library/CloudStorage/OneDrive-Personal/GitHub/digital_ip/image_processing/scaler_ips/banked_framebuf/yosys/banked_framebuf.sv2v.v:166$1944.inp[31:0]$2321
    39/66: $1\boff$func$/Users/paulbarcelona/Library/CloudStorage/OneDrive-Personal/GitHub/digital_ip/image_processing/scaler_ips/banked_framebuf/yosys/banked_framebuf.sv2v.v:166$1943.$result[31:0]$2318
    40/66: $1\boff$func$/Users/paulbarcelona/Library/CloudStorage/OneDrive-Personal/GitHub/digital_ip/image_processing/scaler_ips/banked_framebuf/yosys/banked_framebuf.sv2v.v:166$1943.b[0:0]$2319
    41/66: $1\sv2v_cast_DE851$func$/Users/paulbarcelona/Library/CloudStorage/OneDrive-Personal/GitHub/digital_ip/image_processing/scaler_ips/banked_framebuf/yosys/banked_framebuf.sv2v.v:165$1942.$result[14:0]$2316
    42/66: $1\sv2v_cast_DE851$func$/Users/paulbarcelona/Library/CloudStorage/OneDrive-Personal/GitHub/digital_ip/image_processing/scaler_ips/banked_framebuf/yosys/banked_framebuf.sv2v.v:165$1942.inp[14:0]$2317
    43/66: $0\tsy_qq[3][1:0]
    44/66: $0\tsy_qq[2][1:0]
    45/66: $0\tsy_qq[1][1:0]
    46/66: $0\tsy_qq[0][1:0]
    47/66: $0\tsx_qq[3][1:0]
    48/66: $0\tsx_qq[2][1:0]
    49/66: $0\tsx_qq[1][1:0]
    50/66: $0\tsx_qq[0][1:0]
    51/66: $0\tsy_q[3][1:0]
    52/66: $0\tsy_q[2][1:0]
    53/66: $0\tsy_q[1][1:0]
    54/66: $0\tsy_q[0][1:0]
    55/66: $0\tsx_q[3][1:0]
    56/66: $0\tsx_q[2][1:0]
    57/66: $0\tsx_q[1][1:0]
    58/66: $0\tsx_q[0][1:0]
    59/66: $0\rowpart_q[3][14:0]
    60/66: $0\rowpart_q[2][14:0]
    61/66: $0\rowpart_q[1][14:0]
    62/66: $0\rowpart_q[0][14:0]
    63/66: $0\colpart_q[3][14:0]
    64/66: $0\colpart_q[2][14:0]
    65/66: $0\colpart_q[1][14:0]
    66/66: $0\colpart_q[0][14:0]
Creating decoders for process `\banked_framebuf.$proc$/Users/paulbarcelona/Library/CloudStorage/OneDrive-Personal/GitHub/digital_ip/image_processing/scaler_ips/banked_framebuf/yosys/banked_framebuf.sv2v.v:122$2048'.
     1/24: $2\clampc$func$/Users/paulbarcelona/Library/CloudStorage/OneDrive-Personal/GitHub/digital_ip/image_processing/scaler_ips/banked_framebuf/yosys/banked_framebuf.sv2v.v:145$1940.$result[15:0]$2272
     2/24: $1\clampc$func$/Users/paulbarcelona/Library/CloudStorage/OneDrive-Personal/GitHub/digital_ip/image_processing/scaler_ips/banked_framebuf/yosys/banked_framebuf.sv2v.v:145$1940.$result[15:0]$2269
     3/24: $2\clampc$func$/Users/paulbarcelona/Library/CloudStorage/OneDrive-Personal/GitHub/digital_ip/image_processing/scaler_ips/banked_framebuf/yosys/banked_framebuf.sv2v.v:144$1937.$result[15:0]$2264
     4/24: $1\clampc$func$/Users/paulbarcelona/Library/CloudStorage/OneDrive-Personal/GitHub/digital_ip/image_processing/scaler_ips/banked_framebuf/yosys/banked_framebuf.sv2v.v:144$1937.$result[15:0]$2261
     5/24: $2\clampc$func$/Users/paulbarcelona/Library/CloudStorage/OneDrive-Personal/GitHub/digital_ip/image_processing/scaler_ips/banked_framebuf/yosys/banked_framebuf.sv2v.v:145$1934.$result[15:0]$2256
     6/24: $1\clampc$func$/Users/paulbarcelona/Library/CloudStorage/OneDrive-Personal/GitHub/digital_ip/image_processing/scaler_ips/banked_framebuf/yosys/banked_framebuf.sv2v.v:145$1934.$result[15:0]$2253
     7/24: $2\clampc$func$/Users/paulbarcelona/Library/CloudStorage/OneDrive-Personal/GitHub/digital_ip/image_processing/scaler_ips/banked_framebuf/yosys/banked_framebuf.sv2v.v:144$1931.$result[15:0]$2248
     8/24: $1\clampc$func$/Users/paulbarcelona/Library/CloudStorage/OneDrive-Personal/GitHub/digital_ip/image_processing/scaler_ips/banked_framebuf/yosys/banked_framebuf.sv2v.v:144$1931.$result[15:0]$2245
     9/24: $2\clampc$func$/Users/paulbarcelona/Library/CloudStorage/OneDrive-Personal/GitHub/digital_ip/image_processing/scaler_ips/banked_framebuf/yosys/banked_framebuf.sv2v.v:145$1928.$result[15:0]$2240
    10/24: $1\clampc$func$/Users/paulbarcelona/Library/CloudStorage/OneDrive-Personal/GitHub/digital_ip/image_processing/scaler_ips/banked_framebuf/yosys/banked_framebuf.sv2v.v:145$1928.$result[15:0]$2237
    11/24: $2\clampc$func$/Users/paulbarcelona/Library/CloudStorage/OneDrive-Personal/GitHub/digital_ip/image_processing/scaler_ips/banked_framebuf/yosys/banked_framebuf.sv2v.v:144$1925.$result[15:0]$2232
    12/24: $1\clampc$func$/Users/paulbarcelona/Library/CloudStorage/OneDrive-Personal/GitHub/digital_ip/image_processing/scaler_ips/banked_framebuf/yosys/banked_framebuf.sv2v.v:144$1925.$result[15:0]$2229
    13/24: $2\clampc$func$/Users/paulbarcelona/Library/CloudStorage/OneDrive-Personal/GitHub/digital_ip/image_processing/scaler_ips/banked_framebuf/yosys/banked_framebuf.sv2v.v:145$1922.$result[15:0]$2224
    14/24: $1\clampc$func$/Users/paulbarcelona/Library/CloudStorage/OneDrive-Personal/GitHub/digital_ip/image_processing/scaler_ips/banked_framebuf/yosys/banked_framebuf.sv2v.v:145$1922.$result[15:0]$2221
    15/24: $2\clampc$func$/Users/paulbarcelona/Library/CloudStorage/OneDrive-Personal/GitHub/digital_ip/image_processing/scaler_ips/banked_framebuf/yosys/banked_framebuf.sv2v.v:144$1919.$result[15:0]$2216
    16/24: $1\clampc$func$/Users/paulbarcelona/Library/CloudStorage/OneDrive-Personal/GitHub/digital_ip/image_processing/scaler_ips/banked_framebuf/yosys/banked_framebuf.sv2v.v:144$1919.$result[15:0]$2213
    17/24: $2\clampc$func$/Users/paulbarcelona/Library/CloudStorage/OneDrive-Personal/GitHub/digital_ip/image_processing/scaler_ips/banked_framebuf/yosys/banked_framebuf.sv2v.v:128$1901.$result[15:0]$2161
    18/24: $1\clampc$func$/Users/paulbarcelona/Library/CloudStorage/OneDrive-Personal/GitHub/digital_ip/image_processing/scaler_ips/banked_framebuf/yosys/banked_framebuf.sv2v.v:128$1901.$result[15:0]$2158
    19/24: $2\clampc$func$/Users/paulbarcelona/Library/CloudStorage/OneDrive-Personal/GitHub/digital_ip/image_processing/scaler_ips/banked_framebuf/yosys/banked_framebuf.sv2v.v:127$1899.$result[15:0]$2154
    20/24: $1\clampc$func$/Users/paulbarcelona/Library/CloudStorage/OneDrive-Personal/GitHub/digital_ip/image_processing/scaler_ips/banked_framebuf/yosys/banked_framebuf.sv2v.v:127$1899.$result[15:0]$2151
    21/24: $2\clampc$func$/Users/paulbarcelona/Library/CloudStorage/OneDrive-Personal/GitHub/digital_ip/image_processing/scaler_ips/banked_framebuf/yosys/banked_framebuf.sv2v.v:126$1898.$result[15:0]$2148
    22/24: $1\clampc$func$/Users/paulbarcelona/Library/CloudStorage/OneDrive-Personal/GitHub/digital_ip/image_processing/scaler_ips/banked_framebuf/yosys/banked_framebuf.sv2v.v:126$1898.$result[15:0]$2145
    23/24: $2\clampc$func$/Users/paulbarcelona/Library/CloudStorage/OneDrive-Personal/GitHub/digital_ip/image_processing/scaler_ips/banked_framebuf/yosys/banked_framebuf.sv2v.v:125$1896.$result[15:0]$2141
    24/24: $1\clampc$func$/Users/paulbarcelona/Library/CloudStorage/OneDrive-Personal/GitHub/digital_ip/image_processing/scaler_ips/banked_framebuf/yosys/banked_framebuf.sv2v.v:125$1896.$result[15:0]$2138
Creating decoders for process `\banked_framebuf.$proc$/Users/paulbarcelona/Library/CloudStorage/OneDrive-Personal/GitHub/digital_ip/image_processing/scaler_ips/banked_framebuf/yosys/banked_framebuf.sv2v.v:99$2026'.

9.1.1.8. Executing PROC_DLATCH pass (convert process syncs to latches).
No latch inferred for signal `\banked_framebuf.\_sv2v_0' from process `\banked_framebuf.$proc$/Users/paulbarcelona/Library/CloudStorage/OneDrive-Personal/GitHub/digital_ip/image_processing/scaler_ips/banked_framebuf/yosys/banked_framebuf.sv2v.v:215$2674'.
No latch inferred for signal `\banked_framebuf.\rd_win' from process `\banked_framebuf.$proc$/Users/paulbarcelona/Library/CloudStorage/OneDrive-Personal/GitHub/digital_ip/image_processing/scaler_ips/banked_framebuf/yosys/banked_framebuf.sv2v.v:202$2380'.
No latch inferred for signal `\banked_framebuf.\sv2v_autoblock_6.j' from process `\banked_framebuf.$proc$/Users/paulbarcelona/Library/CloudStorage/OneDrive-Personal/GitHub/digital_ip/image_processing/scaler_ips/banked_framebuf/yosys/banked_framebuf.sv2v.v:202$2380'.
No latch inferred for signal `\banked_framebuf.\sv2v_autoblock_6.$for_loop$1101[0].sv2v_autoblock_7.i' from process `\banked_framebuf.$proc$/Users/paulbarcelona/Library/CloudStorage/OneDrive-Personal/GitHub/digital_ip/image_processing/scaler_ips/banked_framebuf/yosys/banked_framebuf.sv2v.v:202$2380'.
No latch inferred for signal `\banked_framebuf.\sv2v_autoblock_6.$for_loop$1101[1].sv2v_autoblock_7.i' from process `\banked_framebuf.$proc$/Users/paulbarcelona/Library/CloudStorage/OneDrive-Personal/GitHub/digital_ip/image_processing/scaler_ips/banked_framebuf/yosys/banked_framebuf.sv2v.v:202$2380'.
No latch inferred for signal `\banked_framebuf.\sv2v_autoblock_6.$for_loop$1101[2].sv2v_autoblock_7.i' from process `\banked_framebuf.$proc$/Users/paulbarcelona/Library/CloudStorage/OneDrive-Personal/GitHub/digital_ip/image_processing/scaler_ips/banked_framebuf/yosys/banked_framebuf.sv2v.v:202$2380'.
No latch inferred for signal `\banked_framebuf.\sv2v_autoblock_6.$for_loop$1101[3].sv2v_autoblock_7.i' from process `\banked_framebuf.$proc$/Users/paulbarcelona/Library/CloudStorage/OneDrive-Personal/GitHub/digital_ip/image_processing/scaler_ips/banked_framebuf/yosys/banked_framebuf.sv2v.v:202$2380'.
No latch inferred for signal `\banked_framebuf.\lo_x' from process `\banked_framebuf.$proc$/Users/paulbarcelona/Library/CloudStorage/OneDrive-Personal/GitHub/digital_ip/image_processing/scaler_ips/banked_framebuf/yosys/banked_framebuf.sv2v.v:122$2048'.
No latch inferred for signal `\banked_framebuf.\hi_x' from process `\banked_framebuf.$proc$/Users/paulbarcelona/Library/CloudStorage/OneDrive-Personal/GitHub/digital_ip/image_processing/scaler_ips/banked_framebuf/yosys/banked_framebuf.sv2v.v:122$2048'.
No latch inferred for signal `\banked_framebuf.\lo_y' from process `\banked_framebuf.$proc$/Users/paulbarcelona/Library/CloudStorage/OneDrive-Personal/GitHub/digital_ip/image_processing/scaler_ips/banked_framebuf/yosys/banked_framebuf.sv2v.v:122$2048'.
No latch inferred for signal `\banked_framebuf.\hi_y' from process `\banked_framebuf.$proc$/Users/paulbarcelona/Library/CloudStorage/OneDrive-Personal/GitHub/digital_ip/image_processing/scaler_ips/banked_framebuf/yosys/banked_framebuf.sv2v.v:122$2048'.
No latch inferred for signal `\banked_framebuf.\sv2v_autoblock_1.b' from process `\banked_framebuf.$proc$/Users/paulbarcelona/Library/CloudStorage/OneDrive-Personal/GitHub/digital_ip/image_processing/scaler_ips/banked_framebuf/yosys/banked_framebuf.sv2v.v:122$2048'.
No latch inferred for signal `\banked_framebuf.\sv2v_autoblock_1.$for_loop$1097[0].sv2v_autoblock_2.c' from process `\banked_framebuf.$proc$/Users/paulbarcelona/Library/CloudStorage/OneDrive-Personal/GitHub/digital_ip/image_processing/scaler_ips/banked_framebuf/yosys/banked_framebuf.sv2v.v:122$2048'.
No latch inferred for signal `\banked_framebuf.\sv2v_autoblock_1.$for_loop$1097[1].sv2v_autoblock_2.c' from process `\banked_framebuf.$proc$/Users/paulbarcelona/Library/CloudStorage/OneDrive-Personal/GitHub/digital_ip/image_processing/scaler_ips/banked_framebuf/yosys/banked_framebuf.sv2v.v:122$2048'.
No latch inferred for signal `\banked_framebuf.\sv2v_autoblock_1.$for_loop$1097[2].sv2v_autoblock_2.c' from process `\banked_framebuf.$proc$/Users/paulbarcelona/Library/CloudStorage/OneDrive-Personal/GitHub/digital_ip/image_processing/scaler_ips/banked_framebuf/yosys/banked_framebuf.sv2v.v:122$2048'.
No latch inferred for signal `\banked_framebuf.\sv2v_autoblock_1.$for_loop$1097[3].sv2v_autoblock_2.c' from process `\banked_framebuf.$proc$/Users/paulbarcelona/Library/CloudStorage/OneDrive-Personal/GitHub/digital_ip/image_processing/scaler_ips/banked_framebuf/yosys/banked_framebuf.sv2v.v:122$2048'.
No latch inferred for signal `\banked_framebuf.\sv2v_autoblock_3.t' from process `\banked_framebuf.$proc$/Users/paulbarcelona/Library/CloudStorage/OneDrive-Personal/GitHub/digital_ip/image_processing/scaler_ips/banked_framebuf/yosys/banked_framebuf.sv2v.v:122$2048'.
No latch inferred for signal `\banked_framebuf.\bcx[0]' from process `\banked_framebuf.$proc$/Users/paulbarcelona/Library/CloudStorage/OneDrive-Personal/GitHub/digital_ip/image_processing/scaler_ips/banked_framebuf/yosys/banked_framebuf.sv2v.v:122$2048'.
No latch inferred for signal `\banked_framebuf.\bcx[1]' from process `\banked_framebuf.$proc$/Users/paulbarcelona/Library/CloudStorage/OneDrive-Personal/GitHub/digital_ip/image_processing/scaler_ips/banked_framebuf/yosys/banked_framebuf.sv2v.v:122$2048'.
No latch inferred for signal `\banked_framebuf.\bcx[2]' from process `\banked_framebuf.$proc$/Users/paulbarcelona/Library/CloudStorage/OneDrive-Personal/GitHub/digital_ip/image_processing/scaler_ips/banked_framebuf/yosys/banked_framebuf.sv2v.v:122$2048'.
No latch inferred for signal `\banked_framebuf.\bcx[3]' from process `\banked_framebuf.$proc$/Users/paulbarcelona/Library/CloudStorage/OneDrive-Personal/GitHub/digital_ip/image_processing/scaler_ips/banked_framebuf/yosys/banked_framebuf.sv2v.v:122$2048'.
No latch inferred for signal `\banked_framebuf.\bcy[0]' from process `\banked_framebuf.$proc$/Users/paulbarcelona/Library/CloudStorage/OneDrive-Personal/GitHub/digital_ip/image_processing/scaler_ips/banked_framebuf/yosys/banked_framebuf.sv2v.v:122$2048'.
No latch inferred for signal `\banked_framebuf.\bcy[1]' from process `\banked_framebuf.$proc$/Users/paulbarcelona/Library/CloudStorage/OneDrive-Personal/GitHub/digital_ip/image_processing/scaler_ips/banked_framebuf/yosys/banked_framebuf.sv2v.v:122$2048'.
No latch inferred for signal `\banked_framebuf.\bcy[2]' from process `\banked_framebuf.$proc$/Users/paulbarcelona/Library/CloudStorage/OneDrive-Personal/GitHub/digital_ip/image_processing/scaler_ips/banked_framebuf/yosys/banked_framebuf.sv2v.v:122$2048'.
No latch inferred for signal `\banked_framebuf.\bcy[3]' from process `\banked_framebuf.$proc$/Users/paulbarcelona/Library/CloudStorage/OneDrive-Personal/GitHub/digital_ip/image_processing/scaler_ips/banked_framebuf/yosys/banked_framebuf.sv2v.v:122$2048'.
No latch inferred for signal `\banked_framebuf.\tsx[0]' from process `\banked_framebuf.$proc$/Users/paulbarcelona/Library/CloudStorage/OneDrive-Personal/GitHub/digital_ip/image_processing/scaler_ips/banked_framebuf/yosys/banked_framebuf.sv2v.v:122$2048'.
No latch inferred for signal `\banked_framebuf.\tsx[1]' from process `\banked_framebuf.$proc$/Users/paulbarcelona/Library/CloudStorage/OneDrive-Personal/GitHub/digital_ip/image_processing/scaler_ips/banked_framebuf/yosys/banked_framebuf.sv2v.v:122$2048'.
No latch inferred for signal `\banked_framebuf.\tsx[2]' from process `\banked_framebuf.$proc$/Users/paulbarcelona/Library/CloudStorage/OneDrive-Personal/GitHub/digital_ip/image_processing/scaler_ips/banked_framebuf/yosys/banked_framebuf.sv2v.v:122$2048'.
No latch inferred for signal `\banked_framebuf.\tsx[3]' from process `\banked_framebuf.$proc$/Users/paulbarcelona/Library/CloudStorage/OneDrive-Personal/GitHub/digital_ip/image_processing/scaler_ips/banked_framebuf/yosys/banked_framebuf.sv2v.v:122$2048'.
No latch inferred for signal `\banked_framebuf.\tsy[0]' from process `\banked_framebuf.$proc$/Users/paulbarcelona/Library/CloudStorage/OneDrive-Personal/GitHub/digital_ip/image_processing/scaler_ips/banked_framebuf/yosys/banked_framebuf.sv2v.v:122$2048'.
No latch inferred for signal `\banked_framebuf.\tsy[1]' from process `\banked_framebuf.$proc$/Users/paulbarcelona/Library/CloudStorage/OneDrive-Personal/GitHub/digital_ip/image_processing/scaler_ips/banked_framebuf/yosys/banked_framebuf.sv2v.v:122$2048'.
No latch inferred for signal `\banked_framebuf.\tsy[2]' from process `\banked_framebuf.$proc$/Users/paulbarcelona/Library/CloudStorage/OneDrive-Personal/GitHub/digital_ip/image_processing/scaler_ips/banked_framebuf/yosys/banked_framebuf.sv2v.v:122$2048'.
No latch inferred for signal `\banked_framebuf.\tsy[3]' from process `\banked_framebuf.$proc$/Users/paulbarcelona/Library/CloudStorage/OneDrive-Personal/GitHub/digital_ip/image_processing/scaler_ips/banked_framebuf/yosys/banked_framebuf.sv2v.v:122$2048'.

9.1.1.9. Executing PROC_DFF pass (convert process syncs to FFs).
Creating register for signal `\banked_framebuf.\bank_q[15]' using process `\banked_framebuf.$proc$/Users/paulbarcelona/Library/CloudStorage/OneDrive-Personal/GitHub/digital_ip/image_processing/scaler_ips/banked_framebuf/yosys/banked_framebuf.sv2v.v:193$2660'.
  created $dff cell `$procdff$3429' with positive edge clock.
Creating register for signal `\banked_framebuf.$memwr$\g_by[3].g_bx[3].mem$/Users/paulbarcelona/Library/CloudStorage/OneDrive-Personal/GitHub/digital_ip/image_processing/scaler_ips/banked_framebuf/yosys/banked_framebuf.sv2v.v:195$2025_ADDR' using process `\banked_framebuf.$proc$/Users/paulbarcelona/Library/CloudStorage/OneDrive-Personal/GitHub/digital_ip/image_processing/scaler_ips/banked_framebuf/yosys/banked_framebuf.sv2v.v:193$2660'.
  created $dff cell `$procdff$3430' with positive edge clock.
Creating register for signal `\banked_framebuf.$memwr$\g_by[3].g_bx[3].mem$/Users/paulbarcelona/Library/CloudStorage/OneDrive-Personal/GitHub/digital_ip/image_processing/scaler_ips/banked_framebuf/yosys/banked_framebuf.sv2v.v:195$2025_DATA' using process `\banked_framebuf.$proc$/Users/paulbarcelona/Library/CloudStorage/OneDrive-Personal/GitHub/digital_ip/image_processing/scaler_ips/banked_framebuf/yosys/banked_framebuf.sv2v.v:193$2660'.
  created $dff cell `$procdff$3431' with positive edge clock.
Creating register for signal `\banked_framebuf.$memwr$\g_by[3].g_bx[3].mem$/Users/paulbarcelona/Library/CloudStorage/OneDrive-Personal/GitHub/digital_ip/image_processing/scaler_ips/banked_framebuf/yosys/banked_framebuf.sv2v.v:195$2025_EN' using process `\banked_framebuf.$proc$/Users/paulbarcelona/Library/CloudStorage/OneDrive-Personal/GitHub/digital_ip/image_processing/scaler_ips/banked_framebuf/yosys/banked_framebuf.sv2v.v:193$2660'.
  created $dff cell `$procdff$3432' with positive edge clock.
Creating register for signal `\banked_framebuf.\bank_q[14]' using process `\banked_framebuf.$proc$/Users/paulbarcelona/Library/CloudStorage/OneDrive-Personal/GitHub/digital_ip/image_processing/scaler_ips/banked_framebuf/yosys/banked_framebuf.sv2v.v:193$2647'.
  created $dff cell `$procdff$3433' with positive edge clock.
Creating register for signal `\banked_framebuf.$memwr$\g_by[3].g_bx[2].mem$/Users/paulbarcelona/Library/CloudStorage/OneDrive-Personal/GitHub/digital_ip/image_processing/scaler_ips/banked_framebuf/yosys/banked_framebuf.sv2v.v:195$2024_ADDR' using process `\banked_framebuf.$proc$/Users/paulbarcelona/Library/CloudStorage/OneDrive-Personal/GitHub/digital_ip/image_processing/scaler_ips/banked_framebuf/yosys/banked_framebuf.sv2v.v:193$2647'.
  created $dff cell `$procdff$3434' with positive edge clock.
Creating register for signal `\banked_framebuf.$memwr$\g_by[3].g_bx[2].mem$/Users/paulbarcelona/Library/CloudStorage/OneDrive-Personal/GitHub/digital_ip/image_processing/scaler_ips/banked_framebuf/yosys/banked_framebuf.sv2v.v:195$2024_DATA' using process `\banked_framebuf.$proc$/Users/paulbarcelona/Library/CloudStorage/OneDrive-Personal/GitHub/digital_ip/image_processing/scaler_ips/banked_framebuf/yosys/banked_framebuf.sv2v.v:193$2647'.
  created $dff cell `$procdff$3435' with positive edge clock.
Creating register for signal `\banked_framebuf.$memwr$\g_by[3].g_bx[2].mem$/Users/paulbarcelona/Library/CloudStorage/OneDrive-Personal/GitHub/digital_ip/image_processing/scaler_ips/banked_framebuf/yosys/banked_framebuf.sv2v.v:195$2024_EN' using process `\banked_framebuf.$proc$/Users/paulbarcelona/Library/CloudStorage/OneDrive-Personal/GitHub/digital_ip/image_processing/scaler_ips/banked_framebuf/yosys/banked_framebuf.sv2v.v:193$2647'.
  created $dff cell `$procdff$3436' with positive edge clock.
Creating register for signal `\banked_framebuf.\bank_q[13]' using process `\banked_framebuf.$proc$/Users/paulbarcelona/Library/CloudStorage/OneDrive-Personal/GitHub/digital_ip/image_processing/scaler_ips/banked_framebuf/yosys/banked_framebuf.sv2v.v:193$2634'.
  created $dff cell `$procdff$3437' with positive edge clock.
Creating register for signal `\banked_framebuf.$memwr$\g_by[3].g_bx[1].mem$/Users/paulbarcelona/Library/CloudStorage/OneDrive-Personal/GitHub/digital_ip/image_processing/scaler_ips/banked_framebuf/yosys/banked_framebuf.sv2v.v:195$2023_ADDR' using process `\banked_framebuf.$proc$/Users/paulbarcelona/Library/CloudStorage/OneDrive-Personal/GitHub/digital_ip/image_processing/scaler_ips/banked_framebuf/yosys/banked_framebuf.sv2v.v:193$2634'.
  created $dff cell `$procdff$3438' with positive edge clock.
Creating register for signal `\banked_framebuf.$memwr$\g_by[3].g_bx[1].mem$/Users/paulbarcelona/Library/CloudStorage/OneDrive-Personal/GitHub/digital_ip/image_processing/scaler_ips/banked_framebuf/yosys/banked_framebuf.sv2v.v:195$2023_DATA' using process `\banked_framebuf.$proc$/Users/paulbarcelona/Library/CloudStorage/OneDrive-Personal/GitHub/digital_ip/image_processing/scaler_ips/banked_framebuf/yosys/banked_framebuf.sv2v.v:193$2634'.
  created $dff cell `$procdff$3439' with positive edge clock.
Creating register for signal `\banked_framebuf.$memwr$\g_by[3].g_bx[1].mem$/Users/paulbarcelona/Library/CloudStorage/OneDrive-Personal/GitHub/digital_ip/image_processing/scaler_ips/banked_framebuf/yosys/banked_framebuf.sv2v.v:195$2023_EN' using process `\banked_framebuf.$proc$/Users/paulbarcelona/Library/CloudStorage/OneDrive-Personal/GitHub/digital_ip/image_processing/scaler_ips/banked_framebuf/yosys/banked_framebuf.sv2v.v:193$2634'.
  created $dff cell `$procdff$3440' with positive edge clock.
Creating register for signal `\banked_framebuf.\bank_q[12]' using process `\banked_framebuf.$proc$/Users/paulbarcelona/Library/CloudStorage/OneDrive-Personal/GitHub/digital_ip/image_processing/scaler_ips/banked_framebuf/yosys/banked_framebuf.sv2v.v:193$2621'.
  created $dff cell `$procdff$3441' with positive edge clock.
Creating register for signal `\banked_framebuf.$memwr$\g_by[3].g_bx[0].mem$/Users/paulbarcelona/Library/CloudStorage/OneDrive-Personal/GitHub/digital_ip/image_processing/scaler_ips/banked_framebuf/yosys/banked_framebuf.sv2v.v:195$2022_ADDR' using process `\banked_framebuf.$proc$/Users/paulbarcelona/Library/CloudStorage/OneDrive-Personal/GitHub/digital_ip/image_processing/scaler_ips/banked_framebuf/yosys/banked_framebuf.sv2v.v:193$2621'.
  created $dff cell `$procdff$3442' with positive edge clock.
Creating register for signal `\banked_framebuf.$memwr$\g_by[3].g_bx[0].mem$/Users/paulbarcelona/Library/CloudStorage/OneDrive-Personal/GitHub/digital_ip/image_processing/scaler_ips/banked_framebuf/yosys/banked_framebuf.sv2v.v:195$2022_DATA' using process `\banked_framebuf.$proc$/Users/paulbarcelona/Library/CloudStorage/OneDrive-Personal/GitHub/digital_ip/image_processing/scaler_ips/banked_framebuf/yosys/banked_framebuf.sv2v.v:193$2621'.
  created $dff cell `$procdff$3443' with positive edge clock.
Creating register for signal `\banked_framebuf.$memwr$\g_by[3].g_bx[0].mem$/Users/paulbarcelona/Library/CloudStorage/OneDrive-Personal/GitHub/digital_ip/image_processing/scaler_ips/banked_framebuf/yosys/banked_framebuf.sv2v.v:195$2022_EN' using process `\banked_framebuf.$proc$/Users/paulbarcelona/Library/CloudStorage/OneDrive-Personal/GitHub/digital_ip/image_processing/scaler_ips/banked_framebuf/yosys/banked_framebuf.sv2v.v:193$2621'.
  created $dff cell `$procdff$3444' with positive edge clock.
Creating register for signal `\banked_framebuf.\bank_q[11]' using process `\banked_framebuf.$proc$/Users/paulbarcelona/Library/CloudStorage/OneDrive-Personal/GitHub/digital_ip/image_processing/scaler_ips/banked_framebuf/yosys/banked_framebuf.sv2v.v:193$2608'.
  created $dff cell `$procdff$3445' with positive edge clock.
Creating register for signal `\banked_framebuf.$memwr$\g_by[2].g_bx[3].mem$/Users/paulbarcelona/Library/CloudStorage/OneDrive-Personal/GitHub/digital_ip/image_processing/scaler_ips/banked_framebuf/yosys/banked_framebuf.sv2v.v:195$2021_ADDR' using process `\banked_framebuf.$proc$/Users/paulbarcelona/Library/CloudStorage/OneDrive-Personal/GitHub/digital_ip/image_processing/scaler_ips/banked_framebuf/yosys/banked_framebuf.sv2v.v:193$2608'.
  created $dff cell `$procdff$3446' with positive edge clock.
Creating register for signal `\banked_framebuf.$memwr$\g_by[2].g_bx[3].mem$/Users/paulbarcelona/Library/CloudStorage/OneDrive-Personal/GitHub/digital_ip/image_processing/scaler_ips/banked_framebuf/yosys/banked_framebuf.sv2v.v:195$2021_DATA' using process `\banked_framebuf.$proc$/Users/paulbarcelona/Library/CloudStorage/OneDrive-Personal/GitHub/digital_ip/image_processing/scaler_ips/banked_framebuf/yosys/banked_framebuf.sv2v.v:193$2608'.
  created $dff cell `$procdff$3447' with positive edge clock.
Creating register for signal `\banked_framebuf.$memwr$\g_by[2].g_bx[3].mem$/Users/paulbarcelona/Library/CloudStorage/OneDrive-Personal/GitHub/digital_ip/image_processing/scaler_ips/banked_framebuf/yosys/banked_framebuf.sv2v.v:195$2021_EN' using process `\banked_framebuf.$proc$/Users/paulbarcelona/Library/CloudStorage/OneDrive-Personal/GitHub/digital_ip/image_processing/scaler_ips/banked_framebuf/yosys/banked_framebuf.sv2v.v:193$2608'.
  created $dff cell `$procdff$3448' with positive edge clock.
Creating register for signal `\banked_framebuf.\bank_q[10]' using process `\banked_framebuf.$proc$/Users/paulbarcelona/Library/CloudStorage/OneDrive-Personal/GitHub/digital_ip/image_processing/scaler_ips/banked_framebuf/yosys/banked_framebuf.sv2v.v:193$2595'.
  created $dff cell `$procdff$3449' with positive edge clock.
Creating register for signal `\banked_framebuf.$memwr$\g_by[2].g_bx[2].mem$/Users/paulbarcelona/Library/CloudStorage/OneDrive-Personal/GitHub/digital_ip/image_processing/scaler_ips/banked_framebuf/yosys/banked_framebuf.sv2v.v:195$2020_ADDR' using process `\banked_framebuf.$proc$/Users/paulbarcelona/Library/CloudStorage/OneDrive-Personal/GitHub/digital_ip/image_processing/scaler_ips/banked_framebuf/yosys/banked_framebuf.sv2v.v:193$2595'.
  created $dff cell `$procdff$3450' with positive edge clock.
Creating register for signal `\banked_framebuf.$memwr$\g_by[2].g_bx[2].mem$/Users/paulbarcelona/Library/CloudStorage/OneDrive-Personal/GitHub/digital_ip/image_processing/scaler_ips/banked_framebuf/yosys/banked_framebuf.sv2v.v:195$2020_DATA' using process `\banked_framebuf.$proc$/Users/paulbarcelona/Library/CloudStorage/OneDrive-Personal/GitHub/digital_ip/image_processing/scaler_ips/banked_framebuf/yosys/banked_framebuf.sv2v.v:193$2595'.
  created $dff cell `$procdff$3451' with positive edge clock.
Creating register for signal `\banked_framebuf.$memwr$\g_by[2].g_bx[2].mem$/Users/paulbarcelona/Library/CloudStorage/OneDrive-Personal/GitHub/digital_ip/image_processing/scaler_ips/banked_framebuf/yosys/banked_framebuf.sv2v.v:195$2020_EN' using process `\banked_framebuf.$proc$/Users/paulbarcelona/Library/CloudStorage/OneDrive-Personal/GitHub/digital_ip/image_processing/scaler_ips/banked_framebuf/yosys/banked_framebuf.sv2v.v:193$2595'.
  created $dff cell `$procdff$3452' with positive edge clock.
Creating register for signal `\banked_framebuf.\bank_q[9]' using process `\banked_framebuf.$proc$/Users/paulbarcelona/Library/CloudStorage/OneDrive-Personal/GitHub/digital_ip/image_processing/scaler_ips/banked_framebuf/yosys/banked_framebuf.sv2v.v:193$2582'.
  created $dff cell `$procdff$3453' with positive edge clock.
Creating register for signal `\banked_framebuf.$memwr$\g_by[2].g_bx[1].mem$/Users/paulbarcelona/Library/CloudStorage/OneDrive-Personal/GitHub/digital_ip/image_processing/scaler_ips/banked_framebuf/yosys/banked_framebuf.sv2v.v:195$2019_ADDR' using process `\banked_framebuf.$proc$/Users/paulbarcelona/Library/CloudStorage/OneDrive-Personal/GitHub/digital_ip/image_processing/scaler_ips/banked_framebuf/yosys/banked_framebuf.sv2v.v:193$2582'.
  created $dff cell `$procdff$3454' with positive edge clock.
Creating register for signal `\banked_framebuf.$memwr$\g_by[2].g_bx[1].mem$/Users/paulbarcelona/Library/CloudStorage/OneDrive-Personal/GitHub/digital_ip/image_processing/scaler_ips/banked_framebuf/yosys/banked_framebuf.sv2v.v:195$2019_DATA' using process `\banked_framebuf.$proc$/Users/paulbarcelona/Library/CloudStorage/OneDrive-Personal/GitHub/digital_ip/image_processing/scaler_ips/banked_framebuf/yosys/banked_framebuf.sv2v.v:193$2582'.
  created $dff cell `$procdff$3455' with positive edge clock.
Creating register for signal `\banked_framebuf.$memwr$\g_by[2].g_bx[1].mem$/Users/paulbarcelona/Library/CloudStorage/OneDrive-Personal/GitHub/digital_ip/image_processing/scaler_ips/banked_framebuf/yosys/banked_framebuf.sv2v.v:195$2019_EN' using process `\banked_framebuf.$proc$/Users/paulbarcelona/Library/CloudStorage/OneDrive-Personal/GitHub/digital_ip/image_processing/scaler_ips/banked_framebuf/yosys/banked_framebuf.sv2v.v:193$2582'.
  created $dff cell `$procdff$3456' with positive edge clock.
Creating register for signal `\banked_framebuf.\bank_q[8]' using process `\banked_framebuf.$proc$/Users/paulbarcelona/Library/CloudStorage/OneDrive-Personal/GitHub/digital_ip/image_processing/scaler_ips/banked_framebuf/yosys/banked_framebuf.sv2v.v:193$2569'.
  created $dff cell `$procdff$3457' with positive edge clock.
Creating register for signal `\banked_framebuf.$memwr$\g_by[2].g_bx[0].mem$/Users/paulbarcelona/Library/CloudStorage/OneDrive-Personal/GitHub/digital_ip/image_processing/scaler_ips/banked_framebuf/yosys/banked_framebuf.sv2v.v:195$2018_ADDR' using process `\banked_framebuf.$proc$/Users/paulbarcelona/Library/CloudStorage/OneDrive-Personal/GitHub/digital_ip/image_processing/scaler_ips/banked_framebuf/yosys/banked_framebuf.sv2v.v:193$2569'.
  created $dff cell `$procdff$3458' with positive edge clock.
Creating register for signal `\banked_framebuf.$memwr$\g_by[2].g_bx[0].mem$/Users/paulbarcelona/Library/CloudStorage/OneDrive-Personal/GitHub/digital_ip/image_processing/scaler_ips/banked_framebuf/yosys/banked_framebuf.sv2v.v:195$2018_DATA' using process `\banked_framebuf.$proc$/Users/paulbarcelona/Library/CloudStorage/OneDrive-Personal/GitHub/digital_ip/image_processing/scaler_ips/banked_framebuf/yosys/banked_framebuf.sv2v.v:193$2569'.
  created $dff cell `$procdff$3459' with positive edge clock.
Creating register for signal `\banked_framebuf.$memwr$\g_by[2].g_bx[0].mem$/Users/paulbarcelona/Library/CloudStorage/OneDrive-Personal/GitHub/digital_ip/image_processing/scaler_ips/banked_framebuf/yosys/banked_framebuf.sv2v.v:195$2018_EN' using process `\banked_framebuf.$proc$/Users/paulbarcelona/Library/CloudStorage/OneDrive-Personal/GitHub/digital_ip/image_processing/scaler_ips/banked_framebuf/yosys/banked_framebuf.sv2v.v:193$2569'.
  created $dff cell `$procdff$3460' with positive edge clock.
Creating register for signal `\banked_framebuf.\bank_q[7]' using process `\banked_framebuf.$proc$/Users/paulbarcelona/Library/CloudStorage/OneDrive-Personal/GitHub/digital_ip/image_processing/scaler_ips/banked_framebuf/yosys/banked_framebuf.sv2v.v:193$2556'.
  created $dff cell `$procdff$3461' with positive edge clock.
Creating register for signal `\banked_framebuf.$memwr$\g_by[1].g_bx[3].mem$/Users/paulbarcelona/Library/CloudStorage/OneDrive-Personal/GitHub/digital_ip/image_processing/scaler_ips/banked_framebuf/yosys/banked_framebuf.sv2v.v:195$2017_ADDR' using process `\banked_framebuf.$proc$/Users/paulbarcelona/Library/CloudStorage/OneDrive-Personal/GitHub/digital_ip/image_processing/scaler_ips/banked_framebuf/yosys/banked_framebuf.sv2v.v:193$2556'.
  created $dff cell `$procdff$3462' with positive edge clock.
Creating register for signal `\banked_framebuf.$memwr$\g_by[1].g_bx[3].mem$/Users/paulbarcelona/Library/CloudStorage/OneDrive-Personal/GitHub/digital_ip/image_processing/scaler_ips/banked_framebuf/yosys/banked_framebuf.sv2v.v:195$2017_DATA' using process `\banked_framebuf.$proc$/Users/paulbarcelona/Library/CloudStorage/OneDrive-Personal/GitHub/digital_ip/image_processing/scaler_ips/banked_framebuf/yosys/banked_framebuf.sv2v.v:193$2556'.
  created $dff cell `$procdff$3463' with positive edge clock.
Creating register for signal `\banked_framebuf.$memwr$\g_by[1].g_bx[3].mem$/Users/paulbarcelona/Library/CloudStorage/OneDrive-Personal/GitHub/digital_ip/image_processing/scaler_ips/banked_framebuf/yosys/banked_framebuf.sv2v.v:195$2017_EN' using process `\banked_framebuf.$proc$/Users/paulbarcelona/Library/CloudStorage/OneDrive-Personal/GitHub/digital_ip/image_processing/scaler_ips/banked_framebuf/yosys/banked_framebuf.sv2v.v:193$2556'.
  created $dff cell `$procdff$3464' with positive edge clock.
Creating register for signal `\banked_framebuf.\bank_q[6]' using process `\banked_framebuf.$proc$/Users/paulbarcelona/Library/CloudStorage/OneDrive-Personal/GitHub/digital_ip/image_processing/scaler_ips/banked_framebuf/yosys/banked_framebuf.sv2v.v:193$2543'.
  created $dff cell `$procdff$3465' with positive edge clock.
Creating register for signal `\banked_framebuf.$memwr$\g_by[1].g_bx[2].mem$/Users/paulbarcelona/Library/CloudStorage/OneDrive-Personal/GitHub/digital_ip/image_processing/scaler_ips/banked_framebuf/yosys/banked_framebuf.sv2v.v:195$2016_ADDR' using process `\banked_framebuf.$proc$/Users/paulbarcelona/Library/CloudStorage/OneDrive-Personal/GitHub/digital_ip/image_processing/scaler_ips/banked_framebuf/yosys/banked_framebuf.sv2v.v:193$2543'.
  created $dff cell `$procdff$3466' with positive edge clock.
Creating register for signal `\banked_framebuf.$memwr$\g_by[1].g_bx[2].mem$/Users/paulbarcelona/Library/CloudStorage/OneDrive-Personal/GitHub/digital_ip/image_processing/scaler_ips/banked_framebuf/yosys/banked_framebuf.sv2v.v:195$2016_DATA' using process `\banked_framebuf.$proc$/Users/paulbarcelona/Library/CloudStorage/OneDrive-Personal/GitHub/digital_ip/image_processing/scaler_ips/banked_framebuf/yosys/banked_framebuf.sv2v.v:193$2543'.
  created $dff cell `$procdff$3467' with positive edge clock.
Creating register for signal `\banked_framebuf.$memwr$\g_by[1].g_bx[2].mem$/Users/paulbarcelona/Library/CloudStorage/OneDrive-Personal/GitHub/digital_ip/image_processing/scaler_ips/banked_framebuf/yosys/banked_framebuf.sv2v.v:195$2016_EN' using process `\banked_framebuf.$proc$/Users/paulbarcelona/Library/CloudStorage/OneDrive-Personal/GitHub/digital_ip/image_processing/scaler_ips/banked_framebuf/yosys/banked_framebuf.sv2v.v:193$2543'.
  created $dff cell `$procdff$3468' with positive edge clock.
Creating register for signal `\banked_framebuf.\bank_q[5]' using process `\banked_framebuf.$proc$/Users/paulbarcelona/Library/CloudStorage/OneDrive-Personal/GitHub/digital_ip/image_processing/scaler_ips/banked_framebuf/yosys/banked_framebuf.sv2v.v:193$2530'.
  created $dff cell `$procdff$3469' with positive edge clock.
Creating register for signal `\banked_framebuf.$memwr$\g_by[1].g_bx[1].mem$/Users/paulbarcelona/Library/CloudStorage/OneDrive-Personal/GitHub/digital_ip/image_processing/scaler_ips/banked_framebuf/yosys/banked_framebuf.sv2v.v:195$2015_ADDR' using process `\banked_framebuf.$proc$/Users/paulbarcelona/Library/CloudStorage/OneDrive-Personal/GitHub/digital_ip/image_processing/scaler_ips/banked_framebuf/yosys/banked_framebuf.sv2v.v:193$2530'.
  created $dff cell `$procdff$3470' with positive edge clock.
Creating register for signal `\banked_framebuf.$memwr$\g_by[1].g_bx[1].mem$/Users/paulbarcelona/Library/CloudStorage/OneDrive-Personal/GitHub/digital_ip/image_processing/scaler_ips/banked_framebuf/yosys/banked_framebuf.sv2v.v:195$2015_DATA' using process `\banked_framebuf.$proc$/Users/paulbarcelona/Library/CloudStorage/OneDrive-Personal/GitHub/digital_ip/image_processing/scaler_ips/banked_framebuf/yosys/banked_framebuf.sv2v.v:193$2530'.
  created $dff cell `$procdff$3471' with positive edge clock.
Creating register for signal `\banked_framebuf.$memwr$\g_by[1].g_bx[1].mem$/Users/paulbarcelona/Library/CloudStorage/OneDrive-Personal/GitHub/digital_ip/image_processing/scaler_ips/banked_framebuf/yosys/banked_framebuf.sv2v.v:195$2015_EN' using process `\banked_framebuf.$proc$/Users/paulbarcelona/Library/CloudStorage/OneDrive-Personal/GitHub/digital_ip/image_processing/scaler_ips/banked_framebuf/yosys/banked_framebuf.sv2v.v:193$2530'.
  created $dff cell `$procdff$3472' with positive edge clock.
Creating register for signal `\banked_framebuf.\bank_q[4]' using process `\banked_framebuf.$proc$/Users/paulbarcelona/Library/CloudStorage/OneDrive-Personal/GitHub/digital_ip/image_processing/scaler_ips/banked_framebuf/yosys/banked_framebuf.sv2v.v:193$2517'.
  created $dff cell `$procdff$3473' with positive edge clock.
Creating register for signal `\banked_framebuf.$memwr$\g_by[1].g_bx[0].mem$/Users/paulbarcelona/Library/CloudStorage/OneDrive-Personal/GitHub/digital_ip/image_processing/scaler_ips/banked_framebuf/yosys/banked_framebuf.sv2v.v:195$2014_ADDR' using process `\banked_framebuf.$proc$/Users/paulbarcelona/Library/CloudStorage/OneDrive-Personal/GitHub/digital_ip/image_processing/scaler_ips/banked_framebuf/yosys/banked_framebuf.sv2v.v:193$2517'.
  created $dff cell `$procdff$3474' with positive edge clock.
Creating register for signal `\banked_framebuf.$memwr$\g_by[1].g_bx[0].mem$/Users/paulbarcelona/Library/CloudStorage/OneDrive-Personal/GitHub/digital_ip/image_processing/scaler_ips/banked_framebuf/yosys/banked_framebuf.sv2v.v:195$2014_DATA' using process `\banked_framebuf.$proc$/Users/paulbarcelona/Library/CloudStorage/OneDrive-Personal/GitHub/digital_ip/image_processing/scaler_ips/banked_framebuf/yosys/banked_framebuf.sv2v.v:193$2517'.
  created $dff cell `$procdff$3475' with positive edge clock.
Creating register for signal `\banked_framebuf.$memwr$\g_by[1].g_bx[0].mem$/Users/paulbarcelona/Library/CloudStorage/OneDrive-Personal/GitHub/digital_ip/image_processing/scaler_ips/banked_framebuf/yosys/banked_framebuf.sv2v.v:195$2014_EN' using process `\banked_framebuf.$proc$/Users/paulbarcelona/Library/CloudStorage/OneDrive-Personal/GitHub/digital_ip/image_processing/scaler_ips/banked_framebuf/yosys/banked_framebuf.sv2v.v:193$2517'.
  created $dff cell `$procdff$3476' with positive edge clock.
Creating register for signal `\banked_framebuf.\bank_q[3]' using process `\banked_framebuf.$proc$/Users/paulbarcelona/Library/CloudStorage/OneDrive-Personal/GitHub/digital_ip/image_processing/scaler_ips/banked_framebuf/yosys/banked_framebuf.sv2v.v:193$2504'.
  created $dff cell `$procdff$3477' with positive edge clock.
Creating register for signal `\banked_framebuf.$memwr$\g_by[0].g_bx[3].mem$/Users/paulbarcelona/Library/CloudStorage/OneDrive-Personal/GitHub/digital_ip/image_processing/scaler_ips/banked_framebuf/yosys/banked_framebuf.sv2v.v:195$2013_ADDR' using process `\banked_framebuf.$proc$/Users/paulbarcelona/Library/CloudStorage/OneDrive-Personal/GitHub/digital_ip/image_processing/scaler_ips/banked_framebuf/yosys/banked_framebuf.sv2v.v:193$2504'.
  created $dff cell `$procdff$3478' with positive edge clock.
Creating register for signal `\banked_framebuf.$memwr$\g_by[0].g_bx[3].mem$/Users/paulbarcelona/Library/CloudStorage/OneDrive-Personal/GitHub/digital_ip/image_processing/scaler_ips/banked_framebuf/yosys/banked_framebuf.sv2v.v:195$2013_DATA' using process `\banked_framebuf.$proc$/Users/paulbarcelona/Library/CloudStorage/OneDrive-Personal/GitHub/digital_ip/image_processing/scaler_ips/banked_framebuf/yosys/banked_framebuf.sv2v.v:193$2504'.
  created $dff cell `$procdff$3479' with positive edge clock.
Creating register for signal `\banked_framebuf.$memwr$\g_by[0].g_bx[3].mem$/Users/paulbarcelona/Library/CloudStorage/OneDrive-Personal/GitHub/digital_ip/image_processing/scaler_ips/banked_framebuf/yosys/banked_framebuf.sv2v.v:195$2013_EN' using process `\banked_framebuf.$proc$/Users/paulbarcelona/Library/CloudStorage/OneDrive-Personal/GitHub/digital_ip/image_processing/scaler_ips/banked_framebuf/yosys/banked_framebuf.sv2v.v:193$2504'.
  created $dff cell `$procdff$3480' with positive edge clock.
Creating register for signal `\banked_framebuf.\bank_q[2]' using process `\banked_framebuf.$proc$/Users/paulbarcelona/Library/CloudStorage/OneDrive-Personal/GitHub/digital_ip/image_processing/scaler_ips/banked_framebuf/yosys/banked_framebuf.sv2v.v:193$2491'.
  created $dff cell `$procdff$3481' with positive edge clock.
Creating register for signal `\banked_framebuf.$memwr$\g_by[0].g_bx[2].mem$/Users/paulbarcelona/Library/CloudStorage/OneDrive-Personal/GitHub/digital_ip/image_processing/scaler_ips/banked_framebuf/yosys/banked_framebuf.sv2v.v:195$2012_ADDR' using process `\banked_framebuf.$proc$/Users/paulbarcelona/Library/CloudStorage/OneDrive-Personal/GitHub/digital_ip/image_processing/scaler_ips/banked_framebuf/yosys/banked_framebuf.sv2v.v:193$2491'.
  created $dff cell `$procdff$3482' with positive edge clock.
Creating register for signal `\banked_framebuf.$memwr$\g_by[0].g_bx[2].mem$/Users/paulbarcelona/Library/CloudStorage/OneDrive-Personal/GitHub/digital_ip/image_processing/scaler_ips/banked_framebuf/yosys/banked_framebuf.sv2v.v:195$2012_DATA' using process `\banked_framebuf.$proc$/Users/paulbarcelona/Library/CloudStorage/OneDrive-Personal/GitHub/digital_ip/image_processing/scaler_ips/banked_framebuf/yosys/banked_framebuf.sv2v.v:193$2491'.
  created $dff cell `$procdff$3483' with positive edge clock.
Creating register for signal `\banked_framebuf.$memwr$\g_by[0].g_bx[2].mem$/Users/paulbarcelona/Library/CloudStorage/OneDrive-Personal/GitHub/digital_ip/image_processing/scaler_ips/banked_framebuf/yosys/banked_framebuf.sv2v.v:195$2012_EN' using process `\banked_framebuf.$proc$/Users/paulbarcelona/Library/CloudStorage/OneDrive-Personal/GitHub/digital_ip/image_processing/scaler_ips/banked_framebuf/yosys/banked_framebuf.sv2v.v:193$2491'.
  created $dff cell `$procdff$3484' with positive edge clock.
Creating register for signal `\banked_framebuf.\bank_q[1]' using process `\banked_framebuf.$proc$/Users/paulbarcelona/Library/CloudStorage/OneDrive-Personal/GitHub/digital_ip/image_processing/scaler_ips/banked_framebuf/yosys/banked_framebuf.sv2v.v:193$2478'.
  created $dff cell `$procdff$3485' with positive edge clock.
Creating register for signal `\banked_framebuf.$memwr$\g_by[0].g_bx[1].mem$/Users/paulbarcelona/Library/CloudStorage/OneDrive-Personal/GitHub/digital_ip/image_processing/scaler_ips/banked_framebuf/yosys/banked_framebuf.sv2v.v:195$2011_ADDR' using process `\banked_framebuf.$proc$/Users/paulbarcelona/Library/CloudStorage/OneDrive-Personal/GitHub/digital_ip/image_processing/scaler_ips/banked_framebuf/yosys/banked_framebuf.sv2v.v:193$2478'.
  created $dff cell `$procdff$3486' with positive edge clock.
Creating register for signal `\banked_framebuf.$memwr$\g_by[0].g_bx[1].mem$/Users/paulbarcelona/Library/CloudStorage/OneDrive-Personal/GitHub/digital_ip/image_processing/scaler_ips/banked_framebuf/yosys/banked_framebuf.sv2v.v:195$2011_DATA' using process `\banked_framebuf.$proc$/Users/paulbarcelona/Library/CloudStorage/OneDrive-Personal/GitHub/digital_ip/image_processing/scaler_ips/banked_framebuf/yosys/banked_framebuf.sv2v.v:193$2478'.
  created $dff cell `$procdff$3487' with positive edge clock.
Creating register for signal `\banked_framebuf.$memwr$\g_by[0].g_bx[1].mem$/Users/paulbarcelona/Library/CloudStorage/OneDrive-Personal/GitHub/digital_ip/image_processing/scaler_ips/banked_framebuf/yosys/banked_framebuf.sv2v.v:195$2011_EN' using process `\banked_framebuf.$proc$/Users/paulbarcelona/Library/CloudStorage/OneDrive-Personal/GitHub/digital_ip/image_processing/scaler_ips/banked_framebuf/yosys/banked_framebuf.sv2v.v:193$2478'.
  created $dff cell `$procdff$3488' with positive edge clock.
Creating register for signal `\banked_framebuf.\bank_q[0]' using process `\banked_framebuf.$proc$/Users/paulbarcelona/Library/CloudStorage/OneDrive-Personal/GitHub/digital_ip/image_processing/scaler_ips/banked_framebuf/yosys/banked_framebuf.sv2v.v:193$2465'.
  created $dff cell `$procdff$3489' with positive edge clock.
Creating register for signal `\banked_framebuf.$memwr$\g_by[0].g_bx[0].mem$/Users/paulbarcelona/Library/CloudStorage/OneDrive-Personal/GitHub/digital_ip/image_processing/scaler_ips/banked_framebuf/yosys/banked_framebuf.sv2v.v:195$2010_ADDR' using process `\banked_framebuf.$proc$/Users/paulbarcelona/Library/CloudStorage/OneDrive-Personal/GitHub/digital_ip/image_processing/scaler_ips/banked_framebuf/yosys/banked_framebuf.sv2v.v:193$2465'.
  created $dff cell `$procdff$3490' with positive edge clock.
Creating register for signal `\banked_framebuf.$memwr$\g_by[0].g_bx[0].mem$/Users/paulbarcelona/Library/CloudStorage/OneDrive-Personal/GitHub/digital_ip/image_processing/scaler_ips/banked_framebuf/yosys/banked_framebuf.sv2v.v:195$2010_DATA' using process `\banked_framebuf.$proc$/Users/paulbarcelona/Library/CloudStorage/OneDrive-Personal/GitHub/digital_ip/image_processing/scaler_ips/banked_framebuf/yosys/banked_framebuf.sv2v.v:193$2465'.
  created $dff cell `$procdff$3491' with positive edge clock.
Creating register for signal `\banked_framebuf.$memwr$\g_by[0].g_bx[0].mem$/Users/paulbarcelona/Library/CloudStorage/OneDrive-Personal/GitHub/digital_ip/image_processing/scaler_ips/banked_framebuf/yosys/banked_framebuf.sv2v.v:195$2010_EN' using process `\banked_framebuf.$proc$/Users/paulbarcelona/Library/CloudStorage/OneDrive-Personal/GitHub/digital_ip/image_processing/scaler_ips/banked_framebuf/yosys/banked_framebuf.sv2v.v:193$2465'.
  created $dff cell `$procdff$3492' with positive edge clock.
Creating register for signal `\banked_framebuf.\sv2v_autoblock_4.b' using process `\banked_framebuf.$proc$/Users/paulbarcelona/Library/CloudStorage/OneDrive-Personal/GitHub/digital_ip/image_processing/scaler_ips/banked_framebuf/yosys/banked_framebuf.sv2v.v:159$2275'.
  created $dff cell `$procdff$3493' with positive edge clock.
Creating register for signal `\banked_framebuf.\sv2v_autoblock_5.t' using process `\banked_framebuf.$proc$/Users/paulbarcelona/Library/CloudStorage/OneDrive-Personal/GitHub/digital_ip/image_processing/scaler_ips/banked_framebuf/yosys/banked_framebuf.sv2v.v:159$2275'.
  created $dff cell `$procdff$3494' with positive edge clock.
Creating register for signal `\banked_framebuf.\colpart_q[0]' using process `\banked_framebuf.$proc$/Users/paulbarcelona/Library/CloudStorage/OneDrive-Personal/GitHub/digital_ip/image_processing/scaler_ips/banked_framebuf/yosys/banked_framebuf.sv2v.v:159$2275'.
  created $dff cell `$procdff$3495' with positive edge clock.
Creating register for signal `\banked_framebuf.\colpart_q[1]' using process `\banked_framebuf.$proc$/Users/paulbarcelona/Library/CloudStorage/OneDrive-Personal/GitHub/digital_ip/image_processing/scaler_ips/banked_framebuf/yosys/banked_framebuf.sv2v.v:159$2275'.
  created $dff cell `$procdff$3496' with positive edge clock.
Creating register for signal `\banked_framebuf.\colpart_q[2]' using process `\banked_framebuf.$proc$/Users/paulbarcelona/Library/CloudStorage/OneDrive-Personal/GitHub/digital_ip/image_processing/scaler_ips/banked_framebuf/yosys/banked_framebuf.sv2v.v:159$2275'.
  created $dff cell `$procdff$3497' with positive edge clock.
Creating register for signal `\banked_framebuf.\colpart_q[3]' using process `\banked_framebuf.$proc$/Users/paulbarcelona/Library/CloudStorage/OneDrive-Personal/GitHub/digital_ip/image_processing/scaler_ips/banked_framebuf/yosys/banked_framebuf.sv2v.v:159$2275'.
  created $dff cell `$procdff$3498' with positive edge clock.
Creating register for signal `\banked_framebuf.\rowpart_q[0]' using process `\banked_framebuf.$proc$/Users/paulbarcelona/Library/CloudStorage/OneDrive-Personal/GitHub/digital_ip/image_processing/scaler_ips/banked_framebuf/yosys/banked_framebuf.sv2v.v:159$2275'.
  created $dff cell `$procdff$3499' with positive edge clock.
Creating register for signal `\banked_framebuf.\rowpart_q[1]' using process `\banked_framebuf.$proc$/Users/paulbarcelona/Library/CloudStorage/OneDrive-Personal/GitHub/digital_ip/image_processing/scaler_ips/banked_framebuf/yosys/banked_framebuf.sv2v.v:159$2275'.
  created $dff cell `$procdff$3500' with positive edge clock.
Creating register for signal `\banked_framebuf.\rowpart_q[2]' using process `\banked_framebuf.$proc$/Users/paulbarcelona/Library/CloudStorage/OneDrive-Personal/GitHub/digital_ip/image_processing/scaler_ips/banked_framebuf/yosys/banked_framebuf.sv2v.v:159$2275'.
  created $dff cell `$procdff$3501' with positive edge clock.
Creating register for signal `\banked_framebuf.\rowpart_q[3]' using process `\banked_framebuf.$proc$/Users/paulbarcelona/Library/CloudStorage/OneDrive-Personal/GitHub/digital_ip/image_processing/scaler_ips/banked_framebuf/yosys/banked_framebuf.sv2v.v:159$2275'.
  created $dff cell `$procdff$3502' with positive edge clock.
Creating register for signal `\banked_framebuf.\tsx_q[0]' using process `\banked_framebuf.$proc$/Users/paulbarcelona/Library/CloudStorage/OneDrive-Personal/GitHub/digital_ip/image_processing/scaler_ips/banked_framebuf/yosys/banked_framebuf.sv2v.v:159$2275'.
  created $dff cell `$procdff$3503' with positive edge clock.
Creating register for signal `\banked_framebuf.\tsx_q[1]' using process `\banked_framebuf.$proc$/Users/paulbarcelona/Library/CloudStorage/OneDrive-Personal/GitHub/digital_ip/image_processing/scaler_ips/banked_framebuf/yosys/banked_framebuf.sv2v.v:159$2275'.
  created $dff cell `$procdff$3504' with positive edge clock.
Creating register for signal `\banked_framebuf.\tsx_q[2]' using process `\banked_framebuf.$proc$/Users/paulbarcelona/Library/CloudStorage/OneDrive-Personal/GitHub/digital_ip/image_processing/scaler_ips/banked_framebuf/yosys/banked_framebuf.sv2v.v:159$2275'.
  created $dff cell `$procdff$3505' with positive edge clock.
Creating register for signal `\banked_framebuf.\tsx_q[3]' using process `\banked_framebuf.$proc$/Users/paulbarcelona/Library/CloudStorage/OneDrive-Personal/GitHub/digital_ip/image_processing/scaler_ips/banked_framebuf/yosys/banked_framebuf.sv2v.v:159$2275'.
  created $dff cell `$procdff$3506' with positive edge clock.
Creating register for signal `\banked_framebuf.\tsy_q[0]' using process `\banked_framebuf.$proc$/Users/paulbarcelona/Library/CloudStorage/OneDrive-Personal/GitHub/digital_ip/image_processing/scaler_ips/banked_framebuf/yosys/banked_framebuf.sv2v.v:159$2275'.
  created $dff cell `$procdff$3507' with positive edge clock.
Creating register for signal `\banked_framebuf.\tsy_q[1]' using process `\banked_framebuf.$proc$/Users/paulbarcelona/Library/CloudStorage/OneDrive-Personal/GitHub/digital_ip/image_processing/scaler_ips/banked_framebuf/yosys/banked_framebuf.sv2v.v:159$2275'.
  created $dff cell `$procdff$3508' with positive edge clock.
Creating register for signal `\banked_framebuf.\tsy_q[2]' using process `\banked_framebuf.$proc$/Users/paulbarcelona/Library/CloudStorage/OneDrive-Personal/GitHub/digital_ip/image_processing/scaler_ips/banked_framebuf/yosys/banked_framebuf.sv2v.v:159$2275'.
  created $dff cell `$procdff$3509' with positive edge clock.
Creating register for signal `\banked_framebuf.\tsy_q[3]' using process `\banked_framebuf.$proc$/Users/paulbarcelona/Library/CloudStorage/OneDrive-Personal/GitHub/digital_ip/image_processing/scaler_ips/banked_framebuf/yosys/banked_framebuf.sv2v.v:159$2275'.
  created $dff cell `$procdff$3510' with positive edge clock.
Creating register for signal `\banked_framebuf.\tsx_qq[0]' using process `\banked_framebuf.$proc$/Users/paulbarcelona/Library/CloudStorage/OneDrive-Personal/GitHub/digital_ip/image_processing/scaler_ips/banked_framebuf/yosys/banked_framebuf.sv2v.v:159$2275'.
  created $dff cell `$procdff$3511' with positive edge clock.
Creating register for signal `\banked_framebuf.\tsx_qq[1]' using process `\banked_framebuf.$proc$/Users/paulbarcelona/Library/CloudStorage/OneDrive-Personal/GitHub/digital_ip/image_processing/scaler_ips/banked_framebuf/yosys/banked_framebuf.sv2v.v:159$2275'.
  created $dff cell `$procdff$3512' with positive edge clock.
Creating register for signal `\banked_framebuf.\tsx_qq[2]' using process `\banked_framebuf.$proc$/Users/paulbarcelona/Library/CloudStorage/OneDrive-Personal/GitHub/digital_ip/image_processing/scaler_ips/banked_framebuf/yosys/banked_framebuf.sv2v.v:159$2275'.
  created $dff cell `$procdff$3513' with positive edge clock.
Creating register for signal `\banked_framebuf.\tsx_qq[3]' using process `\banked_framebuf.$proc$/Users/paulbarcelona/Library/CloudStorage/OneDrive-Personal/GitHub/digital_ip/image_processing/scaler_ips/banked_framebuf/yosys/banked_framebuf.sv2v.v:159$2275'.
  created $dff cell `$procdff$3514' with positive edge clock.
Creating register for signal `\banked_framebuf.\tsy_qq[0]' using process `\banked_framebuf.$proc$/Users/paulbarcelona/Library/CloudStorage/OneDrive-Personal/GitHub/digital_ip/image_processing/scaler_ips/banked_framebuf/yosys/banked_framebuf.sv2v.v:159$2275'.
  created $dff cell `$procdff$3515' with positive edge clock.
Creating register for signal `\banked_framebuf.\tsy_qq[1]' using process `\banked_framebuf.$proc$/Users/paulbarcelona/Library/CloudStorage/OneDrive-Personal/GitHub/digital_ip/image_processing/scaler_ips/banked_framebuf/yosys/banked_framebuf.sv2v.v:159$2275'.
  created $dff cell `$procdff$3516' with positive edge clock.
Creating register for signal `\banked_framebuf.\tsy_qq[2]' using process `\banked_framebuf.$proc$/Users/paulbarcelona/Library/CloudStorage/OneDrive-Personal/GitHub/digital_ip/image_processing/scaler_ips/banked_framebuf/yosys/banked_framebuf.sv2v.v:159$2275'.
  created $dff cell `$procdff$3517' with positive edge clock.
Creating register for signal `\banked_framebuf.\tsy_qq[3]' using process `\banked_framebuf.$proc$/Users/paulbarcelona/Library/CloudStorage/OneDrive-Personal/GitHub/digital_ip/image_processing/scaler_ips/banked_framebuf/yosys/banked_framebuf.sv2v.v:159$2275'.
  created $dff cell `$procdff$3518' with positive edge clock.
Creating register for signal `\banked_framebuf.\sv2v_cast_DE851$func$/Users/paulbarcelona/Library/CloudStorage/OneDrive-Personal/GitHub/digital_ip/image_processing/scaler_ips/banked_framebuf/yosys/banked_framebuf.sv2v.v:165$1942.$result' using process `\banked_framebuf.$proc$/Users/paulbarcelona/Library/CloudStorage/OneDrive-Personal/GitHub/digital_ip/image_processing/scaler_ips/banked_framebuf/yosys/banked_framebuf.sv2v.v:159$2275'.
  created $dff cell `$procdff$3519' with positive edge clock.
Creating register for signal `\banked_framebuf.\sv2v_cast_DE851$func$/Users/paulbarcelona/Library/CloudStorage/OneDrive-Personal/GitHub/digital_ip/image_processing/scaler_ips/banked_framebuf/yosys/banked_framebuf.sv2v.v:165$1942.inp' using process `\banked_framebuf.$proc$/Users/paulbarcelona/Library/CloudStorage/OneDrive-Personal/GitHub/digital_ip/image_processing/scaler_ips/banked_framebuf/yosys/banked_framebuf.sv2v.v:159$2275'.
  created $dff cell `$procdff$3520' with positive edge clock.
Creating register for signal `\banked_framebuf.\boff$func$/Users/paulbarcelona/Library/CloudStorage/OneDrive-Personal/GitHub/digital_ip/image_processing/scaler_ips/banked_framebuf/yosys/banked_framebuf.sv2v.v:166$1943.$result' using process `\banked_framebuf.$proc$/Users/paulbarcelona/Library/CloudStorage/OneDrive-Personal/GitHub/digital_ip/image_processing/scaler_ips/banked_framebuf/yosys/banked_framebuf.sv2v.v:159$2275'.
  created $dff cell `$procdff$3521' with positive edge clock.
Creating register for signal `\banked_framebuf.\boff$func$/Users/paulbarcelona/Library/CloudStorage/OneDrive-Personal/GitHub/digital_ip/image_processing/scaler_ips/banked_framebuf/yosys/banked_framebuf.sv2v.v:166$1943.b' using process `\banked_framebuf.$proc$/Users/paulbarcelona/Library/CloudStorage/OneDrive-Personal/GitHub/digital_ip/image_processing/scaler_ips/banked_framebuf/yosys/banked_framebuf.sv2v.v:159$2275'.
  created $dff cell `$procdff$3522' with positive edge clock.
Creating register for signal `\banked_framebuf.\sv2v_cast_32_signed$func$/Users/paulbarcelona/Library/CloudStorage/OneDrive-Personal/GitHub/digital_ip/image_processing/scaler_ips/banked_framebuf/yosys/banked_framebuf.sv2v.v:166$1944.$result' using process `\banked_framebuf.$proc$/Users/paulbarcelona/Library/CloudStorage/OneDrive-Personal/GitHub/digital_ip/image_processing/scaler_ips/banked_framebuf/yosys/banked_framebuf.sv2v.v:159$2275'.
  created $dff cell `$procdff$3523' with positive edge clock.
Creating register for signal `\banked_framebuf.\sv2v_cast_32_signed$func$/Users/paulbarcelona/Library/CloudStorage/OneDrive-Personal/GitHub/digital_ip/image_processing/scaler_ips/banked_framebuf/yosys/banked_framebuf.sv2v.v:166$1944.inp' using process `\banked_framebuf.$proc$/Users/paulbarcelona/Library/CloudStorage/OneDrive-Personal/GitHub/digital_ip/image_processing/scaler_ips/banked_framebuf/yosys/banked_framebuf.sv2v.v:159$2275'.
  created $dff cell `$procdff$3524' with positive edge clock.
Creating register for signal `\banked_framebuf.\prow$func$/Users/paulbarcelona/Library/CloudStorage/OneDrive-Personal/GitHub/digital_ip/image_processing/scaler_ips/banked_framebuf/yosys/banked_framebuf.sv2v.v:166$1945.$result' using process `\banked_framebuf.$proc$/Users/paulbarcelona/Library/CloudStorage/OneDrive-Personal/GitHub/digital_ip/image_processing/scaler_ips/banked_framebuf/yosys/banked_framebuf.sv2v.v:159$2275'.
  created $dff cell `$procdff$3525' with positive edge clock.
Creating register for signal `\banked_framebuf.\prow$func$/Users/paulbarcelona/Library/CloudStorage/OneDrive-Personal/GitHub/digital_ip/image_processing/scaler_ips/banked_framebuf/yosys/banked_framebuf.sv2v.v:166$1945.y' using process `\banked_framebuf.$proc$/Users/paulbarcelona/Library/CloudStorage/OneDrive-Personal/GitHub/digital_ip/image_processing/scaler_ips/banked_framebuf/yosys/banked_framebuf.sv2v.v:159$2275'.
  created $dff cell `$procdff$3526' with positive edge clock.
Creating register for signal `\banked_framebuf.\sv2v_cast_DE851_signed$func$/Users/paulbarcelona/Library/CloudStorage/OneDrive-Personal/GitHub/digital_ip/image_processing/scaler_ips/banked_framebuf/yosys/banked_framebuf.sv2v.v:166$1946.$result' using process `\banked_framebuf.$proc$/Users/paulbarcelona/Library/CloudStorage/OneDrive-Personal/GitHub/digital_ip/image_processing/scaler_ips/banked_framebuf/yosys/banked_framebuf.sv2v.v:159$2275'.
  created $dff cell `$procdff$3527' with positive edge clock.
Creating register for signal `\banked_framebuf.\sv2v_cast_DE851_signed$func$/Users/paulbarcelona/Library/CloudStorage/OneDrive-Personal/GitHub/digital_ip/image_processing/scaler_ips/banked_framebuf/yosys/banked_framebuf.sv2v.v:166$1946.inp' using process `\banked_framebuf.$proc$/Users/paulbarcelona/Library/CloudStorage/OneDrive-Personal/GitHub/digital_ip/image_processing/scaler_ips/banked_framebuf/yosys/banked_framebuf.sv2v.v:159$2275'.
  created $dff cell `$procdff$3528' with positive edge clock.
Creating register for signal `\banked_framebuf.\sv2v_cast_DE851$func$/Users/paulbarcelona/Library/CloudStorage/OneDrive-Personal/GitHub/digital_ip/image_processing/scaler_ips/banked_framebuf/yosys/banked_framebuf.sv2v.v:165$1947.$result' using process `\banked_framebuf.$proc$/Users/paulbarcelona/Library/CloudStorage/OneDrive-Personal/GitHub/digital_ip/image_processing/scaler_ips/banked_framebuf/yosys/banked_framebuf.sv2v.v:159$2275'.
  created $dff cell `$procdff$3529' with positive edge clock.
Creating register for signal `\banked_framebuf.\sv2v_cast_DE851$func$/Users/paulbarcelona/Library/CloudStorage/OneDrive-Personal/GitHub/digital_ip/image_processing/scaler_ips/banked_framebuf/yosys/banked_framebuf.sv2v.v:165$1947.inp' using process `\banked_framebuf.$proc$/Users/paulbarcelona/Library/CloudStorage/OneDrive-Personal/GitHub/digital_ip/image_processing/scaler_ips/banked_framebuf/yosys/banked_framebuf.sv2v.v:159$2275'.
  created $dff cell `$procdff$3530' with positive edge clock.
Creating register for signal `\banked_framebuf.\boff$func$/Users/paulbarcelona/Library/CloudStorage/OneDrive-Personal/GitHub/digital_ip/image_processing/scaler_ips/banked_framebuf/yosys/banked_framebuf.sv2v.v:166$1948.$result' using process `\banked_framebuf.$proc$/Users/paulbarcelona/Library/CloudStorage/OneDrive-Personal/GitHub/digital_ip/image_processing/scaler_ips/banked_framebuf/yosys/banked_framebuf.sv2v.v:159$2275'.
  created $dff cell `$procdff$3531' with positive edge clock.
Creating register for signal `\banked_framebuf.\boff$func$/Users/paulbarcelona/Library/CloudStorage/OneDrive-Personal/GitHub/digital_ip/image_processing/scaler_ips/banked_framebuf/yosys/banked_framebuf.sv2v.v:166$1948.b' using process `\banked_framebuf.$proc$/Users/paulbarcelona/Library/CloudStorage/OneDrive-Personal/GitHub/digital_ip/image_processing/scaler_ips/banked_framebuf/yosys/banked_framebuf.sv2v.v:159$2275'.
  created $dff cell `$procdff$3532' with positive edge clock.
Creating register for signal `\banked_framebuf.\sv2v_cast_32_signed$func$/Users/paulbarcelona/Library/CloudStorage/OneDrive-Personal/GitHub/digital_ip/image_processing/scaler_ips/banked_framebuf/yosys/banked_framebuf.sv2v.v:166$1949.$result' using process `\banked_framebuf.$proc$/Users/paulbarcelona/Library/CloudStorage/OneDrive-Personal/GitHub/digital_ip/image_processing/scaler_ips/banked_framebuf/yosys/banked_framebuf.sv2v.v:159$2275'.
  created $dff cell `$procdff$3533' with positive edge clock.
Creating register for signal `\banked_framebuf.\sv2v_cast_32_signed$func$/Users/paulbarcelona/Library/CloudStorage/OneDrive-Personal/GitHub/digital_ip/image_processing/scaler_ips/banked_framebuf/yosys/banked_framebuf.sv2v.v:166$1949.inp' using process `\banked_framebuf.$proc$/Users/paulbarcelona/Library/CloudStorage/OneDrive-Personal/GitHub/digital_ip/image_processing/scaler_ips/banked_framebuf/yosys/banked_framebuf.sv2v.v:159$2275'.
  created $dff cell `$procdff$3534' with positive edge clock.
Creating register for signal `\banked_framebuf.\prow$func$/Users/paulbarcelona/Library/CloudStorage/OneDrive-Personal/GitHub/digital_ip/image_processing/scaler_ips/banked_framebuf/yosys/banked_framebuf.sv2v.v:166$1950.$result' using process `\banked_framebuf.$proc$/Users/paulbarcelona/Library/CloudStorage/OneDrive-Personal/GitHub/digital_ip/image_processing/scaler_ips/banked_framebuf/yosys/banked_framebuf.sv2v.v:159$2275'.
  created $dff cell `$procdff$3535' with positive edge clock.
Creating register for signal `\banked_framebuf.\prow$func$/Users/paulbarcelona/Library/CloudStorage/OneDrive-Personal/GitHub/digital_ip/image_processing/scaler_ips/banked_framebuf/yosys/banked_framebuf.sv2v.v:166$1950.y' using process `\banked_framebuf.$proc$/Users/paulbarcelona/Library/CloudStorage/OneDrive-Personal/GitHub/digital_ip/image_processing/scaler_ips/banked_framebuf/yosys/banked_framebuf.sv2v.v:159$2275'.
  created $dff cell `$procdff$3536' with positive edge clock.
Creating register for signal `\banked_framebuf.\sv2v_cast_DE851_signed$func$/Users/paulbarcelona/Library/CloudStorage/OneDrive-Personal/GitHub/digital_ip/image_processing/scaler_ips/banked_framebuf/yosys/banked_framebuf.sv2v.v:166$1951.$result' using process `\banked_framebuf.$proc$/Users/paulbarcelona/Library/CloudStorage/OneDrive-Personal/GitHub/digital_ip/image_processing/scaler_ips/banked_framebuf/yosys/banked_framebuf.sv2v.v:159$2275'.
  created $dff cell `$procdff$3537' with positive edge clock.
Creating register for signal `\banked_framebuf.\sv2v_cast_DE851_signed$func$/Users/paulbarcelona/Library/CloudStorage/OneDrive-Personal/GitHub/digital_ip/image_processing/scaler_ips/banked_framebuf/yosys/banked_framebuf.sv2v.v:166$1951.inp' using process `\banked_framebuf.$proc$/Users/paulbarcelona/Library/CloudStorage/OneDrive-Personal/GitHub/digital_ip/image_processing/scaler_ips/banked_framebuf/yosys/banked_framebuf.sv2v.v:159$2275'.
  created $dff cell `$procdff$3538' with positive edge clock.
Creating register for signal `\banked_framebuf.\sv2v_cast_DE851$func$/Users/paulbarcelona/Library/CloudStorage/OneDrive-Personal/GitHub/digital_ip/image_processing/scaler_ips/banked_framebuf/yosys/banked_framebuf.sv2v.v:165$1952.$result' using process `\banked_framebuf.$proc$/Users/paulbarcelona/Library/CloudStorage/OneDrive-Personal/GitHub/digital_ip/image_processing/scaler_ips/banked_framebuf/yosys/banked_framebuf.sv2v.v:159$2275'.
  created $dff cell `$procdff$3539' with positive edge clock.
Creating register for signal `\banked_framebuf.\sv2v_cast_DE851$func$/Users/paulbarcelona/Library/CloudStorage/OneDrive-Personal/GitHub/digital_ip/image_processing/scaler_ips/banked_framebuf/yosys/banked_framebuf.sv2v.v:165$1952.inp' using process `\banked_framebuf.$proc$/Users/paulbarcelona/Library/CloudStorage/OneDrive-Personal/GitHub/digital_ip/image_processing/scaler_ips/banked_framebuf/yosys/banked_framebuf.sv2v.v:159$2275'.
  created $dff cell `$procdff$3540' with positive edge clock.
Creating register for signal `\banked_framebuf.\boff$func$/Users/paulbarcelona/Library/CloudStorage/OneDrive-Personal/GitHub/digital_ip/image_processing/scaler_ips/banked_framebuf/yosys/banked_framebuf.sv2v.v:166$1953.$result' using process `\banked_framebuf.$proc$/Users/paulbarcelona/Library/CloudStorage/OneDrive-Personal/GitHub/digital_ip/image_processing/scaler_ips/banked_framebuf/yosys/banked_framebuf.sv2v.v:159$2275'.
  created $dff cell `$procdff$3541' with positive edge clock.
Creating register for signal `\banked_framebuf.\boff$func$/Users/paulbarcelona/Library/CloudStorage/OneDrive-Personal/GitHub/digital_ip/image_processing/scaler_ips/banked_framebuf/yosys/banked_framebuf.sv2v.v:166$1953.b' using process `\banked_framebuf.$proc$/Users/paulbarcelona/Library/CloudStorage/OneDrive-Personal/GitHub/digital_ip/image_processing/scaler_ips/banked_framebuf/yosys/banked_framebuf.sv2v.v:159$2275'.
  created $dff cell `$procdff$3542' with positive edge clock.
Creating register for signal `\banked_framebuf.\sv2v_cast_32_signed$func$/Users/paulbarcelona/Library/CloudStorage/OneDrive-Personal/GitHub/digital_ip/image_processing/scaler_ips/banked_framebuf/yosys/banked_framebuf.sv2v.v:166$1954.$result' using process `\banked_framebuf.$proc$/Users/paulbarcelona/Library/CloudStorage/OneDrive-Personal/GitHub/digital_ip/image_processing/scaler_ips/banked_framebuf/yosys/banked_framebuf.sv2v.v:159$2275'.
  created $dff cell `$procdff$3543' with positive edge clock.
Creating register for signal `\banked_framebuf.\sv2v_cast_32_signed$func$/Users/paulbarcelona/Library/CloudStorage/OneDrive-Personal/GitHub/digital_ip/image_processing/scaler_ips/banked_framebuf/yosys/banked_framebuf.sv2v.v:166$1954.inp' using process `\banked_framebuf.$proc$/Users/paulbarcelona/Library/CloudStorage/OneDrive-Personal/GitHub/digital_ip/image_processing/scaler_ips/banked_framebuf/yosys/banked_framebuf.sv2v.v:159$2275'.
  created $dff cell `$procdff$3544' with positive edge clock.
Creating register for signal `\banked_framebuf.\prow$func$/Users/paulbarcelona/Library/CloudStorage/OneDrive-Personal/GitHub/digital_ip/image_processing/scaler_ips/banked_framebuf/yosys/banked_framebuf.sv2v.v:166$1955.$result' using process `\banked_framebuf.$proc$/Users/paulbarcelona/Library/CloudStorage/OneDrive-Personal/GitHub/digital_ip/image_processing/scaler_ips/banked_framebuf/yosys/banked_framebuf.sv2v.v:159$2275'.
  created $dff cell `$procdff$3545' with positive edge clock.
Creating register for signal `\banked_framebuf.\prow$func$/Users/paulbarcelona/Library/CloudStorage/OneDrive-Personal/GitHub/digital_ip/image_processing/scaler_ips/banked_framebuf/yosys/banked_framebuf.sv2v.v:166$1955.y' using process `\banked_framebuf.$proc$/Users/paulbarcelona/Library/CloudStorage/OneDrive-Personal/GitHub/digital_ip/image_processing/scaler_ips/banked_framebuf/yosys/banked_framebuf.sv2v.v:159$2275'.
  created $dff cell `$procdff$3546' with positive edge clock.
Creating register for signal `\banked_framebuf.\sv2v_cast_DE851_signed$func$/Users/paulbarcelona/Library/CloudStorage/OneDrive-Personal/GitHub/digital_ip/image_processing/scaler_ips/banked_framebuf/yosys/banked_framebuf.sv2v.v:166$1956.$result' using process `\banked_framebuf.$proc$/Users/paulbarcelona/Library/CloudStorage/OneDrive-Personal/GitHub/digital_ip/image_processing/scaler_ips/banked_framebuf/yosys/banked_framebuf.sv2v.v:159$2275'.
  created $dff cell `$procdff$3547' with positive edge clock.
Creating register for signal `\banked_framebuf.\sv2v_cast_DE851_signed$func$/Users/paulbarcelona/Library/CloudStorage/OneDrive-Personal/GitHub/digital_ip/image_processing/scaler_ips/banked_framebuf/yosys/banked_framebuf.sv2v.v:166$1956.inp' using process `\banked_framebuf.$proc$/Users/paulbarcelona/Library/CloudStorage/OneDrive-Personal/GitHub/digital_ip/image_processing/scaler_ips/banked_framebuf/yosys/banked_framebuf.sv2v.v:159$2275'.
  created $dff cell `$procdff$3548' with positive edge clock.
Creating register for signal `\banked_framebuf.\sv2v_cast_DE851$func$/Users/paulbarcelona/Library/CloudStorage/OneDrive-Personal/GitHub/digital_ip/image_processing/scaler_ips/banked_framebuf/yosys/banked_framebuf.sv2v.v:165$1957.$result' using process `\banked_framebuf.$proc$/Users/paulbarcelona/Library/CloudStorage/OneDrive-Personal/GitHub/digital_ip/image_processing/scaler_ips/banked_framebuf/yosys/banked_framebuf.sv2v.v:159$2275'.
  created $dff cell `$procdff$3549' with positive edge clock.
Creating register for signal `\banked_framebuf.\sv2v_cast_DE851$func$/Users/paulbarcelona/Library/CloudStorage/OneDrive-Personal/GitHub/digital_ip/image_processing/scaler_ips/banked_framebuf/yosys/banked_framebuf.sv2v.v:165$1957.inp' using process `\banked_framebuf.$proc$/Users/paulbarcelona/Library/CloudStorage/OneDrive-Personal/GitHub/digital_ip/image_processing/scaler_ips/banked_framebuf/yosys/banked_framebuf.sv2v.v:159$2275'.
  created $dff cell `$procdff$3550' with positive edge clock.
Creating register for signal `\banked_framebuf.\boff$func$/Users/paulbarcelona/Library/CloudStorage/OneDrive-Personal/GitHub/digital_ip/image_processing/scaler_ips/banked_framebuf/yosys/banked_framebuf.sv2v.v:166$1958.$result' using process `\banked_framebuf.$proc$/Users/paulbarcelona/Library/CloudStorage/OneDrive-Personal/GitHub/digital_ip/image_processing/scaler_ips/banked_framebuf/yosys/banked_framebuf.sv2v.v:159$2275'.
  created $dff cell `$procdff$3551' with positive edge clock.
Creating register for signal `\banked_framebuf.\boff$func$/Users/paulbarcelona/Library/CloudStorage/OneDrive-Personal/GitHub/digital_ip/image_processing/scaler_ips/banked_framebuf/yosys/banked_framebuf.sv2v.v:166$1958.b' using process `\banked_framebuf.$proc$/Users/paulbarcelona/Library/CloudStorage/OneDrive-Personal/GitHub/digital_ip/image_processing/scaler_ips/banked_framebuf/yosys/banked_framebuf.sv2v.v:159$2275'.
  created $dff cell `$procdff$3552' with positive edge clock.
Creating register for signal `\banked_framebuf.\sv2v_cast_32_signed$func$/Users/paulbarcelona/Library/CloudStorage/OneDrive-Personal/GitHub/digital_ip/image_processing/scaler_ips/banked_framebuf/yosys/banked_framebuf.sv2v.v:166$1959.$result' using process `\banked_framebuf.$proc$/Users/paulbarcelona/Library/CloudStorage/OneDrive-Personal/GitHub/digital_ip/image_processing/scaler_ips/banked_framebuf/yosys/banked_framebuf.sv2v.v:159$2275'.
  created $dff cell `$procdff$3553' with positive edge clock.
Creating register for signal `\banked_framebuf.\sv2v_cast_32_signed$func$/Users/paulbarcelona/Library/CloudStorage/OneDrive-Personal/GitHub/digital_ip/image_processing/scaler_ips/banked_framebuf/yosys/banked_framebuf.sv2v.v:166$1959.inp' using process `\banked_framebuf.$proc$/Users/paulbarcelona/Library/CloudStorage/OneDrive-Personal/GitHub/digital_ip/image_processing/scaler_ips/banked_framebuf/yosys/banked_framebuf.sv2v.v:159$2275'.
  created $dff cell `$procdff$3554' with positive edge clock.
Creating register for signal `\banked_framebuf.\prow$func$/Users/paulbarcelona/Library/CloudStorage/OneDrive-Personal/GitHub/digital_ip/image_processing/scaler_ips/banked_framebuf/yosys/banked_framebuf.sv2v.v:166$1960.$result' using process `\banked_framebuf.$proc$/Users/paulbarcelona/Library/CloudStorage/OneDrive-Personal/GitHub/digital_ip/image_processing/scaler_ips/banked_framebuf/yosys/banked_framebuf.sv2v.v:159$2275'.
  created $dff cell `$procdff$3555' with positive edge clock.
Creating register for signal `\banked_framebuf.\prow$func$/Users/paulbarcelona/Library/CloudStorage/OneDrive-Personal/GitHub/digital_ip/image_processing/scaler_ips/banked_framebuf/yosys/banked_framebuf.sv2v.v:166$1960.y' using process `\banked_framebuf.$proc$/Users/paulbarcelona/Library/CloudStorage/OneDrive-Personal/GitHub/digital_ip/image_processing/scaler_ips/banked_framebuf/yosys/banked_framebuf.sv2v.v:159$2275'.
  created $dff cell `$procdff$3556' with positive edge clock.
Creating register for signal `\banked_framebuf.\sv2v_cast_DE851_signed$func$/Users/paulbarcelona/Library/CloudStorage/OneDrive-Personal/GitHub/digital_ip/image_processing/scaler_ips/banked_framebuf/yosys/banked_framebuf.sv2v.v:166$1961.$result' using process `\banked_framebuf.$proc$/Users/paulbarcelona/Library/CloudStorage/OneDrive-Personal/GitHub/digital_ip/image_processing/scaler_ips/banked_framebuf/yosys/banked_framebuf.sv2v.v:159$2275'.
  created $dff cell `$procdff$3557' with positive edge clock.
Creating register for signal `\banked_framebuf.\sv2v_cast_DE851_signed$func$/Users/paulbarcelona/Library/CloudStorage/OneDrive-Personal/GitHub/digital_ip/image_processing/scaler_ips/banked_framebuf/yosys/banked_framebuf.sv2v.v:166$1961.inp' using process `\banked_framebuf.$proc$/Users/paulbarcelona/Library/CloudStorage/OneDrive-Personal/GitHub/digital_ip/image_processing/scaler_ips/banked_framebuf/yosys/banked_framebuf.sv2v.v:159$2275'.
  created $dff cell `$procdff$3558' with positive edge clock.
Creating register for signal `\banked_framebuf.\wbx' using process `\banked_framebuf.$proc$/Users/paulbarcelona/Library/CloudStorage/OneDrive-Personal/GitHub/digital_ip/image_processing/scaler_ips/banked_framebuf/yosys/banked_framebuf.sv2v.v:99$2026'.
  created $dff cell `$procdff$3559' with positive edge clock.
Creating register for signal `\banked_framebuf.\wby' using process `\banked_framebuf.$proc$/Users/paulbarcelona/Library/CloudStorage/OneDrive-Personal/GitHub/digital_ip/image_processing/scaler_ips/banked_framebuf/yosys/banked_framebuf.sv2v.v:99$2026'.
  created $dff cell `$procdff$3560' with positive edge clock.
Creating register for signal `\banked_framebuf.\waddr' using process `\banked_framebuf.$proc$/Users/paulbarcelona/Library/CloudStorage/OneDrive-Personal/GitHub/digital_ip/image_processing/scaler_ips/banked_framebuf/yosys/banked_framebuf.sv2v.v:99$2026'.
  created $dff cell `$procdff$3561' with positive edge clock.
Creating register for signal `\banked_framebuf.\wen' using process `\banked_framebuf.$proc$/Users/paulbarcelona/Library/CloudStorage/OneDrive-Personal/GitHub/digital_ip/image_processing/scaler_ips/banked_framebuf/yosys/banked_framebuf.sv2v.v:99$2026'.
  created $dff cell `$procdff$3562' with positive edge clock.
Creating register for signal `\banked_framebuf.\wdat' using process `\banked_framebuf.$proc$/Users/paulbarcelona/Library/CloudStorage/OneDrive-Personal/GitHub/digital_ip/image_processing/scaler_ips/banked_framebuf/yosys/banked_framebuf.sv2v.v:99$2026'.
  created $dff cell `$procdff$3563' with positive edge clock.
Creating register for signal `\banked_framebuf.\sv2v_cast_3C5FC$func$/Users/paulbarcelona/Library/CloudStorage/OneDrive-Personal/GitHub/digital_ip/image_processing/scaler_ips/banked_framebuf/yosys/banked_framebuf.sv2v.v:101$1890.$result' using process `\banked_framebuf.$proc$/Users/paulbarcelona/Library/CloudStorage/OneDrive-Personal/GitHub/digital_ip/image_processing/scaler_ips/banked_framebuf/yosys/banked_framebuf.sv2v.v:99$2026'.
  created $dff cell `$procdff$3564' with positive edge clock.
Creating register for signal `\banked_framebuf.\sv2v_cast_3C5FC$func$/Users/paulbarcelona/Library/CloudStorage/OneDrive-Personal/GitHub/digital_ip/image_processing/scaler_ips/banked_framebuf/yosys/banked_framebuf.sv2v.v:101$1890.inp' using process `\banked_framebuf.$proc$/Users/paulbarcelona/Library/CloudStorage/OneDrive-Personal/GitHub/digital_ip/image_processing/scaler_ips/banked_framebuf/yosys/banked_framebuf.sv2v.v:99$2026'.
  created $dff cell `$procdff$3565' with positive edge clock.
Creating register for signal `\banked_framebuf.\sv2v_cast_3C5FC$func$/Users/paulbarcelona/Library/CloudStorage/OneDrive-Personal/GitHub/digital_ip/image_processing/scaler_ips/banked_framebuf/yosys/banked_framebuf.sv2v.v:102$1891.$result' using process `\banked_framebuf.$proc$/Users/paulbarcelona/Library/CloudStorage/OneDrive-Personal/GitHub/digital_ip/image_processing/scaler_ips/banked_framebuf/yosys/banked_framebuf.sv2v.v:99$2026'.
  created $dff cell `$procdff$3566' with positive edge clock.
Creating register for signal `\banked_framebuf.\sv2v_cast_3C5FC$func$/Users/paulbarcelona/Library/CloudStorage/OneDrive-Personal/GitHub/digital_ip/image_processing/scaler_ips/banked_framebuf/yosys/banked_framebuf.sv2v.v:102$1891.inp' using process `\banked_framebuf.$proc$/Users/paulbarcelona/Library/CloudStorage/OneDrive-Personal/GitHub/digital_ip/image_processing/scaler_ips/banked_framebuf/yosys/banked_framebuf.sv2v.v:99$2026'.
  created $dff cell `$procdff$3567' with positive edge clock.
Creating register for signal `\banked_framebuf.\boff$func$/Users/paulbarcelona/Library/CloudStorage/OneDrive-Personal/GitHub/digital_ip/image_processing/scaler_ips/banked_framebuf/yosys/banked_framebuf.sv2v.v:103$1892.$result' using process `\banked_framebuf.$proc$/Users/paulbarcelona/Library/CloudStorage/OneDrive-Personal/GitHub/digital_ip/image_processing/scaler_ips/banked_framebuf/yosys/banked_framebuf.sv2v.v:99$2026'.
  created $dff cell `$procdff$3568' with positive edge clock.
Creating register for signal `\banked_framebuf.\boff$func$/Users/paulbarcelona/Library/CloudStorage/OneDrive-Personal/GitHub/digital_ip/image_processing/scaler_ips/banked_framebuf/yosys/banked_framebuf.sv2v.v:103$1892.b' using process `\banked_framebuf.$proc$/Users/paulbarcelona/Library/CloudStorage/OneDrive-Personal/GitHub/digital_ip/image_processing/scaler_ips/banked_framebuf/yosys/banked_framebuf.sv2v.v:99$2026'.
  created $dff cell `$procdff$3569' with positive edge clock.
Creating register for signal `\banked_framebuf.\sv2v_cast_32_signed$func$/Users/paulbarcelona/Library/CloudStorage/OneDrive-Personal/GitHub/digital_ip/image_processing/scaler_ips/banked_framebuf/yosys/banked_framebuf.sv2v.v:103$1893.$result' using process `\banked_framebuf.$proc$/Users/paulbarcelona/Library/CloudStorage/OneDrive-Personal/GitHub/digital_ip/image_processing/scaler_ips/banked_framebuf/yosys/banked_framebuf.sv2v.v:99$2026'.
  created $dff cell `$procdff$3570' with positive edge clock.
Creating register for signal `\banked_framebuf.\sv2v_cast_32_signed$func$/Users/paulbarcelona/Library/CloudStorage/OneDrive-Personal/GitHub/digital_ip/image_processing/scaler_ips/banked_framebuf/yosys/banked_framebuf.sv2v.v:103$1893.inp' using process `\banked_framebuf.$proc$/Users/paulbarcelona/Library/CloudStorage/OneDrive-Personal/GitHub/digital_ip/image_processing/scaler_ips/banked_framebuf/yosys/banked_framebuf.sv2v.v:99$2026'.
  created $dff cell `$procdff$3571' with positive edge clock.
Creating register for signal `\banked_framebuf.\prow$func$/Users/paulbarcelona/Library/CloudStorage/OneDrive-Personal/GitHub/digital_ip/image_processing/scaler_ips/banked_framebuf/yosys/banked_framebuf.sv2v.v:103$1894.$result' using process `\banked_framebuf.$proc$/Users/paulbarcelona/Library/CloudStorage/OneDrive-Personal/GitHub/digital_ip/image_processing/scaler_ips/banked_framebuf/yosys/banked_framebuf.sv2v.v:99$2026'.
  created $dff cell `$procdff$3572' with positive edge clock.
Creating register for signal `\banked_framebuf.\prow$func$/Users/paulbarcelona/Library/CloudStorage/OneDrive-Personal/GitHub/digital_ip/image_processing/scaler_ips/banked_framebuf/yosys/banked_framebuf.sv2v.v:103$1894.y' using process `\banked_framebuf.$proc$/Users/paulbarcelona/Library/CloudStorage/OneDrive-Personal/GitHub/digital_ip/image_processing/scaler_ips/banked_framebuf/yosys/banked_framebuf.sv2v.v:99$2026'.
  created $dff cell `$procdff$3573' with positive edge clock.
Creating register for signal `\banked_framebuf.\sv2v_cast_DE851$func$/Users/paulbarcelona/Library/CloudStorage/OneDrive-Personal/GitHub/digital_ip/image_processing/scaler_ips/banked_framebuf/yosys/banked_framebuf.sv2v.v:103$1895.$result' using process `\banked_framebuf.$proc$/Users/paulbarcelona/Library/CloudStorage/OneDrive-Personal/GitHub/digital_ip/image_processing/scaler_ips/banked_framebuf/yosys/banked_framebuf.sv2v.v:99$2026'.
  created $dff cell `$procdff$3574' with positive edge clock.
Creating register for signal `\banked_framebuf.\sv2v_cast_DE851$func$/Users/paulbarcelona/Library/CloudStorage/OneDrive-Personal/GitHub/digital_ip/image_processing/scaler_ips/banked_framebuf/yosys/banked_framebuf.sv2v.v:103$1895.inp' using process `\banked_framebuf.$proc$/Users/paulbarcelona/Library/CloudStorage/OneDrive-Personal/GitHub/digital_ip/image_processing/scaler_ips/banked_framebuf/yosys/banked_framebuf.sv2v.v:99$2026'.
  created $dff cell `$procdff$3575' with positive edge clock.

9.1.1.10. Executing PROC_MEMWR pass (convert process memory writes to cells).

9.1.1.11. Executing PROC_CLEAN pass (remove empty switches from decision trees).
Removing empty process `banked_framebuf.$proc$/Users/paulbarcelona/Library/CloudStorage/OneDrive-Personal/GitHub/digital_ip/image_processing/scaler_ips/banked_framebuf/yosys/banked_framebuf.sv2v.v:215$2674'.
Found and cleaned up 2 empty switches in `\banked_framebuf.$proc$/Users/paulbarcelona/Library/CloudStorage/OneDrive-Personal/GitHub/digital_ip/image_processing/scaler_ips/banked_framebuf/yosys/banked_framebuf.sv2v.v:193$2660'.
Removing empty process `banked_framebuf.$proc$/Users/paulbarcelona/Library/CloudStorage/OneDrive-Personal/GitHub/digital_ip/image_processing/scaler_ips/banked_framebuf/yosys/banked_framebuf.sv2v.v:193$2660'.
Found and cleaned up 2 empty switches in `\banked_framebuf.$proc$/Users/paulbarcelona/Library/CloudStorage/OneDrive-Personal/GitHub/digital_ip/image_processing/scaler_ips/banked_framebuf/yosys/banked_framebuf.sv2v.v:193$2647'.
Removing empty process `banked_framebuf.$proc$/Users/paulbarcelona/Library/CloudStorage/OneDrive-Personal/GitHub/digital_ip/image_processing/scaler_ips/banked_framebuf/yosys/banked_framebuf.sv2v.v:193$2647'.
Found and cleaned up 2 empty switches in `\banked_framebuf.$proc$/Users/paulbarcelona/Library/CloudStorage/OneDrive-Personal/GitHub/digital_ip/image_processing/scaler_ips/banked_framebuf/yosys/banked_framebuf.sv2v.v:193$2634'.
Removing empty process `banked_framebuf.$proc$/Users/paulbarcelona/Library/CloudStorage/OneDrive-Personal/GitHub/digital_ip/image_processing/scaler_ips/banked_framebuf/yosys/banked_framebuf.sv2v.v:193$2634'.
Found and cleaned up 2 empty switches in `\banked_framebuf.$proc$/Users/paulbarcelona/Library/CloudStorage/OneDrive-Personal/GitHub/digital_ip/image_processing/scaler_ips/banked_framebuf/yosys/banked_framebuf.sv2v.v:193$2621'.
Removing empty process `banked_framebuf.$proc$/Users/paulbarcelona/Library/CloudStorage/OneDrive-Personal/GitHub/digital_ip/image_processing/scaler_ips/banked_framebuf/yosys/banked_framebuf.sv2v.v:193$2621'.
Found and cleaned up 2 empty switches in `\banked_framebuf.$proc$/Users/paulbarcelona/Library/CloudStorage/OneDrive-Personal/GitHub/digital_ip/image_processing/scaler_ips/banked_framebuf/yosys/banked_framebuf.sv2v.v:193$2608'.
Removing empty process `banked_framebuf.$proc$/Users/paulbarcelona/Library/CloudStorage/OneDrive-Personal/GitHub/digital_ip/image_processing/scaler_ips/banked_framebuf/yosys/banked_framebuf.sv2v.v:193$2608'.
Found and cleaned up 2 empty switches in `\banked_framebuf.$proc$/Users/paulbarcelona/Library/CloudStorage/OneDrive-Personal/GitHub/digital_ip/image_processing/scaler_ips/banked_framebuf/yosys/banked_framebuf.sv2v.v:193$2595'.
Removing empty process `banked_framebuf.$proc$/Users/paulbarcelona/Library/CloudStorage/OneDrive-Personal/GitHub/digital_ip/image_processing/scaler_ips/banked_framebuf/yosys/banked_framebuf.sv2v.v:193$2595'.
Found and cleaned up 2 empty switches in `\banked_framebuf.$proc$/Users/paulbarcelona/Library/CloudStorage/OneDrive-Personal/GitHub/digital_ip/image_processing/scaler_ips/banked_framebuf/yosys/banked_framebuf.sv2v.v:193$2582'.
Removing empty process `banked_framebuf.$proc$/Users/paulbarcelona/Library/CloudStorage/OneDrive-Personal/GitHub/digital_ip/image_processing/scaler_ips/banked_framebuf/yosys/banked_framebuf.sv2v.v:193$2582'.
Found and cleaned up 2 empty switches in `\banked_framebuf.$proc$/Users/paulbarcelona/Library/CloudStorage/OneDrive-Personal/GitHub/digital_ip/image_processing/scaler_ips/banked_framebuf/yosys/banked_framebuf.sv2v.v:193$2569'.
Removing empty process `banked_framebuf.$proc$/Users/paulbarcelona/Library/CloudStorage/OneDrive-Personal/GitHub/digital_ip/image_processing/scaler_ips/banked_framebuf/yosys/banked_framebuf.sv2v.v:193$2569'.
Found and cleaned up 2 empty switches in `\banked_framebuf.$proc$/Users/paulbarcelona/Library/CloudStorage/OneDrive-Personal/GitHub/digital_ip/image_processing/scaler_ips/banked_framebuf/yosys/banked_framebuf.sv2v.v:193$2556'.
Removing empty process `banked_framebuf.$proc$/Users/paulbarcelona/Library/CloudStorage/OneDrive-Personal/GitHub/digital_ip/image_processing/scaler_ips/banked_framebuf/yosys/banked_framebuf.sv2v.v:193$2556'.
Found and cleaned up 2 empty switches in `\banked_framebuf.$proc$/Users/paulbarcelona/Library/CloudStorage/OneDrive-Personal/GitHub/digital_ip/image_processing/scaler_ips/banked_framebuf/yosys/banked_framebuf.sv2v.v:193$2543'.
Removing empty process `banked_framebuf.$proc$/Users/paulbarcelona/Library/CloudStorage/OneDrive-Personal/GitHub/digital_ip/image_processing/scaler_ips/banked_framebuf/yosys/banked_framebuf.sv2v.v:193$2543'.
Found and cleaned up 2 empty switches in `\banked_framebuf.$proc$/Users/paulbarcelona/Library/CloudStorage/OneDrive-Personal/GitHub/digital_ip/image_processing/scaler_ips/banked_framebuf/yosys/banked_framebuf.sv2v.v:193$2530'.
Removing empty process `banked_framebuf.$proc$/Users/paulbarcelona/Library/CloudStorage/OneDrive-Personal/GitHub/digital_ip/image_processing/scaler_ips/banked_framebuf/yosys/banked_framebuf.sv2v.v:193$2530'.
Found and cleaned up 2 empty switches in `\banked_framebuf.$proc$/Users/paulbarcelona/Library/CloudStorage/OneDrive-Personal/GitHub/digital_ip/image_processing/scaler_ips/banked_framebuf/yosys/banked_framebuf.sv2v.v:193$2517'.
Removing empty process `banked_framebuf.$proc$/Users/paulbarcelona/Library/CloudStorage/OneDrive-Personal/GitHub/digital_ip/image_processing/scaler_ips/banked_framebuf/yosys/banked_framebuf.sv2v.v:193$2517'.
Found and cleaned up 2 empty switches in `\banked_framebuf.$proc$/Users/paulbarcelona/Library/CloudStorage/OneDrive-Personal/GitHub/digital_ip/image_processing/scaler_ips/banked_framebuf/yosys/banked_framebuf.sv2v.v:193$2504'.
Removing empty process `banked_framebuf.$proc$/Users/paulbarcelona/Library/CloudStorage/OneDrive-Personal/GitHub/digital_ip/image_processing/scaler_ips/banked_framebuf/yosys/banked_framebuf.sv2v.v:193$2504'.
Found and cleaned up 2 empty switches in `\banked_framebuf.$proc$/Users/paulbarcelona/Library/CloudStorage/OneDrive-Personal/GitHub/digital_ip/image_processing/scaler_ips/banked_framebuf/yosys/banked_framebuf.sv2v.v:193$2491'.
Removing empty process `banked_framebuf.$proc$/Users/paulbarcelona/Library/CloudStorage/OneDrive-Personal/GitHub/digital_ip/image_processing/scaler_ips/banked_framebuf/yosys/banked_framebuf.sv2v.v:193$2491'.
Found and cleaned up 2 empty switches in `\banked_framebuf.$proc$/Users/paulbarcelona/Library/CloudStorage/OneDrive-Personal/GitHub/digital_ip/image_processing/scaler_ips/banked_framebuf/yosys/banked_framebuf.sv2v.v:193$2478'.
Removing empty process `banked_framebuf.$proc$/Users/paulbarcelona/Library/CloudStorage/OneDrive-Personal/GitHub/digital_ip/image_processing/scaler_ips/banked_framebuf/yosys/banked_framebuf.sv2v.v:193$2478'.
Found and cleaned up 2 empty switches in `\banked_framebuf.$proc$/Users/paulbarcelona/Library/CloudStorage/OneDrive-Personal/GitHub/digital_ip/image_processing/scaler_ips/banked_framebuf/yosys/banked_framebuf.sv2v.v:193$2465'.
Removing empty process `banked_framebuf.$proc$/Users/paulbarcelona/Library/CloudStorage/OneDrive-Personal/GitHub/digital_ip/image_processing/scaler_ips/banked_framebuf/yosys/banked_framebuf.sv2v.v:193$2465'.
Found and cleaned up 16 empty switches in `\banked_framebuf.$proc$/Users/paulbarcelona/Library/CloudStorage/OneDrive-Personal/GitHub/digital_ip/image_processing/scaler_ips/banked_framebuf/yosys/banked_framebuf.sv2v.v:202$2380'.
Removing empty process `banked_framebuf.$proc$/Users/paulbarcelona/Library/CloudStorage/OneDrive-Personal/GitHub/digital_ip/image_processing/scaler_ips/banked_framebuf/yosys/banked_framebuf.sv2v.v:202$2380'.
Found and cleaned up 1 empty switch in `\banked_framebuf.$proc$/Users/paulbarcelona/Library/CloudStorage/OneDrive-Personal/GitHub/digital_ip/image_processing/scaler_ips/banked_framebuf/yosys/banked_framebuf.sv2v.v:159$2275'.
Removing empty process `banked_framebuf.$proc$/Users/paulbarcelona/Library/CloudStorage/OneDrive-Personal/GitHub/digital_ip/image_processing/scaler_ips/banked_framebuf/yosys/banked_framebuf.sv2v.v:159$2275'.
Found and cleaned up 24 empty switches in `\banked_framebuf.$proc$/Users/paulbarcelona/Library/CloudStorage/OneDrive-Personal/GitHub/digital_ip/image_processing/scaler_ips/banked_framebuf/yosys/banked_framebuf.sv2v.v:122$2048'.
Removing empty process `banked_framebuf.$proc$/Users/paulbarcelona/Library/CloudStorage/OneDrive-Personal/GitHub/digital_ip/image_processing/scaler_ips/banked_framebuf/yosys/banked_framebuf.sv2v.v:122$2048'.
Removing empty process `banked_framebuf.$proc$/Users/paulbarcelona/Library/CloudStorage/OneDrive-Personal/GitHub/digital_ip/image_processing/scaler_ips/banked_framebuf/yosys/banked_framebuf.sv2v.v:99$2026'.
Cleaned up 73 empty switches.

9.1.1.12. Executing OPT_EXPR pass (perform const folding).
Optimizing module banked_framebuf.
<suppressed ~42 debug messages>

9.1.2. Executing TRIBUF pass.

9.1.3. Executing DEMINOUT pass (demote inout ports to input or output).

9.1.4. Executing OPT_EXPR pass (perform const folding).
Optimizing module banked_framebuf.
<suppressed ~108 debug messages>

9.1.5. Executing CHECK pass (checking for obvious problems).
Checking module banked_framebuf...
Found and reported 0 problems.

9.1.6. Executing OPT_CLEAN pass (remove unused cells and wires).
Finding unused cells or wires in module \banked_framebuf..
Removed 148 unused cells and 896 unused wires.
<suppressed ~188 debug messages>

9.1.7. Executing OPT pass (performing simple optimizations).

9.1.7.1. Executing OPT_EXPR pass (perform const folding).
Optimizing module banked_framebuf.

9.1.7.2. Executing OPT_MERGE pass (detect identical cells).
Finding identical cells in module `\banked_framebuf'.
Computing hashes of 663 cells of `\banked_framebuf'.
Finding duplicate cells in `\banked_framebuf'.
Computing hashes of 615 cells of `\banked_framebuf'.
Finding duplicate cells in `\banked_framebuf'.
Computing hashes of 597 cells of `\banked_framebuf'.
Finding duplicate cells in `\banked_framebuf'.
<suppressed ~198 debug messages>
Removed a total of 66 cells.

9.1.7.3. Executing OPT_MUXTREE pass (detect dead branches in mux trees).
Running muxtree optimizer on module \banked_framebuf..
  Creating internal representation of mux trees.
  Evaluating internal representation of mux trees.
  Analyzing evaluation results.
    dead port 1/2 on $mux $procmux$3424.
    dead port 1/2 on $mux $procmux$3370.
    dead port 1/2 on $mux $procmux$3361.
    dead port 1/2 on $mux $procmux$3352.
    dead port 1/2 on $mux $procmux$3343.
    dead port 1/2 on $mux $procmux$3334.
    dead port 1/2 on $mux $procmux$3379.
    dead port 1/2 on $mux $procmux$3415.
    dead port 1/2 on $mux $procmux$3325.
    dead port 1/2 on $mux $procmux$3388.
    dead port 1/2 on $mux $procmux$3397.
    dead port 1/2 on $mux $procmux$3406.
Removed 12 multiplexer ports.
<suppressed ~260 debug messages>

9.1.7.4. Executing OPT_REDUCE pass (consolidate $*mux and $reduce_* inputs).
  Optimizing cells in module \banked_framebuf.
    Consolidated identical input bits for $mux cell $procmux$2841:
      Old ports: A=24'000000000000000000000000, B=24'111111111111111111111111, Y=$0$memwr$\g_by[0].g_bx[0].mem$/Users/paulbarcelona/Library/CloudStorage/OneDrive-Personal/GitHub/digital_ip/image_processing/scaler_ips/banked_framebuf/yosys/banked_framebuf.sv2v.v:195$2010_EN[23:0]$2468
      New ports: A=1'0, B=1'1, Y=$0$memwr$\g_by[0].g_bx[0].mem$/Users/paulbarcelona/Library/CloudStorage/OneDrive-Personal/GitHub/digital_ip/image_processing/scaler_ips/banked_framebuf/yosys/banked_framebuf.sv2v.v:195$2010_EN[23:0]$2468 [0]
      New connections: $0$memwr$\g_by[0].g_bx[0].mem$/Users/paulbarcelona/Library/CloudStorage/OneDrive-Personal/GitHub/digital_ip/image_processing/scaler_ips/banked_framebuf/yosys/banked_framebuf.sv2v.v:195$2010_EN[23:0]$2468 [23:1] = { $0$memwr$\g_by[0].g_bx[0].mem$/Users/paulbarcelona/Library/CloudStorage/OneDrive-Personal/GitHub/digital_ip/image_processing/scaler_ips/banked_framebuf/yosys/banked_framebuf.sv2v.v:195$2010_EN[23:0]$2468 [0] $0$memwr$\g_by[0].g_bx[0].mem$/Users/paulbarcelona/Library/CloudStorage/OneDrive-Personal/GitHub/digital_ip/image_processing/scaler_ips/banked_framebuf/yosys/banked_framebuf.sv2v.v:195$2010_EN[23:0]$2468 [0] $0$memwr$\g_by[0].g_bx[0].mem$/Users/paulbarcelona/Library/CloudStorage/OneDrive-Personal/GitHub/digital_ip/image_processing/scaler_ips/banked_framebuf/yosys/banked_framebuf.sv2v.v:195$2010_EN[23:0]$2468 [0] $0$memwr$\g_by[0].g_bx[0].mem$/Users/paulbarcelona/Library/CloudStorage/OneDrive-Personal/GitHub/digital_ip/image_processing/scaler_ips/banked_framebuf/yosys/banked_framebuf.sv2v.v:195$2010_EN[23:0]$2468 [0] $0$memwr$\g_by[0].g_bx[0].mem$/Users/paulbarcelona/Library/CloudStorage/OneDrive-Personal/GitHub/digital_ip/image_processing/scaler_ips/banked_framebuf/yosys/banked_framebuf.sv2v.v:195$2010_EN[23:0]$2468 [0] $0$memwr$\g_by[0].g_bx[0].mem$/Users/paulbarcelona/Library/CloudStorage/OneDrive-Personal/GitHub/digital_ip/image_processing/scaler_ips/banked_framebuf/yosys/banked_framebuf.sv2v.v:195$2010_EN[23:0]$2468 [0] $0$memwr$\g_by[0].g_bx[0].mem$/Users/paulbarcelona/Library/CloudStorage/OneDrive-Personal/GitHub/digital_ip/image_processing/scaler_ips/banked_framebuf/yosys/banked_framebuf.sv2v.v:195$2010_EN[23:0]$2468 [0] $0$memwr$\g_by[0].g_bx[0].mem$/Users/paulbarcelona/Library/CloudStorage/OneDrive-Personal/GitHub/digital_ip/image_processing/scaler_ips/banked_framebuf/yosys/banked_framebuf.sv2v.v:195$2010_EN[23:0]$2468 [0] $0$memwr$\g_by[0].g_bx[0].mem$/Users/paulbarcelona/Library/CloudStorage/OneDrive-Personal/GitHub/digital_ip/image_processing/scaler_ips/banked_framebuf/yosys/banked_framebuf.sv2v.v:195$2010_EN[23:0]$2468 [0] $0$memwr$\g_by[0].g_bx[0].mem$/Users/paulbarcelona/Library/CloudStorage/OneDrive-Personal/GitHub/digital_ip/image_processing/scaler_ips/banked_framebuf/yosys/banked_framebuf.sv2v.v:195$2010_EN[23:0]$2468 [0] $0$memwr$\g_by[0].g_bx[0].mem$/Users/paulbarcelona/Library/CloudStorage/OneDrive-Personal/GitHub/digital_ip/image_processing/scaler_ips/banked_framebuf/yosys/banked_framebuf.sv2v.v:195$2010_EN[23:0]$2468 [0] $0$memwr$\g_by[0].g_bx[0].mem$/Users/paulbarcelona/Library/CloudStorage/OneDrive-Personal/GitHub/digital_ip/image_processing/scaler_ips/banked_framebuf/yosys/banked_framebuf.sv2v.v:195$2010_EN[23:0]$2468 [0] $0$memwr$\g_by[0].g_bx[0].mem$/Users/paulbarcelona/Library/CloudStorage/OneDrive-Personal/GitHub/digital_ip/image_processing/scaler_ips/banked_framebuf/yosys/banked_framebuf.sv2v.v:195$2010_EN[23:0]$2468 [0] $0$memwr$\g_by[0].g_bx[0].mem$/Users/paulbarcelona/Library/CloudStorage/OneDrive-Personal/GitHub/digital_ip/image_processing/scaler_ips/banked_framebuf/yosys/banked_framebuf.sv2v.v:195$2010_EN[23:0]$2468 [0] $0$memwr$\g_by[0].g_bx[0].mem$/Users/paulbarcelona/Library/CloudStorage/OneDrive-Personal/GitHub/digital_ip/image_processing/scaler_ips/banked_framebuf/yosys/banked_framebuf.sv2v.v:195$2010_EN[23:0]$2468 [0] $0$memwr$\g_by[0].g_bx[0].mem$/Users/paulbarcelona/Library/CloudStorage/OneDrive-Personal/GitHub/digital_ip/image_processing/scaler_ips/banked_framebuf/yosys/banked_framebuf.sv2v.v:195$2010_EN[23:0]$2468 [0] $0$memwr$\g_by[0].g_bx[0].mem$/Users/paulbarcelona/Library/CloudStorage/OneDrive-Personal/GitHub/digital_ip/image_processing/scaler_ips/banked_framebuf/yosys/banked_framebuf.sv2v.v:195$2010_EN[23:0]$2468 [0] $0$memwr$\g_by[0].g_bx[0].mem$/Users/paulbarcelona/Library/CloudStorage/OneDrive-Personal/GitHub/digital_ip/image_processing/scaler_ips/banked_framebuf/yosys/banked_framebuf.sv2v.v:195$2010_EN[23:0]$2468 [0] $0$memwr$\g_by[0].g_bx[0].mem$/Users/paulbarcelona/Library/CloudStorage/OneDrive-Personal/GitHub/digital_ip/image_processing/scaler_ips/banked_framebuf/yosys/banked_framebuf.sv2v.v:195$2010_EN[23:0]$2468 [0] $0$memwr$\g_by[0].g_bx[0].mem$/Users/paulbarcelona/Library/CloudStorage/OneDrive-Personal/GitHub/digital_ip/image_processing/scaler_ips/banked_framebuf/yosys/banked_framebuf.sv2v.v:195$2010_EN[23:0]$2468 [0] $0$memwr$\g_by[0].g_bx[0].mem$/Users/paulbarcelona/Library/CloudStorage/OneDrive-Personal/GitHub/digital_ip/image_processing/scaler_ips/banked_framebuf/yosys/banked_framebuf.sv2v.v:195$2010_EN[23:0]$2468 [0] $0$memwr$\g_by[0].g_bx[0].mem$/Users/paulbarcelona/Library/CloudStorage/OneDrive-Personal/GitHub/digital_ip/image_processing/scaler_ips/banked_framebuf/yosys/banked_framebuf.sv2v.v:195$2010_EN[23:0]$2468 [0] $0$memwr$\g_by[0].g_bx[0].mem$/Users/paulbarcelona/Library/CloudStorage/OneDrive-Personal/GitHub/digital_ip/image_processing/scaler_ips/banked_framebuf/yosys/banked_framebuf.sv2v.v:195$2010_EN[23:0]$2468 [0] }
    Consolidated identical input bits for $mux cell $procmux$2830:
      Old ports: A=24'000000000000000000000000, B=24'111111111111111111111111, Y=$0$memwr$\g_by[0].g_bx[1].mem$/Users/paulbarcelona/Library/CloudStorage/OneDrive-Personal/GitHub/digital_ip/image_processing/scaler_ips/banked_framebuf/yosys/banked_framebuf.sv2v.v:195$2011_EN[23:0]$2481
      New ports: A=1'0, B=1'1, Y=$0$memwr$\g_by[0].g_bx[1].mem$/Users/paulbarcelona/Library/CloudStorage/OneDrive-Personal/GitHub/digital_ip/image_processing/scaler_ips/banked_framebuf/yosys/banked_framebuf.sv2v.v:195$2011_EN[23:0]$2481 [0]
      New connections: $0$memwr$\g_by[0].g_bx[1].mem$/Users/paulbarcelona/Library/CloudStorage/OneDrive-Personal/GitHub/digital_ip/image_processing/scaler_ips/banked_framebuf/yosys/banked_framebuf.sv2v.v:195$2011_EN[23:0]$2481 [23:1] = { $0$memwr$\g_by[0].g_bx[1].mem$/Users/paulbarcelona/Library/CloudStorage/OneDrive-Personal/GitHub/digital_ip/image_processing/scaler_ips/banked_framebuf/yosys/banked_framebuf.sv2v.v:195$2011_EN[23:0]$2481 [0] $0$memwr$\g_by[0].g_bx[1].mem$/Users/paulbarcelona/Library/CloudStorage/OneDrive-Personal/GitHub/digital_ip/image_processing/scaler_ips/banked_framebuf/yosys/banked_framebuf.sv2v.v:195$2011_EN[23:0]$2481 [0] $0$memwr$\g_by[0].g_bx[1].mem$/Users/paulbarcelona/Library/CloudStorage/OneDrive-Personal/GitHub/digital_ip/image_processing/scaler_ips/banked_framebuf/yosys/banked_framebuf.sv2v.v:195$2011_EN[23:0]$2481 [0] $0$memwr$\g_by[0].g_bx[1].mem$/Users/paulbarcelona/Library/CloudStorage/OneDrive-Personal/GitHub/digital_ip/image_processing/scaler_ips/banked_framebuf/yosys/banked_framebuf.sv2v.v:195$2011_EN[23:0]$2481 [0] $0$memwr$\g_by[0].g_bx[1].mem$/Users/paulbarcelona/Library/CloudStorage/OneDrive-Personal/GitHub/digital_ip/image_processing/scaler_ips/banked_framebuf/yosys/banked_framebuf.sv2v.v:195$2011_EN[23:0]$2481 [0] $0$memwr$\g_by[0].g_bx[1].mem$/Users/paulbarcelona/Library/CloudStorage/OneDrive-Personal/GitHub/digital_ip/image_processing/scaler_ips/banked_framebuf/yosys/banked_framebuf.sv2v.v:195$2011_EN[23:0]$2481 [0] $0$memwr$\g_by[0].g_bx[1].mem$/Users/paulbarcelona/Library/CloudStorage/OneDrive-Personal/GitHub/digital_ip/image_processing/scaler_ips/banked_framebuf/yosys/banked_framebuf.sv2v.v:195$2011_EN[23:0]$2481 [0] $0$memwr$\g_by[0].g_bx[1].mem$/Users/paulbarcelona/Library/CloudStorage/OneDrive-Personal/GitHub/digital_ip/image_processing/scaler_ips/banked_framebuf/yosys/banked_framebuf.sv2v.v:195$2011_EN[23:0]$2481 [0] $0$memwr$\g_by[0].g_bx[1].mem$/Users/paulbarcelona/Library/CloudStorage/OneDrive-Personal/GitHub/digital_ip/image_processing/scaler_ips/banked_framebuf/yosys/banked_framebuf.sv2v.v:195$2011_EN[23:0]$2481 [0] $0$memwr$\g_by[0].g_bx[1].mem$/Users/paulbarcelona/Library/CloudStorage/OneDrive-Personal/GitHub/digital_ip/image_processing/scaler_ips/banked_framebuf/yosys/banked_framebuf.sv2v.v:195$2011_EN[23:0]$2481 [0] $0$memwr$\g_by[0].g_bx[1].mem$/Users/paulbarcelona/Library/CloudStorage/OneDrive-Personal/GitHub/digital_ip/image_processing/scaler_ips/banked_framebuf/yosys/banked_framebuf.sv2v.v:195$2011_EN[23:0]$2481 [0] $0$memwr$\g_by[0].g_bx[1].mem$/Users/paulbarcelona/Library/CloudStorage/OneDrive-Personal/GitHub/digital_ip/image_processing/scaler_ips/banked_framebuf/yosys/banked_framebuf.sv2v.v:195$2011_EN[23:0]$2481 [0] $0$memwr$\g_by[0].g_bx[1].mem$/Users/paulbarcelona/Library/CloudStorage/OneDrive-Personal/GitHub/digital_ip/image_processing/scaler_ips/banked_framebuf/yosys/banked_framebuf.sv2v.v:195$2011_EN[23:0]$2481 [0] $0$memwr$\g_by[0].g_bx[1].mem$/Users/paulbarcelona/Library/CloudStorage/OneDrive-Personal/GitHub/digital_ip/image_processing/scaler_ips/banked_framebuf/yosys/banked_framebuf.sv2v.v:195$2011_EN[23:0]$2481 [0] $0$memwr$\g_by[0].g_bx[1].mem$/Users/paulbarcelona/Library/CloudStorage/OneDrive-Personal/GitHub/digital_ip/image_processing/scaler_ips/banked_framebuf/yosys/banked_framebuf.sv2v.v:195$2011_EN[23:0]$2481 [0] $0$memwr$\g_by[0].g_bx[1].mem$/Users/paulbarcelona/Library/CloudStorage/OneDrive-Personal/GitHub/digital_ip/image_processing/scaler_ips/banked_framebuf/yosys/banked_framebuf.sv2v.v:195$2011_EN[23:0]$2481 [0] $0$memwr$\g_by[0].g_bx[1].mem$/Users/paulbarcelona/Library/CloudStorage/OneDrive-Personal/GitHub/digital_ip/image_processing/scaler_ips/banked_framebuf/yosys/banked_framebuf.sv2v.v:195$2011_EN[23:0]$2481 [0] $0$memwr$\g_by[0].g_bx[1].mem$/Users/paulbarcelona/Library/CloudStorage/OneDrive-Personal/GitHub/digital_ip/image_processing/scaler_ips/banked_framebuf/yosys/banked_framebuf.sv2v.v:195$2011_EN[23:0]$2481 [0] $0$memwr$\g_by[0].g_bx[1].mem$/Users/paulbarcelona/Library/CloudStorage/OneDrive-Personal/GitHub/digital_ip/image_processing/scaler_ips/banked_framebuf/yosys/banked_framebuf.sv2v.v:195$2011_EN[23:0]$2481 [0] $0$memwr$\g_by[0].g_bx[1].mem$/Users/paulbarcelona/Library/CloudStorage/OneDrive-Personal/GitHub/digital_ip/image_processing/scaler_ips/banked_framebuf/yosys/banked_framebuf.sv2v.v:195$2011_EN[23:0]$2481 [0] $0$memwr$\g_by[0].g_bx[1].mem$/Users/paulbarcelona/Library/CloudStorage/OneDrive-Personal/GitHub/digital_ip/image_processing/scaler_ips/banked_framebuf/yosys/banked_framebuf.sv2v.v:195$2011_EN[23:0]$2481 [0] $0$memwr$\g_by[0].g_bx[1].mem$/Users/paulbarcelona/Library/CloudStorage/OneDrive-Personal/GitHub/digital_ip/image_processing/scaler_ips/banked_framebuf/yosys/banked_framebuf.sv2v.v:195$2011_EN[23:0]$2481 [0] $0$memwr$\g_by[0].g_bx[1].mem$/Users/paulbarcelona/Library/CloudStorage/OneDrive-Personal/GitHub/digital_ip/image_processing/scaler_ips/banked_framebuf/yosys/banked_framebuf.sv2v.v:195$2011_EN[23:0]$2481 [0] }
    Consolidated identical input bits for $mux cell $procmux$2819:
      Old ports: A=24'000000000000000000000000, B=24'111111111111111111111111, Y=$0$memwr$\g_by[0].g_bx[2].mem$/Users/paulbarcelona/Library/CloudStorage/OneDrive-Personal/GitHub/digital_ip/image_processing/scaler_ips/banked_framebuf/yosys/banked_framebuf.sv2v.v:195$2012_EN[23:0]$2494
      New ports: A=1'0, B=1'1, Y=$0$memwr$\g_by[0].g_bx[2].mem$/Users/paulbarcelona/Library/CloudStorage/OneDrive-Personal/GitHub/digital_ip/image_processing/scaler_ips/banked_framebuf/yosys/banked_framebuf.sv2v.v:195$2012_EN[23:0]$2494 [0]
      New connections: $0$memwr$\g_by[0].g_bx[2].mem$/Users/paulbarcelona/Library/CloudStorage/OneDrive-Personal/GitHub/digital_ip/image_processing/scaler_ips/banked_framebuf/yosys/banked_framebuf.sv2v.v:195$2012_EN[23:0]$2494 [23:1] = { $0$memwr$\g_by[0].g_bx[2].mem$/Users/paulbarcelona/Library/CloudStorage/OneDrive-Personal/GitHub/digital_ip/image_processing/scaler_ips/banked_framebuf/yosys/banked_framebuf.sv2v.v:195$2012_EN[23:0]$2494 [0] $0$memwr$\g_by[0].g_bx[2].mem$/Users/paulbarcelona/Library/CloudStorage/OneDrive-Personal/GitHub/digital_ip/image_processing/scaler_ips/banked_framebuf/yosys/banked_framebuf.sv2v.v:195$2012_EN[23:0]$2494 [0] $0$memwr$\g_by[0].g_bx[2].mem$/Users/paulbarcelona/Library/CloudStorage/OneDrive-Personal/GitHub/digital_ip/image_processing/scaler_ips/banked_framebuf/yosys/banked_framebuf.sv2v.v:195$2012_EN[23:0]$2494 [0] $0$memwr$\g_by[0].g_bx[2].mem$/Users/paulbarcelona/Library/CloudStorage/OneDrive-Personal/GitHub/digital_ip/image_processing/scaler_ips/banked_framebuf/yosys/banked_framebuf.sv2v.v:195$2012_EN[23:0]$2494 [0] $0$memwr$\g_by[0].g_bx[2].mem$/Users/paulbarcelona/Library/CloudStorage/OneDrive-Personal/GitHub/digital_ip/image_processing/scaler_ips/banked_framebuf/yosys/banked_framebuf.sv2v.v:195$2012_EN[23:0]$2494 [0] $0$memwr$\g_by[0].g_bx[2].mem$/Users/paulbarcelona/Library/CloudStorage/OneDrive-Personal/GitHub/digital_ip/image_processing/scaler_ips/banked_framebuf/yosys/banked_framebuf.sv2v.v:195$2012_EN[23:0]$2494 [0] $0$memwr$\g_by[0].g_bx[2].mem$/Users/paulbarcelona/Library/CloudStorage/OneDrive-Personal/GitHub/digital_ip/image_processing/scaler_ips/banked_framebuf/yosys/banked_framebuf.sv2v.v:195$2012_EN[23:0]$2494 [0] $0$memwr$\g_by[0].g_bx[2].mem$/Users/paulbarcelona/Library/CloudStorage/OneDrive-Personal/GitHub/digital_ip/image_processing/scaler_ips/banked_framebuf/yosys/banked_framebuf.sv2v.v:195$2012_EN[23:0]$2494 [0] $0$memwr$\g_by[0].g_bx[2].mem$/Users/paulbarcelona/Library/CloudStorage/OneDrive-Personal/GitHub/digital_ip/image_processing/scaler_ips/banked_framebuf/yosys/banked_framebuf.sv2v.v:195$2012_EN[23:0]$2494 [0] $0$memwr$\g_by[0].g_bx[2].mem$/Users/paulbarcelona/Library/CloudStorage/OneDrive-Personal/GitHub/digital_ip/image_processing/scaler_ips/banked_framebuf/yosys/banked_framebuf.sv2v.v:195$2012_EN[23:0]$2494 [0] $0$memwr$\g_by[0].g_bx[2].mem$/Users/paulbarcelona/Library/CloudStorage/OneDrive-Personal/GitHub/digital_ip/image_processing/scaler_ips/banked_framebuf/yosys/banked_framebuf.sv2v.v:195$2012_EN[23:0]$2494 [0] $0$memwr$\g_by[0].g_bx[2].mem$/Users/paulbarcelona/Library/CloudStorage/OneDrive-Personal/GitHub/digital_ip/image_processing/scaler_ips/banked_framebuf/yosys/banked_framebuf.sv2v.v:195$2012_EN[23:0]$2494 [0] $0$memwr$\g_by[0].g_bx[2].mem$/Users/paulbarcelona/Library/CloudStorage/OneDrive-Personal/GitHub/digital_ip/image_processing/scaler_ips/banked_framebuf/yosys/banked_framebuf.sv2v.v:195$2012_EN[23:0]$2494 [0] $0$memwr$\g_by[0].g_bx[2].mem$/Users/paulbarcelona/Library/CloudStorage/OneDrive-Personal/GitHub/digital_ip/image_processing/scaler_ips/banked_framebuf/yosys/banked_framebuf.sv2v.v:195$2012_EN[23:0]$2494 [0] $0$memwr$\g_by[0].g_bx[2].mem$/Users/paulbarcelona/Library/CloudStorage/OneDrive-Personal/GitHub/digital_ip/image_processing/scaler_ips/banked_framebuf/yosys/banked_framebuf.sv2v.v:195$2012_EN[23:0]$2494 [0] $0$memwr$\g_by[0].g_bx[2].mem$/Users/paulbarcelona/Library/CloudStorage/OneDrive-Personal/GitHub/digital_ip/image_processing/scaler_ips/banked_framebuf/yosys/banked_framebuf.sv2v.v:195$2012_EN[23:0]$2494 [0] $0$memwr$\g_by[0].g_bx[2].mem$/Users/paulbarcelona/Library/CloudStorage/OneDrive-Personal/GitHub/digital_ip/image_processing/scaler_ips/banked_framebuf/yosys/banked_framebuf.sv2v.v:195$2012_EN[23:0]$2494 [0] $0$memwr$\g_by[0].g_bx[2].mem$/Users/paulbarcelona/Library/CloudStorage/OneDrive-Personal/GitHub/digital_ip/image_processing/scaler_ips/banked_framebuf/yosys/banked_framebuf.sv2v.v:195$2012_EN[23:0]$2494 [0] $0$memwr$\g_by[0].g_bx[2].mem$/Users/paulbarcelona/Library/CloudStorage/OneDrive-Personal/GitHub/digital_ip/image_processing/scaler_ips/banked_framebuf/yosys/banked_framebuf.sv2v.v:195$2012_EN[23:0]$2494 [0] $0$memwr$\g_by[0].g_bx[2].mem$/Users/paulbarcelona/Library/CloudStorage/OneDrive-Personal/GitHub/digital_ip/image_processing/scaler_ips/banked_framebuf/yosys/banked_framebuf.sv2v.v:195$2012_EN[23:0]$2494 [0] $0$memwr$\g_by[0].g_bx[2].mem$/Users/paulbarcelona/Library/CloudStorage/OneDrive-Personal/GitHub/digital_ip/image_processing/scaler_ips/banked_framebuf/yosys/banked_framebuf.sv2v.v:195$2012_EN[23:0]$2494 [0] $0$memwr$\g_by[0].g_bx[2].mem$/Users/paulbarcelona/Library/CloudStorage/OneDrive-Personal/GitHub/digital_ip/image_processing/scaler_ips/banked_framebuf/yosys/banked_framebuf.sv2v.v:195$2012_EN[23:0]$2494 [0] $0$memwr$\g_by[0].g_bx[2].mem$/Users/paulbarcelona/Library/CloudStorage/OneDrive-Personal/GitHub/digital_ip/image_processing/scaler_ips/banked_framebuf/yosys/banked_framebuf.sv2v.v:195$2012_EN[23:0]$2494 [0] }
    Consolidated identical input bits for $mux cell $procmux$2808:
      Old ports: A=24'000000000000000000000000, B=24'111111111111111111111111, Y=$0$memwr$\g_by[0].g_bx[3].mem$/Users/paulbarcelona/Library/CloudStorage/OneDrive-Personal/GitHub/digital_ip/image_processing/scaler_ips/banked_framebuf/yosys/banked_framebuf.sv2v.v:195$2013_EN[23:0]$2507
      New ports: A=1'0, B=1'1, Y=$0$memwr$\g_by[0].g_bx[3].mem$/Users/paulbarcelona/Library/CloudStorage/OneDrive-Personal/GitHub/digital_ip/image_processing/scaler_ips/banked_framebuf/yosys/banked_framebuf.sv2v.v:195$2013_EN[23:0]$2507 [0]
      New connections: $0$memwr$\g_by[0].g_bx[3].mem$/Users/paulbarcelona/Library/CloudStorage/OneDrive-Personal/GitHub/digital_ip/image_processing/scaler_ips/banked_framebuf/yosys/banked_framebuf.sv2v.v:195$2013_EN[23:0]$2507 [23:1] = { $0$memwr$\g_by[0].g_bx[3].mem$/Users/paulbarcelona/Library/CloudStorage/OneDrive-Personal/GitHub/digital_ip/image_processing/scaler_ips/banked_framebuf/yosys/banked_framebuf.sv2v.v:195$2013_EN[23:0]$2507 [0] $0$memwr$\g_by[0].g_bx[3].mem$/Users/paulbarcelona/Library/CloudStorage/OneDrive-Personal/GitHub/digital_ip/image_processing/scaler_ips/banked_framebuf/yosys/banked_framebuf.sv2v.v:195$2013_EN[23:0]$2507 [0] $0$memwr$\g_by[0].g_bx[3].mem$/Users/paulbarcelona/Library/CloudStorage/OneDrive-Personal/GitHub/digital_ip/image_processing/scaler_ips/banked_framebuf/yosys/banked_framebuf.sv2v.v:195$2013_EN[23:0]$2507 [0] $0$memwr$\g_by[0].g_bx[3].mem$/Users/paulbarcelona/Library/CloudStorage/OneDrive-Personal/GitHub/digital_ip/image_processing/scaler_ips/banked_framebuf/yosys/banked_framebuf.sv2v.v:195$2013_EN[23:0]$2507 [0] $0$memwr$\g_by[0].g_bx[3].mem$/Users/paulbarcelona/Library/CloudStorage/OneDrive-Personal/GitHub/digital_ip/image_processing/scaler_ips/banked_framebuf/yosys/banked_framebuf.sv2v.v:195$2013_EN[23:0]$2507 [0] $0$memwr$\g_by[0].g_bx[3].mem$/Users/paulbarcelona/Library/CloudStorage/OneDrive-Personal/GitHub/digital_ip/image_processing/scaler_ips/banked_framebuf/yosys/banked_framebuf.sv2v.v:195$2013_EN[23:0]$2507 [0] $0$memwr$\g_by[0].g_bx[3].mem$/Users/paulbarcelona/Library/CloudStorage/OneDrive-Personal/GitHub/digital_ip/image_processing/scaler_ips/banked_framebuf/yosys/banked_framebuf.sv2v.v:195$2013_EN[23:0]$2507 [0] $0$memwr$\g_by[0].g_bx[3].mem$/Users/paulbarcelona/Library/CloudStorage/OneDrive-Personal/GitHub/digital_ip/image_processing/scaler_ips/banked_framebuf/yosys/banked_framebuf.sv2v.v:195$2013_EN[23:0]$2507 [0] $0$memwr$\g_by[0].g_bx[3].mem$/Users/paulbarcelona/Library/CloudStorage/OneDrive-Personal/GitHub/digital_ip/image_processing/scaler_ips/banked_framebuf/yosys/banked_framebuf.sv2v.v:195$2013_EN[23:0]$2507 [0] $0$memwr$\g_by[0].g_bx[3].mem$/Users/paulbarcelona/Library/CloudStorage/OneDrive-Personal/GitHub/digital_ip/image_processing/scaler_ips/banked_framebuf/yosys/banked_framebuf.sv2v.v:195$2013_EN[23:0]$2507 [0] $0$memwr$\g_by[0].g_bx[3].mem$/Users/paulbarcelona/Library/CloudStorage/OneDrive-Personal/GitHub/digital_ip/image_processing/scaler_ips/banked_framebuf/yosys/banked_framebuf.sv2v.v:195$2013_EN[23:0]$2507 [0] $0$memwr$\g_by[0].g_bx[3].mem$/Users/paulbarcelona/Library/CloudStorage/OneDrive-Personal/GitHub/digital_ip/image_processing/scaler_ips/banked_framebuf/yosys/banked_framebuf.sv2v.v:195$2013_EN[23:0]$2507 [0] $0$memwr$\g_by[0].g_bx[3].mem$/Users/paulbarcelona/Library/CloudStorage/OneDrive-Personal/GitHub/digital_ip/image_processing/scaler_ips/banked_framebuf/yosys/banked_framebuf.sv2v.v:195$2013_EN[23:0]$2507 [0] $0$memwr$\g_by[0].g_bx[3].mem$/Users/paulbarcelona/Library/CloudStorage/OneDrive-Personal/GitHub/digital_ip/image_processing/scaler_ips/banked_framebuf/yosys/banked_framebuf.sv2v.v:195$2013_EN[23:0]$2507 [0] $0$memwr$\g_by[0].g_bx[3].mem$/Users/paulbarcelona/Library/CloudStorage/OneDrive-Personal/GitHub/digital_ip/image_processing/scaler_ips/banked_framebuf/yosys/banked_framebuf.sv2v.v:195$2013_EN[23:0]$2507 [0] $0$memwr$\g_by[0].g_bx[3].mem$/Users/paulbarcelona/Library/CloudStorage/OneDrive-Personal/GitHub/digital_ip/image_processing/scaler_ips/banked_framebuf/yosys/banked_framebuf.sv2v.v:195$2013_EN[23:0]$2507 [0] $0$memwr$\g_by[0].g_bx[3].mem$/Users/paulbarcelona/Library/CloudStorage/OneDrive-Personal/GitHub/digital_ip/image_processing/scaler_ips/banked_framebuf/yosys/banked_framebuf.sv2v.v:195$2013_EN[23:0]$2507 [0] $0$memwr$\g_by[0].g_bx[3].mem$/Users/paulbarcelona/Library/CloudStorage/OneDrive-Personal/GitHub/digital_ip/image_processing/scaler_ips/banked_framebuf/yosys/banked_framebuf.sv2v.v:195$2013_EN[23:0]$2507 [0] $0$memwr$\g_by[0].g_bx[3].mem$/Users/paulbarcelona/Library/CloudStorage/OneDrive-Personal/GitHub/digital_ip/image_processing/scaler_ips/banked_framebuf/yosys/banked_framebuf.sv2v.v:195$2013_EN[23:0]$2507 [0] $0$memwr$\g_by[0].g_bx[3].mem$/Users/paulbarcelona/Library/CloudStorage/OneDrive-Personal/GitHub/digital_ip/image_processing/scaler_ips/banked_framebuf/yosys/banked_framebuf.sv2v.v:195$2013_EN[23:0]$2507 [0] $0$memwr$\g_by[0].g_bx[3].mem$/Users/paulbarcelona/Library/CloudStorage/OneDrive-Personal/GitHub/digital_ip/image_processing/scaler_ips/banked_framebuf/yosys/banked_framebuf.sv2v.v:195$2013_EN[23:0]$2507 [0] $0$memwr$\g_by[0].g_bx[3].mem$/Users/paulbarcelona/Library/CloudStorage/OneDrive-Personal/GitHub/digital_ip/image_processing/scaler_ips/banked_framebuf/yosys/banked_framebuf.sv2v.v:195$2013_EN[23:0]$2507 [0] $0$memwr$\g_by[0].g_bx[3].mem$/Users/paulbarcelona/Library/CloudStorage/OneDrive-Personal/GitHub/digital_ip/image_processing/scaler_ips/banked_framebuf/yosys/banked_framebuf.sv2v.v:195$2013_EN[23:0]$2507 [0] }
    Consolidated identical input bits for $mux cell $procmux$2797:
      Old ports: A=24'000000000000000000000000, B=24'111111111111111111111111, Y=$0$memwr$\g_by[1].g_bx[0].mem$/Users/paulbarcelona/Library/CloudStorage/OneDrive-Personal/GitHub/digital_ip/image_processing/scaler_ips/banked_framebuf/yosys/banked_framebuf.sv2v.v:195$2014_EN[23:0]$2520
      New ports: A=1'0, B=1'1, Y=$0$memwr$\g_by[1].g_bx[0].mem$/Users/paulbarcelona/Library/CloudStorage/OneDrive-Personal/GitHub/digital_ip/image_processing/scaler_ips/banked_framebuf/yosys/banked_framebuf.sv2v.v:195$2014_EN[23:0]$2520 [0]
      New connections: $0$memwr$\g_by[1].g_bx[0].mem$/Users/paulbarcelona/Library/CloudStorage/OneDrive-Personal/GitHub/digital_ip/image_processing/scaler_ips/banked_framebuf/yosys/banked_framebuf.sv2v.v:195$2014_EN[23:0]$2520 [23:1] = { $0$memwr$\g_by[1].g_bx[0].mem$/Users/paulbarcelona/Library/CloudStorage/OneDrive-Personal/GitHub/digital_ip/image_processing/scaler_ips/banked_framebuf/yosys/banked_framebuf.sv2v.v:195$2014_EN[23:0]$2520 [0] $0$memwr$\g_by[1].g_bx[0].mem$/Users/paulbarcelona/Library/CloudStorage/OneDrive-Personal/GitHub/digital_ip/image_processing/scaler_ips/banked_framebuf/yosys/banked_framebuf.sv2v.v:195$2014_EN[23:0]$2520 [0] $0$memwr$\g_by[1].g_bx[0].mem$/Users/paulbarcelona/Library/CloudStorage/OneDrive-Personal/GitHub/digital_ip/image_processing/scaler_ips/banked_framebuf/yosys/banked_framebuf.sv2v.v:195$2014_EN[23:0]$2520 [0] $0$memwr$\g_by[1].g_bx[0].mem$/Users/paulbarcelona/Library/CloudStorage/OneDrive-Personal/GitHub/digital_ip/image_processing/scaler_ips/banked_framebuf/yosys/banked_framebuf.sv2v.v:195$2014_EN[23:0]$2520 [0] $0$memwr$\g_by[1].g_bx[0].mem$/Users/paulbarcelona/Library/CloudStorage/OneDrive-Personal/GitHub/digital_ip/image_processing/scaler_ips/banked_framebuf/yosys/banked_framebuf.sv2v.v:195$2014_EN[23:0]$2520 [0] $0$memwr$\g_by[1].g_bx[0].mem$/Users/paulbarcelona/Library/CloudStorage/OneDrive-Personal/GitHub/digital_ip/image_processing/scaler_ips/banked_framebuf/yosys/banked_framebuf.sv2v.v:195$2014_EN[23:0]$2520 [0] $0$memwr$\g_by[1].g_bx[0].mem$/Users/paulbarcelona/Library/CloudStorage/OneDrive-Personal/GitHub/digital_ip/image_processing/scaler_ips/banked_framebuf/yosys/banked_framebuf.sv2v.v:195$2014_EN[23:0]$2520 [0] $0$memwr$\g_by[1].g_bx[0].mem$/Users/paulbarcelona/Library/CloudStorage/OneDrive-Personal/GitHub/digital_ip/image_processing/scaler_ips/banked_framebuf/yosys/banked_framebuf.sv2v.v:195$2014_EN[23:0]$2520 [0] $0$memwr$\g_by[1].g_bx[0].mem$/Users/paulbarcelona/Library/CloudStorage/OneDrive-Personal/GitHub/digital_ip/image_processing/scaler_ips/banked_framebuf/yosys/banked_framebuf.sv2v.v:195$2014_EN[23:0]$2520 [0] $0$memwr$\g_by[1].g_bx[0].mem$/Users/paulbarcelona/Library/CloudStorage/OneDrive-Personal/GitHub/digital_ip/image_processing/scaler_ips/banked_framebuf/yosys/banked_framebuf.sv2v.v:195$2014_EN[23:0]$2520 [0] $0$memwr$\g_by[1].g_bx[0].mem$/Users/paulbarcelona/Library/CloudStorage/OneDrive-Personal/GitHub/digital_ip/image_processing/scaler_ips/banked_framebuf/yosys/banked_framebuf.sv2v.v:195$2014_EN[23:0]$2520 [0] $0$memwr$\g_by[1].g_bx[0].mem$/Users/paulbarcelona/Library/CloudStorage/OneDrive-Personal/GitHub/digital_ip/image_processing/scaler_ips/banked_framebuf/yosys/banked_framebuf.sv2v.v:195$2014_EN[23:0]$2520 [0] $0$memwr$\g_by[1].g_bx[0].mem$/Users/paulbarcelona/Library/CloudStorage/OneDrive-Personal/GitHub/digital_ip/image_processing/scaler_ips/banked_framebuf/yosys/banked_framebuf.sv2v.v:195$2014_EN[23:0]$2520 [0] $0$memwr$\g_by[1].g_bx[0].mem$/Users/paulbarcelona/Library/CloudStorage/OneDrive-Personal/GitHub/digital_ip/image_processing/scaler_ips/banked_framebuf/yosys/banked_framebuf.sv2v.v:195$2014_EN[23:0]$2520 [0] $0$memwr$\g_by[1].g_bx[0].mem$/Users/paulbarcelona/Library/CloudStorage/OneDrive-Personal/GitHub/digital_ip/image_processing/scaler_ips/banked_framebuf/yosys/banked_framebuf.sv2v.v:195$2014_EN[23:0]$2520 [0] $0$memwr$\g_by[1].g_bx[0].mem$/Users/paulbarcelona/Library/CloudStorage/OneDrive-Personal/GitHub/digital_ip/image_processing/scaler_ips/banked_framebuf/yosys/banked_framebuf.sv2v.v:195$2014_EN[23:0]$2520 [0] $0$memwr$\g_by[1].g_bx[0].mem$/Users/paulbarcelona/Library/CloudStorage/OneDrive-Personal/GitHub/digital_ip/image_processing/scaler_ips/banked_framebuf/yosys/banked_framebuf.sv2v.v:195$2014_EN[23:0]$2520 [0] $0$memwr$\g_by[1].g_bx[0].mem$/Users/paulbarcelona/Library/CloudStorage/OneDrive-Personal/GitHub/digital_ip/image_processing/scaler_ips/banked_framebuf/yosys/banked_framebuf.sv2v.v:195$2014_EN[23:0]$2520 [0] $0$memwr$\g_by[1].g_bx[0].mem$/Users/paulbarcelona/Library/CloudStorage/OneDrive-Personal/GitHub/digital_ip/image_processing/scaler_ips/banked_framebuf/yosys/banked_framebuf.sv2v.v:195$2014_EN[23:0]$2520 [0] $0$memwr$\g_by[1].g_bx[0].mem$/Users/paulbarcelona/Library/CloudStorage/OneDrive-Personal/GitHub/digital_ip/image_processing/scaler_ips/banked_framebuf/yosys/banked_framebuf.sv2v.v:195$2014_EN[23:0]$2520 [0] $0$memwr$\g_by[1].g_bx[0].mem$/Users/paulbarcelona/Library/CloudStorage/OneDrive-Personal/GitHub/digital_ip/image_processing/scaler_ips/banked_framebuf/yosys/banked_framebuf.sv2v.v:195$2014_EN[23:0]$2520 [0] $0$memwr$\g_by[1].g_bx[0].mem$/Users/paulbarcelona/Library/CloudStorage/OneDrive-Personal/GitHub/digital_ip/image_processing/scaler_ips/banked_framebuf/yosys/banked_framebuf.sv2v.v:195$2014_EN[23:0]$2520 [0] $0$memwr$\g_by[1].g_bx[0].mem$/Users/paulbarcelona/Library/CloudStorage/OneDrive-Personal/GitHub/digital_ip/image_processing/scaler_ips/banked_framebuf/yosys/banked_framebuf.sv2v.v:195$2014_EN[23:0]$2520 [0] }
    Consolidated identical input bits for $mux cell $procmux$2786:
      Old ports: A=24'000000000000000000000000, B=24'111111111111111111111111, Y=$0$memwr$\g_by[1].g_bx[1].mem$/Users/paulbarcelona/Library/CloudStorage/OneDrive-Personal/GitHub/digital_ip/image_processing/scaler_ips/banked_framebuf/yosys/banked_framebuf.sv2v.v:195$2015_EN[23:0]$2533
      New ports: A=1'0, B=1'1, Y=$0$memwr$\g_by[1].g_bx[1].mem$/Users/paulbarcelona/Library/CloudStorage/OneDrive-Personal/GitHub/digital_ip/image_processing/scaler_ips/banked_framebuf/yosys/banked_framebuf.sv2v.v:195$2015_EN[23:0]$2533 [0]
      New connections: $0$memwr$\g_by[1].g_bx[1].mem$/Users/paulbarcelona/Library/CloudStorage/OneDrive-Personal/GitHub/digital_ip/image_processing/scaler_ips/banked_framebuf/yosys/banked_framebuf.sv2v.v:195$2015_EN[23:0]$2533 [23:1] = { $0$memwr$\g_by[1].g_bx[1].mem$/Users/paulbarcelona/Library/CloudStorage/OneDrive-Personal/GitHub/digital_ip/image_processing/scaler_ips/banked_framebuf/yosys/banked_framebuf.sv2v.v:195$2015_EN[23:0]$2533 [0] $0$memwr$\g_by[1].g_bx[1].mem$/Users/paulbarcelona/Library/CloudStorage/OneDrive-Personal/GitHub/digital_ip/image_processing/scaler_ips/banked_framebuf/yosys/banked_framebuf.sv2v.v:195$2015_EN[23:0]$2533 [0] $0$memwr$\g_by[1].g_bx[1].mem$/Users/paulbarcelona/Library/CloudStorage/OneDrive-Personal/GitHub/digital_ip/image_processing/scaler_ips/banked_framebuf/yosys/banked_framebuf.sv2v.v:195$2015_EN[23:0]$2533 [0] $0$memwr$\g_by[1].g_bx[1].mem$/Users/paulbarcelona/Library/CloudStorage/OneDrive-Personal/GitHub/digital_ip/image_processing/scaler_ips/banked_framebuf/yosys/banked_framebuf.sv2v.v:195$2015_EN[23:0]$2533 [0] $0$memwr$\g_by[1].g_bx[1].mem$/Users/paulbarcelona/Library/CloudStorage/OneDrive-Personal/GitHub/digital_ip/image_processing/scaler_ips/banked_framebuf/yosys/banked_framebuf.sv2v.v:195$2015_EN[23:0]$2533 [0] $0$memwr$\g_by[1].g_bx[1].mem$/Users/paulbarcelona/Library/CloudStorage/OneDrive-Personal/GitHub/digital_ip/image_processing/scaler_ips/banked_framebuf/yosys/banked_framebuf.sv2v.v:195$2015_EN[23:0]$2533 [0] $0$memwr$\g_by[1].g_bx[1].mem$/Users/paulbarcelona/Library/CloudStorage/OneDrive-Personal/GitHub/digital_ip/image_processing/scaler_ips/banked_framebuf/yosys/banked_framebuf.sv2v.v:195$2015_EN[23:0]$2533 [0] $0$memwr$\g_by[1].g_bx[1].mem$/Users/paulbarcelona/Library/CloudStorage/OneDrive-Personal/GitHub/digital_ip/image_processing/scaler_ips/banked_framebuf/yosys/banked_framebuf.sv2v.v:195$2015_EN[23:0]$2533 [0] $0$memwr$\g_by[1].g_bx[1].mem$/Users/paulbarcelona/Library/CloudStorage/OneDrive-Personal/GitHub/digital_ip/image_processing/scaler_ips/banked_framebuf/yosys/banked_framebuf.sv2v.v:195$2015_EN[23:0]$2533 [0] $0$memwr$\g_by[1].g_bx[1].mem$/Users/paulbarcelona/Library/CloudStorage/OneDrive-Personal/GitHub/digital_ip/image_processing/scaler_ips/banked_framebuf/yosys/banked_framebuf.sv2v.v:195$2015_EN[23:0]$2533 [0] $0$memwr$\g_by[1].g_bx[1].mem$/Users/paulbarcelona/Library/CloudStorage/OneDrive-Personal/GitHub/digital_ip/image_processing/scaler_ips/banked_framebuf/yosys/banked_framebuf.sv2v.v:195$2015_EN[23:0]$2533 [0] $0$memwr$\g_by[1].g_bx[1].mem$/Users/paulbarcelona/Library/CloudStorage/OneDrive-Personal/GitHub/digital_ip/image_processing/scaler_ips/banked_framebuf/yosys/banked_framebuf.sv2v.v:195$2015_EN[23:0]$2533 [0] $0$memwr$\g_by[1].g_bx[1].mem$/Users/paulbarcelona/Library/CloudStorage/OneDrive-Personal/GitHub/digital_ip/image_processing/scaler_ips/banked_framebuf/yosys/banked_framebuf.sv2v.v:195$2015_EN[23:0]$2533 [0] $0$memwr$\g_by[1].g_bx[1].mem$/Users/paulbarcelona/Library/CloudStorage/OneDrive-Personal/GitHub/digital_ip/image_processing/scaler_ips/banked_framebuf/yosys/banked_framebuf.sv2v.v:195$2015_EN[23:0]$2533 [0] $0$memwr$\g_by[1].g_bx[1].mem$/Users/paulbarcelona/Library/CloudStorage/OneDrive-Personal/GitHub/digital_ip/image_processing/scaler_ips/banked_framebuf/yosys/banked_framebuf.sv2v.v:195$2015_EN[23:0]$2533 [0] $0$memwr$\g_by[1].g_bx[1].mem$/Users/paulbarcelona/Library/CloudStorage/OneDrive-Personal/GitHub/digital_ip/image_processing/scaler_ips/banked_framebuf/yosys/banked_framebuf.sv2v.v:195$2015_EN[23:0]$2533 [0] $0$memwr$\g_by[1].g_bx[1].mem$/Users/paulbarcelona/Library/CloudStorage/OneDrive-Personal/GitHub/digital_ip/image_processing/scaler_ips/banked_framebuf/yosys/banked_framebuf.sv2v.v:195$2015_EN[23:0]$2533 [0] $0$memwr$\g_by[1].g_bx[1].mem$/Users/paulbarcelona/Library/CloudStorage/OneDrive-Personal/GitHub/digital_ip/image_processing/scaler_ips/banked_framebuf/yosys/banked_framebuf.sv2v.v:195$2015_EN[23:0]$2533 [0] $0$memwr$\g_by[1].g_bx[1].mem$/Users/paulbarcelona/Library/CloudStorage/OneDrive-Personal/GitHub/digital_ip/image_processing/scaler_ips/banked_framebuf/yosys/banked_framebuf.sv2v.v:195$2015_EN[23:0]$2533 [0] $0$memwr$\g_by[1].g_bx[1].mem$/Users/paulbarcelona/Library/CloudStorage/OneDrive-Personal/GitHub/digital_ip/image_processing/scaler_ips/banked_framebuf/yosys/banked_framebuf.sv2v.v:195$2015_EN[23:0]$2533 [0] $0$memwr$\g_by[1].g_bx[1].mem$/Users/paulbarcelona/Library/CloudStorage/OneDrive-Personal/GitHub/digital_ip/image_processing/scaler_ips/banked_framebuf/yosys/banked_framebuf.sv2v.v:195$2015_EN[23:0]$2533 [0] $0$memwr$\g_by[1].g_bx[1].mem$/Users/paulbarcelona/Library/CloudStorage/OneDrive-Personal/GitHub/digital_ip/image_processing/scaler_ips/banked_framebuf/yosys/banked_framebuf.sv2v.v:195$2015_EN[23:0]$2533 [0] $0$memwr$\g_by[1].g_bx[1].mem$/Users/paulbarcelona/Library/CloudStorage/OneDrive-Personal/GitHub/digital_ip/image_processing/scaler_ips/banked_framebuf/yosys/banked_framebuf.sv2v.v:195$2015_EN[23:0]$2533 [0] }
    Consolidated identical input bits for $mux cell $procmux$2775:
      Old ports: A=24'000000000000000000000000, B=24'111111111111111111111111, Y=$0$memwr$\g_by[1].g_bx[2].mem$/Users/paulbarcelona/Library/CloudStorage/OneDrive-Personal/GitHub/digital_ip/image_processing/scaler_ips/banked_framebuf/yosys/banked_framebuf.sv2v.v:195$2016_EN[23:0]$2546
      New ports: A=1'0, B=1'1, Y=$0$memwr$\g_by[1].g_bx[2].mem$/Users/paulbarcelona/Library/CloudStorage/OneDrive-Personal/GitHub/digital_ip/image_processing/scaler_ips/banked_framebuf/yosys/banked_framebuf.sv2v.v:195$2016_EN[23:0]$2546 [0]
      New connections: $0$memwr$\g_by[1].g_bx[2].mem$/Users/paulbarcelona/Library/CloudStorage/OneDrive-Personal/GitHub/digital_ip/image_processing/scaler_ips/banked_framebuf/yosys/banked_framebuf.sv2v.v:195$2016_EN[23:0]$2546 [23:1] = { $0$memwr$\g_by[1].g_bx[2].mem$/Users/paulbarcelona/Library/CloudStorage/OneDrive-Personal/GitHub/digital_ip/image_processing/scaler_ips/banked_framebuf/yosys/banked_framebuf.sv2v.v:195$2016_EN[23:0]$2546 [0] $0$memwr$\g_by[1].g_bx[2].mem$/Users/paulbarcelona/Library/CloudStorage/OneDrive-Personal/GitHub/digital_ip/image_processing/scaler_ips/banked_framebuf/yosys/banked_framebuf.sv2v.v:195$2016_EN[23:0]$2546 [0] $0$memwr$\g_by[1].g_bx[2].mem$/Users/paulbarcelona/Library/CloudStorage/OneDrive-Personal/GitHub/digital_ip/image_processing/scaler_ips/banked_framebuf/yosys/banked_framebuf.sv2v.v:195$2016_EN[23:0]$2546 [0] $0$memwr$\g_by[1].g_bx[2].mem$/Users/paulbarcelona/Library/CloudStorage/OneDrive-Personal/GitHub/digital_ip/image_processing/scaler_ips/banked_framebuf/yosys/banked_framebuf.sv2v.v:195$2016_EN[23:0]$2546 [0] $0$memwr$\g_by[1].g_bx[2].mem$/Users/paulbarcelona/Library/CloudStorage/OneDrive-Personal/GitHub/digital_ip/image_processing/scaler_ips/banked_framebuf/yosys/banked_framebuf.sv2v.v:195$2016_EN[23:0]$2546 [0] $0$memwr$\g_by[1].g_bx[2].mem$/Users/paulbarcelona/Library/CloudStorage/OneDrive-Personal/GitHub/digital_ip/image_processing/scaler_ips/banked_framebuf/yosys/banked_framebuf.sv2v.v:195$2016_EN[23:0]$2546 [0] $0$memwr$\g_by[1].g_bx[2].mem$/Users/paulbarcelona/Library/CloudStorage/OneDrive-Personal/GitHub/digital_ip/image_processing/scaler_ips/banked_framebuf/yosys/banked_framebuf.sv2v.v:195$2016_EN[23:0]$2546 [0] $0$memwr$\g_by[1].g_bx[2].mem$/Users/paulbarcelona/Library/CloudStorage/OneDrive-Personal/GitHub/digital_ip/image_processing/scaler_ips/banked_framebuf/yosys/banked_framebuf.sv2v.v:195$2016_EN[23:0]$2546 [0] $0$memwr$\g_by[1].g_bx[2].mem$/Users/paulbarcelona/Library/CloudStorage/OneDrive-Personal/GitHub/digital_ip/image_processing/scaler_ips/banked_framebuf/yosys/banked_framebuf.sv2v.v:195$2016_EN[23:0]$2546 [0] $0$memwr$\g_by[1].g_bx[2].mem$/Users/paulbarcelona/Library/CloudStorage/OneDrive-Personal/GitHub/digital_ip/image_processing/scaler_ips/banked_framebuf/yosys/banked_framebuf.sv2v.v:195$2016_EN[23:0]$2546 [0] $0$memwr$\g_by[1].g_bx[2].mem$/Users/paulbarcelona/Library/CloudStorage/OneDrive-Personal/GitHub/digital_ip/image_processing/scaler_ips/banked_framebuf/yosys/banked_framebuf.sv2v.v:195$2016_EN[23:0]$2546 [0] $0$memwr$\g_by[1].g_bx[2].mem$/Users/paulbarcelona/Library/CloudStorage/OneDrive-Personal/GitHub/digital_ip/image_processing/scaler_ips/banked_framebuf/yosys/banked_framebuf.sv2v.v:195$2016_EN[23:0]$2546 [0] $0$memwr$\g_by[1].g_bx[2].mem$/Users/paulbarcelona/Library/CloudStorage/OneDrive-Personal/GitHub/digital_ip/image_processing/scaler_ips/banked_framebuf/yosys/banked_framebuf.sv2v.v:195$2016_EN[23:0]$2546 [0] $0$memwr$\g_by[1].g_bx[2].mem$/Users/paulbarcelona/Library/CloudStorage/OneDrive-Personal/GitHub/digital_ip/image_processing/scaler_ips/banked_framebuf/yosys/banked_framebuf.sv2v.v:195$2016_EN[23:0]$2546 [0] $0$memwr$\g_by[1].g_bx[2].mem$/Users/paulbarcelona/Library/CloudStorage/OneDrive-Personal/GitHub/digital_ip/image_processing/scaler_ips/banked_framebuf/yosys/banked_framebuf.sv2v.v:195$2016_EN[23:0]$2546 [0] $0$memwr$\g_by[1].g_bx[2].mem$/Users/paulbarcelona/Library/CloudStorage/OneDrive-Personal/GitHub/digital_ip/image_processing/scaler_ips/banked_framebuf/yosys/banked_framebuf.sv2v.v:195$2016_EN[23:0]$2546 [0] $0$memwr$\g_by[1].g_bx[2].mem$/Users/paulbarcelona/Library/CloudStorage/OneDrive-Personal/GitHub/digital_ip/image_processing/scaler_ips/banked_framebuf/yosys/banked_framebuf.sv2v.v:195$2016_EN[23:0]$2546 [0] $0$memwr$\g_by[1].g_bx[2].mem$/Users/paulbarcelona/Library/CloudStorage/OneDrive-Personal/GitHub/digital_ip/image_processing/scaler_ips/banked_framebuf/yosys/banked_framebuf.sv2v.v:195$2016_EN[23:0]$2546 [0] $0$memwr$\g_by[1].g_bx[2].mem$/Users/paulbarcelona/Library/CloudStorage/OneDrive-Personal/GitHub/digital_ip/image_processing/scaler_ips/banked_framebuf/yosys/banked_framebuf.sv2v.v:195$2016_EN[23:0]$2546 [0] $0$memwr$\g_by[1].g_bx[2].mem$/Users/paulbarcelona/Library/CloudStorage/OneDrive-Personal/GitHub/digital_ip/image_processing/scaler_ips/banked_framebuf/yosys/banked_framebuf.sv2v.v:195$2016_EN[23:0]$2546 [0] $0$memwr$\g_by[1].g_bx[2].mem$/Users/paulbarcelona/Library/CloudStorage/OneDrive-Personal/GitHub/digital_ip/image_processing/scaler_ips/banked_framebuf/yosys/banked_framebuf.sv2v.v:195$2016_EN[23:0]$2546 [0] $0$memwr$\g_by[1].g_bx[2].mem$/Users/paulbarcelona/Library/CloudStorage/OneDrive-Personal/GitHub/digital_ip/image_processing/scaler_ips/banked_framebuf/yosys/banked_framebuf.sv2v.v:195$2016_EN[23:0]$2546 [0] $0$memwr$\g_by[1].g_bx[2].mem$/Users/paulbarcelona/Library/CloudStorage/OneDrive-Personal/GitHub/digital_ip/image_processing/scaler_ips/banked_framebuf/yosys/banked_framebuf.sv2v.v:195$2016_EN[23:0]$2546 [0] }
    Consolidated identical input bits for $mux cell $procmux$2764:
      Old ports: A=24'000000000000000000000000, B=24'111111111111111111111111, Y=$0$memwr$\g_by[1].g_bx[3].mem$/Users/paulbarcelona/Library/CloudStorage/OneDrive-Personal/GitHub/digital_ip/image_processing/scaler_ips/banked_framebuf/yosys/banked_framebuf.sv2v.v:195$2017_EN[23:0]$2559
      New ports: A=1'0, B=1'1, Y=$0$memwr$\g_by[1].g_bx[3].mem$/Users/paulbarcelona/Library/CloudStorage/OneDrive-Personal/GitHub/digital_ip/image_processing/scaler_ips/banked_framebuf/yosys/banked_framebuf.sv2v.v:195$2017_EN[23:0]$2559 [0]
      New connections: $0$memwr$\g_by[1].g_bx[3].mem$/Users/paulbarcelona/Library/CloudStorage/OneDrive-Personal/GitHub/digital_ip/image_processing/scaler_ips/banked_framebuf/yosys/banked_framebuf.sv2v.v:195$2017_EN[23:0]$2559 [23:1] = { $0$memwr$\g_by[1].g_bx[3].mem$/Users/paulbarcelona/Library/CloudStorage/OneDrive-Personal/GitHub/digital_ip/image_processing/scaler_ips/banked_framebuf/yosys/banked_framebuf.sv2v.v:195$2017_EN[23:0]$2559 [0] $0$memwr$\g_by[1].g_bx[3].mem$/Users/paulbarcelona/Library/CloudStorage/OneDrive-Personal/GitHub/digital_ip/image_processing/scaler_ips/banked_framebuf/yosys/banked_framebuf.sv2v.v:195$2017_EN[23:0]$2559 [0] $0$memwr$\g_by[1].g_bx[3].mem$/Users/paulbarcelona/Library/CloudStorage/OneDrive-Personal/GitHub/digital_ip/image_processing/scaler_ips/banked_framebuf/yosys/banked_framebuf.sv2v.v:195$2017_EN[23:0]$2559 [0] $0$memwr$\g_by[1].g_bx[3].mem$/Users/paulbarcelona/Library/CloudStorage/OneDrive-Personal/GitHub/digital_ip/image_processing/scaler_ips/banked_framebuf/yosys/banked_framebuf.sv2v.v:195$2017_EN[23:0]$2559 [0] $0$memwr$\g_by[1].g_bx[3].mem$/Users/paulbarcelona/Library/CloudStorage/OneDrive-Personal/GitHub/digital_ip/image_processing/scaler_ips/banked_framebuf/yosys/banked_framebuf.sv2v.v:195$2017_EN[23:0]$2559 [0] $0$memwr$\g_by[1].g_bx[3].mem$/Users/paulbarcelona/Library/CloudStorage/OneDrive-Personal/GitHub/digital_ip/image_processing/scaler_ips/banked_framebuf/yosys/banked_framebuf.sv2v.v:195$2017_EN[23:0]$2559 [0] $0$memwr$\g_by[1].g_bx[3].mem$/Users/paulbarcelona/Library/CloudStorage/OneDrive-Personal/GitHub/digital_ip/image_processing/scaler_ips/banked_framebuf/yosys/banked_framebuf.sv2v.v:195$2017_EN[23:0]$2559 [0] $0$memwr$\g_by[1].g_bx[3].mem$/Users/paulbarcelona/Library/CloudStorage/OneDrive-Personal/GitHub/digital_ip/image_processing/scaler_ips/banked_framebuf/yosys/banked_framebuf.sv2v.v:195$2017_EN[23:0]$2559 [0] $0$memwr$\g_by[1].g_bx[3].mem$/Users/paulbarcelona/Library/CloudStorage/OneDrive-Personal/GitHub/digital_ip/image_processing/scaler_ips/banked_framebuf/yosys/banked_framebuf.sv2v.v:195$2017_EN[23:0]$2559 [0] $0$memwr$\g_by[1].g_bx[3].mem$/Users/paulbarcelona/Library/CloudStorage/OneDrive-Personal/GitHub/digital_ip/image_processing/scaler_ips/banked_framebuf/yosys/banked_framebuf.sv2v.v:195$2017_EN[23:0]$2559 [0] $0$memwr$\g_by[1].g_bx[3].mem$/Users/paulbarcelona/Library/CloudStorage/OneDrive-Personal/GitHub/digital_ip/image_processing/scaler_ips/banked_framebuf/yosys/banked_framebuf.sv2v.v:195$2017_EN[23:0]$2559 [0] $0$memwr$\g_by[1].g_bx[3].mem$/Users/paulbarcelona/Library/CloudStorage/OneDrive-Personal/GitHub/digital_ip/image_processing/scaler_ips/banked_framebuf/yosys/banked_framebuf.sv2v.v:195$2017_EN[23:0]$2559 [0] $0$memwr$\g_by[1].g_bx[3].mem$/Users/paulbarcelona/Library/CloudStorage/OneDrive-Personal/GitHub/digital_ip/image_processing/scaler_ips/banked_framebuf/yosys/banked_framebuf.sv2v.v:195$2017_EN[23:0]$2559 [0] $0$memwr$\g_by[1].g_bx[3].mem$/Users/paulbarcelona/Library/CloudStorage/OneDrive-Personal/GitHub/digital_ip/image_processing/scaler_ips/banked_framebuf/yosys/banked_framebuf.sv2v.v:195$2017_EN[23:0]$2559 [0] $0$memwr$\g_by[1].g_bx[3].mem$/Users/paulbarcelona/Library/CloudStorage/OneDrive-Personal/GitHub/digital_ip/image_processing/scaler_ips/banked_framebuf/yosys/banked_framebuf.sv2v.v:195$2017_EN[23:0]$2559 [0] $0$memwr$\g_by[1].g_bx[3].mem$/Users/paulbarcelona/Library/CloudStorage/OneDrive-Personal/GitHub/digital_ip/image_processing/scaler_ips/banked_framebuf/yosys/banked_framebuf.sv2v.v:195$2017_EN[23:0]$2559 [0] $0$memwr$\g_by[1].g_bx[3].mem$/Users/paulbarcelona/Library/CloudStorage/OneDrive-Personal/GitHub/digital_ip/image_processing/scaler_ips/banked_framebuf/yosys/banked_framebuf.sv2v.v:195$2017_EN[23:0]$2559 [0] $0$memwr$\g_by[1].g_bx[3].mem$/Users/paulbarcelona/Library/CloudStorage/OneDrive-Personal/GitHub/digital_ip/image_processing/scaler_ips/banked_framebuf/yosys/banked_framebuf.sv2v.v:195$2017_EN[23:0]$2559 [0] $0$memwr$\g_by[1].g_bx[3].mem$/Users/paulbarcelona/Library/CloudStorage/OneDrive-Personal/GitHub/digital_ip/image_processing/scaler_ips/banked_framebuf/yosys/banked_framebuf.sv2v.v:195$2017_EN[23:0]$2559 [0] $0$memwr$\g_by[1].g_bx[3].mem$/Users/paulbarcelona/Library/CloudStorage/OneDrive-Personal/GitHub/digital_ip/image_processing/scaler_ips/banked_framebuf/yosys/banked_framebuf.sv2v.v:195$2017_EN[23:0]$2559 [0] $0$memwr$\g_by[1].g_bx[3].mem$/Users/paulbarcelona/Library/CloudStorage/OneDrive-Personal/GitHub/digital_ip/image_processing/scaler_ips/banked_framebuf/yosys/banked_framebuf.sv2v.v:195$2017_EN[23:0]$2559 [0] $0$memwr$\g_by[1].g_bx[3].mem$/Users/paulbarcelona/Library/CloudStorage/OneDrive-Personal/GitHub/digital_ip/image_processing/scaler_ips/banked_framebuf/yosys/banked_framebuf.sv2v.v:195$2017_EN[23:0]$2559 [0] $0$memwr$\g_by[1].g_bx[3].mem$/Users/paulbarcelona/Library/CloudStorage/OneDrive-Personal/GitHub/digital_ip/image_processing/scaler_ips/banked_framebuf/yosys/banked_framebuf.sv2v.v:195$2017_EN[23:0]$2559 [0] }
    Consolidated identical input bits for $mux cell $procmux$2753:
      Old ports: A=24'000000000000000000000000, B=24'111111111111111111111111, Y=$0$memwr$\g_by[2].g_bx[0].mem$/Users/paulbarcelona/Library/CloudStorage/OneDrive-Personal/GitHub/digital_ip/image_processing/scaler_ips/banked_framebuf/yosys/banked_framebuf.sv2v.v:195$2018_EN[23:0]$2572
      New ports: A=1'0, B=1'1, Y=$0$memwr$\g_by[2].g_bx[0].mem$/Users/paulbarcelona/Library/CloudStorage/OneDrive-Personal/GitHub/digital_ip/image_processing/scaler_ips/banked_framebuf/yosys/banked_framebuf.sv2v.v:195$2018_EN[23:0]$2572 [0]
      New connections: $0$memwr$\g_by[2].g_bx[0].mem$/Users/paulbarcelona/Library/CloudStorage/OneDrive-Personal/GitHub/digital_ip/image_processing/scaler_ips/banked_framebuf/yosys/banked_framebuf.sv2v.v:195$2018_EN[23:0]$2572 [23:1] = { $0$memwr$\g_by[2].g_bx[0].mem$/Users/paulbarcelona/Library/CloudStorage/OneDrive-Personal/GitHub/digital_ip/image_processing/scaler_ips/banked_framebuf/yosys/banked_framebuf.sv2v.v:195$2018_EN[23:0]$2572 [0] $0$memwr$\g_by[2].g_bx[0].mem$/Users/paulbarcelona/Library/CloudStorage/OneDrive-Personal/GitHub/digital_ip/image_processing/scaler_ips/banked_framebuf/yosys/banked_framebuf.sv2v.v:195$2018_EN[23:0]$2572 [0] $0$memwr$\g_by[2].g_bx[0].mem$/Users/paulbarcelona/Library/CloudStorage/OneDrive-Personal/GitHub/digital_ip/image_processing/scaler_ips/banked_framebuf/yosys/banked_framebuf.sv2v.v:195$2018_EN[23:0]$2572 [0] $0$memwr$\g_by[2].g_bx[0].mem$/Users/paulbarcelona/Library/CloudStorage/OneDrive-Personal/GitHub/digital_ip/image_processing/scaler_ips/banked_framebuf/yosys/banked_framebuf.sv2v.v:195$2018_EN[23:0]$2572 [0] $0$memwr$\g_by[2].g_bx[0].mem$/Users/paulbarcelona/Library/CloudStorage/OneDrive-Personal/GitHub/digital_ip/image_processing/scaler_ips/banked_framebuf/yosys/banked_framebuf.sv2v.v:195$2018_EN[23:0]$2572 [0] $0$memwr$\g_by[2].g_bx[0].mem$/Users/paulbarcelona/Library/CloudStorage/OneDrive-Personal/GitHub/digital_ip/image_processing/scaler_ips/banked_framebuf/yosys/banked_framebuf.sv2v.v:195$2018_EN[23:0]$2572 [0] $0$memwr$\g_by[2].g_bx[0].mem$/Users/paulbarcelona/Library/CloudStorage/OneDrive-Personal/GitHub/digital_ip/image_processing/scaler_ips/banked_framebuf/yosys/banked_framebuf.sv2v.v:195$2018_EN[23:0]$2572 [0] $0$memwr$\g_by[2].g_bx[0].mem$/Users/paulbarcelona/Library/CloudStorage/OneDrive-Personal/GitHub/digital_ip/image_processing/scaler_ips/banked_framebuf/yosys/banked_framebuf.sv2v.v:195$2018_EN[23:0]$2572 [0] $0$memwr$\g_by[2].g_bx[0].mem$/Users/paulbarcelona/Library/CloudStorage/OneDrive-Personal/GitHub/digital_ip/image_processing/scaler_ips/banked_framebuf/yosys/banked_framebuf.sv2v.v:195$2018_EN[23:0]$2572 [0] $0$memwr$\g_by[2].g_bx[0].mem$/Users/paulbarcelona/Library/CloudStorage/OneDrive-Personal/GitHub/digital_ip/image_processing/scaler_ips/banked_framebuf/yosys/banked_framebuf.sv2v.v:195$2018_EN[23:0]$2572 [0] $0$memwr$\g_by[2].g_bx[0].mem$/Users/paulbarcelona/Library/CloudStorage/OneDrive-Personal/GitHub/digital_ip/image_processing/scaler_ips/banked_framebuf/yosys/banked_framebuf.sv2v.v:195$2018_EN[23:0]$2572 [0] $0$memwr$\g_by[2].g_bx[0].mem$/Users/paulbarcelona/Library/CloudStorage/OneDrive-Personal/GitHub/digital_ip/image_processing/scaler_ips/banked_framebuf/yosys/banked_framebuf.sv2v.v:195$2018_EN[23:0]$2572 [0] $0$memwr$\g_by[2].g_bx[0].mem$/Users/paulbarcelona/Library/CloudStorage/OneDrive-Personal/GitHub/digital_ip/image_processing/scaler_ips/banked_framebuf/yosys/banked_framebuf.sv2v.v:195$2018_EN[23:0]$2572 [0] $0$memwr$\g_by[2].g_bx[0].mem$/Users/paulbarcelona/Library/CloudStorage/OneDrive-Personal/GitHub/digital_ip/image_processing/scaler_ips/banked_framebuf/yosys/banked_framebuf.sv2v.v:195$2018_EN[23:0]$2572 [0] $0$memwr$\g_by[2].g_bx[0].mem$/Users/paulbarcelona/Library/CloudStorage/OneDrive-Personal/GitHub/digital_ip/image_processing/scaler_ips/banked_framebuf/yosys/banked_framebuf.sv2v.v:195$2018_EN[23:0]$2572 [0] $0$memwr$\g_by[2].g_bx[0].mem$/Users/paulbarcelona/Library/CloudStorage/OneDrive-Personal/GitHub/digital_ip/image_processing/scaler_ips/banked_framebuf/yosys/banked_framebuf.sv2v.v:195$2018_EN[23:0]$2572 [0] $0$memwr$\g_by[2].g_bx[0].mem$/Users/paulbarcelona/Library/CloudStorage/OneDrive-Personal/GitHub/digital_ip/image_processing/scaler_ips/banked_framebuf/yosys/banked_framebuf.sv2v.v:195$2018_EN[23:0]$2572 [0] $0$memwr$\g_by[2].g_bx[0].mem$/Users/paulbarcelona/Library/CloudStorage/OneDrive-Personal/GitHub/digital_ip/image_processing/scaler_ips/banked_framebuf/yosys/banked_framebuf.sv2v.v:195$2018_EN[23:0]$2572 [0] $0$memwr$\g_by[2].g_bx[0].mem$/Users/paulbarcelona/Library/CloudStorage/OneDrive-Personal/GitHub/digital_ip/image_processing/scaler_ips/banked_framebuf/yosys/banked_framebuf.sv2v.v:195$2018_EN[23:0]$2572 [0] $0$memwr$\g_by[2].g_bx[0].mem$/Users/paulbarcelona/Library/CloudStorage/OneDrive-Personal/GitHub/digital_ip/image_processing/scaler_ips/banked_framebuf/yosys/banked_framebuf.sv2v.v:195$2018_EN[23:0]$2572 [0] $0$memwr$\g_by[2].g_bx[0].mem$/Users/paulbarcelona/Library/CloudStorage/OneDrive-Personal/GitHub/digital_ip/image_processing/scaler_ips/banked_framebuf/yosys/banked_framebuf.sv2v.v:195$2018_EN[23:0]$2572 [0] $0$memwr$\g_by[2].g_bx[0].mem$/Users/paulbarcelona/Library/CloudStorage/OneDrive-Personal/GitHub/digital_ip/image_processing/scaler_ips/banked_framebuf/yosys/banked_framebuf.sv2v.v:195$2018_EN[23:0]$2572 [0] $0$memwr$\g_by[2].g_bx[0].mem$/Users/paulbarcelona/Library/CloudStorage/OneDrive-Personal/GitHub/digital_ip/image_processing/scaler_ips/banked_framebuf/yosys/banked_framebuf.sv2v.v:195$2018_EN[23:0]$2572 [0] }
    Consolidated identical input bits for $mux cell $procmux$2742:
      Old ports: A=24'000000000000000000000000, B=24'111111111111111111111111, Y=$0$memwr$\g_by[2].g_bx[1].mem$/Users/paulbarcelona/Library/CloudStorage/OneDrive-Personal/GitHub/digital_ip/image_processing/scaler_ips/banked_framebuf/yosys/banked_framebuf.sv2v.v:195$2019_EN[23:0]$2585
      New ports: A=1'0, B=1'1, Y=$0$memwr$\g_by[2].g_bx[1].mem$/Users/paulbarcelona/Library/CloudStorage/OneDrive-Personal/GitHub/digital_ip/image_processing/scaler_ips/banked_framebuf/yosys/banked_framebuf.sv2v.v:195$2019_EN[23:0]$2585 [0]
      New connections: $0$memwr$\g_by[2].g_bx[1].mem$/Users/paulbarcelona/Library/CloudStorage/OneDrive-Personal/GitHub/digital_ip/image_processing/scaler_ips/banked_framebuf/yosys/banked_framebuf.sv2v.v:195$2019_EN[23:0]$2585 [23:1] = { $0$memwr$\g_by[2].g_bx[1].mem$/Users/paulbarcelona/Library/CloudStorage/OneDrive-Personal/GitHub/digital_ip/image_processing/scaler_ips/banked_framebuf/yosys/banked_framebuf.sv2v.v:195$2019_EN[23:0]$2585 [0] $0$memwr$\g_by[2].g_bx[1].mem$/Users/paulbarcelona/Library/CloudStorage/OneDrive-Personal/GitHub/digital_ip/image_processing/scaler_ips/banked_framebuf/yosys/banked_framebuf.sv2v.v:195$2019_EN[23:0]$2585 [0] $0$memwr$\g_by[2].g_bx[1].mem$/Users/paulbarcelona/Library/CloudStorage/OneDrive-Personal/GitHub/digital_ip/image_processing/scaler_ips/banked_framebuf/yosys/banked_framebuf.sv2v.v:195$2019_EN[23:0]$2585 [0] $0$memwr$\g_by[2].g_bx[1].mem$/Users/paulbarcelona/Library/CloudStorage/OneDrive-Personal/GitHub/digital_ip/image_processing/scaler_ips/banked_framebuf/yosys/banked_framebuf.sv2v.v:195$2019_EN[23:0]$2585 [0] $0$memwr$\g_by[2].g_bx[1].mem$/Users/paulbarcelona/Library/CloudStorage/OneDrive-Personal/GitHub/digital_ip/image_processing/scaler_ips/banked_framebuf/yosys/banked_framebuf.sv2v.v:195$2019_EN[23:0]$2585 [0] $0$memwr$\g_by[2].g_bx[1].mem$/Users/paulbarcelona/Library/CloudStorage/OneDrive-Personal/GitHub/digital_ip/image_processing/scaler_ips/banked_framebuf/yosys/banked_framebuf.sv2v.v:195$2019_EN[23:0]$2585 [0] $0$memwr$\g_by[2].g_bx[1].mem$/Users/paulbarcelona/Library/CloudStorage/OneDrive-Personal/GitHub/digital_ip/image_processing/scaler_ips/banked_framebuf/yosys/banked_framebuf.sv2v.v:195$2019_EN[23:0]$2585 [0] $0$memwr$\g_by[2].g_bx[1].mem$/Users/paulbarcelona/Library/CloudStorage/OneDrive-Personal/GitHub/digital_ip/image_processing/scaler_ips/banked_framebuf/yosys/banked_framebuf.sv2v.v:195$2019_EN[23:0]$2585 [0] $0$memwr$\g_by[2].g_bx[1].mem$/Users/paulbarcelona/Library/CloudStorage/OneDrive-Personal/GitHub/digital_ip/image_processing/scaler_ips/banked_framebuf/yosys/banked_framebuf.sv2v.v:195$2019_EN[23:0]$2585 [0] $0$memwr$\g_by[2].g_bx[1].mem$/Users/paulbarcelona/Library/CloudStorage/OneDrive-Personal/GitHub/digital_ip/image_processing/scaler_ips/banked_framebuf/yosys/banked_framebuf.sv2v.v:195$2019_EN[23:0]$2585 [0] $0$memwr$\g_by[2].g_bx[1].mem$/Users/paulbarcelona/Library/CloudStorage/OneDrive-Personal/GitHub/digital_ip/image_processing/scaler_ips/banked_framebuf/yosys/banked_framebuf.sv2v.v:195$2019_EN[23:0]$2585 [0] $0$memwr$\g_by[2].g_bx[1].mem$/Users/paulbarcelona/Library/CloudStorage/OneDrive-Personal/GitHub/digital_ip/image_processing/scaler_ips/banked_framebuf/yosys/banked_framebuf.sv2v.v:195$2019_EN[23:0]$2585 [0] $0$memwr$\g_by[2].g_bx[1].mem$/Users/paulbarcelona/Library/CloudStorage/OneDrive-Personal/GitHub/digital_ip/image_processing/scaler_ips/banked_framebuf/yosys/banked_framebuf.sv2v.v:195$2019_EN[23:0]$2585 [0] $0$memwr$\g_by[2].g_bx[1].mem$/Users/paulbarcelona/Library/CloudStorage/OneDrive-Personal/GitHub/digital_ip/image_processing/scaler_ips/banked_framebuf/yosys/banked_framebuf.sv2v.v:195$2019_EN[23:0]$2585 [0] $0$memwr$\g_by[2].g_bx[1].mem$/Users/paulbarcelona/Library/CloudStorage/OneDrive-Personal/GitHub/digital_ip/image_processing/scaler_ips/banked_framebuf/yosys/banked_framebuf.sv2v.v:195$2019_EN[23:0]$2585 [0] $0$memwr$\g_by[2].g_bx[1].mem$/Users/paulbarcelona/Library/CloudStorage/OneDrive-Personal/GitHub/digital_ip/image_processing/scaler_ips/banked_framebuf/yosys/banked_framebuf.sv2v.v:195$2019_EN[23:0]$2585 [0] $0$memwr$\g_by[2].g_bx[1].mem$/Users/paulbarcelona/Library/CloudStorage/OneDrive-Personal/GitHub/digital_ip/image_processing/scaler_ips/banked_framebuf/yosys/banked_framebuf.sv2v.v:195$2019_EN[23:0]$2585 [0] $0$memwr$\g_by[2].g_bx[1].mem$/Users/paulbarcelona/Library/CloudStorage/OneDrive-Personal/GitHub/digital_ip/image_processing/scaler_ips/banked_framebuf/yosys/banked_framebuf.sv2v.v:195$2019_EN[23:0]$2585 [0] $0$memwr$\g_by[2].g_bx[1].mem$/Users/paulbarcelona/Library/CloudStorage/OneDrive-Personal/GitHub/digital_ip/image_processing/scaler_ips/banked_framebuf/yosys/banked_framebuf.sv2v.v:195$2019_EN[23:0]$2585 [0] $0$memwr$\g_by[2].g_bx[1].mem$/Users/paulbarcelona/Library/CloudStorage/OneDrive-Personal/GitHub/digital_ip/image_processing/scaler_ips/banked_framebuf/yosys/banked_framebuf.sv2v.v:195$2019_EN[23:0]$2585 [0] $0$memwr$\g_by[2].g_bx[1].mem$/Users/paulbarcelona/Library/CloudStorage/OneDrive-Personal/GitHub/digital_ip/image_processing/scaler_ips/banked_framebuf/yosys/banked_framebuf.sv2v.v:195$2019_EN[23:0]$2585 [0] $0$memwr$\g_by[2].g_bx[1].mem$/Users/paulbarcelona/Library/CloudStorage/OneDrive-Personal/GitHub/digital_ip/image_processing/scaler_ips/banked_framebuf/yosys/banked_framebuf.sv2v.v:195$2019_EN[23:0]$2585 [0] $0$memwr$\g_by[2].g_bx[1].mem$/Users/paulbarcelona/Library/CloudStorage/OneDrive-Personal/GitHub/digital_ip/image_processing/scaler_ips/banked_framebuf/yosys/banked_framebuf.sv2v.v:195$2019_EN[23:0]$2585 [0] }
    Consolidated identical input bits for $mux cell $procmux$2731:
      Old ports: A=24'000000000000000000000000, B=24'111111111111111111111111, Y=$0$memwr$\g_by[2].g_bx[2].mem$/Users/paulbarcelona/Library/CloudStorage/OneDrive-Personal/GitHub/digital_ip/image_processing/scaler_ips/banked_framebuf/yosys/banked_framebuf.sv2v.v:195$2020_EN[23:0]$2598
      New ports: A=1'0, B=1'1, Y=$0$memwr$\g_by[2].g_bx[2].mem$/Users/paulbarcelona/Library/CloudStorage/OneDrive-Personal/GitHub/digital_ip/image_processing/scaler_ips/banked_framebuf/yosys/banked_framebuf.sv2v.v:195$2020_EN[23:0]$2598 [0]
      New connections: $0$memwr$\g_by[2].g_bx[2].mem$/Users/paulbarcelona/Library/CloudStorage/OneDrive-Personal/GitHub/digital_ip/image_processing/scaler_ips/banked_framebuf/yosys/banked_framebuf.sv2v.v:195$2020_EN[23:0]$2598 [23:1] = { $0$memwr$\g_by[2].g_bx[2].mem$/Users/paulbarcelona/Library/CloudStorage/OneDrive-Personal/GitHub/digital_ip/image_processing/scaler_ips/banked_framebuf/yosys/banked_framebuf.sv2v.v:195$2020_EN[23:0]$2598 [0] $0$memwr$\g_by[2].g_bx[2].mem$/Users/paulbarcelona/Library/CloudStorage/OneDrive-Personal/GitHub/digital_ip/image_processing/scaler_ips/banked_framebuf/yosys/banked_framebuf.sv2v.v:195$2020_EN[23:0]$2598 [0] $0$memwr$\g_by[2].g_bx[2].mem$/Users/paulbarcelona/Library/CloudStorage/OneDrive-Personal/GitHub/digital_ip/image_processing/scaler_ips/banked_framebuf/yosys/banked_framebuf.sv2v.v:195$2020_EN[23:0]$2598 [0] $0$memwr$\g_by[2].g_bx[2].mem$/Users/paulbarcelona/Library/CloudStorage/OneDrive-Personal/GitHub/digital_ip/image_processing/scaler_ips/banked_framebuf/yosys/banked_framebuf.sv2v.v:195$2020_EN[23:0]$2598 [0] $0$memwr$\g_by[2].g_bx[2].mem$/Users/paulbarcelona/Library/CloudStorage/OneDrive-Personal/GitHub/digital_ip/image_processing/scaler_ips/banked_framebuf/yosys/banked_framebuf.sv2v.v:195$2020_EN[23:0]$2598 [0] $0$memwr$\g_by[2].g_bx[2].mem$/Users/paulbarcelona/Library/CloudStorage/OneDrive-Personal/GitHub/digital_ip/image_processing/scaler_ips/banked_framebuf/yosys/banked_framebuf.sv2v.v:195$2020_EN[23:0]$2598 [0] $0$memwr$\g_by[2].g_bx[2].mem$/Users/paulbarcelona/Library/CloudStorage/OneDrive-Personal/GitHub/digital_ip/image_processing/scaler_ips/banked_framebuf/yosys/banked_framebuf.sv2v.v:195$2020_EN[23:0]$2598 [0] $0$memwr$\g_by[2].g_bx[2].mem$/Users/paulbarcelona/Library/CloudStorage/OneDrive-Personal/GitHub/digital_ip/image_processing/scaler_ips/banked_framebuf/yosys/banked_framebuf.sv2v.v:195$2020_EN[23:0]$2598 [0] $0$memwr$\g_by[2].g_bx[2].mem$/Users/paulbarcelona/Library/CloudStorage/OneDrive-Personal/GitHub/digital_ip/image_processing/scaler_ips/banked_framebuf/yosys/banked_framebuf.sv2v.v:195$2020_EN[23:0]$2598 [0] $0$memwr$\g_by[2].g_bx[2].mem$/Users/paulbarcelona/Library/CloudStorage/OneDrive-Personal/GitHub/digital_ip/image_processing/scaler_ips/banked_framebuf/yosys/banked_framebuf.sv2v.v:195$2020_EN[23:0]$2598 [0] $0$memwr$\g_by[2].g_bx[2].mem$/Users/paulbarcelona/Library/CloudStorage/OneDrive-Personal/GitHub/digital_ip/image_processing/scaler_ips/banked_framebuf/yosys/banked_framebuf.sv2v.v:195$2020_EN[23:0]$2598 [0] $0$memwr$\g_by[2].g_bx[2].mem$/Users/paulbarcelona/Library/CloudStorage/OneDrive-Personal/GitHub/digital_ip/image_processing/scaler_ips/banked_framebuf/yosys/banked_framebuf.sv2v.v:195$2020_EN[23:0]$2598 [0] $0$memwr$\g_by[2].g_bx[2].mem$/Users/paulbarcelona/Library/CloudStorage/OneDrive-Personal/GitHub/digital_ip/image_processing/scaler_ips/banked_framebuf/yosys/banked_framebuf.sv2v.v:195$2020_EN[23:0]$2598 [0] $0$memwr$\g_by[2].g_bx[2].mem$/Users/paulbarcelona/Library/CloudStorage/OneDrive-Personal/GitHub/digital_ip/image_processing/scaler_ips/banked_framebuf/yosys/banked_framebuf.sv2v.v:195$2020_EN[23:0]$2598 [0] $0$memwr$\g_by[2].g_bx[2].mem$/Users/paulbarcelona/Library/CloudStorage/OneDrive-Personal/GitHub/digital_ip/image_processing/scaler_ips/banked_framebuf/yosys/banked_framebuf.sv2v.v:195$2020_EN[23:0]$2598 [0] $0$memwr$\g_by[2].g_bx[2].mem$/Users/paulbarcelona/Library/CloudStorage/OneDrive-Personal/GitHub/digital_ip/image_processing/scaler_ips/banked_framebuf/yosys/banked_framebuf.sv2v.v:195$2020_EN[23:0]$2598 [0] $0$memwr$\g_by[2].g_bx[2].mem$/Users/paulbarcelona/Library/CloudStorage/OneDrive-Personal/GitHub/digital_ip/image_processing/scaler_ips/banked_framebuf/yosys/banked_framebuf.sv2v.v:195$2020_EN[23:0]$2598 [0] $0$memwr$\g_by[2].g_bx[2].mem$/Users/paulbarcelona/Library/CloudStorage/OneDrive-Personal/GitHub/digital_ip/image_processing/scaler_ips/banked_framebuf/yosys/banked_framebuf.sv2v.v:195$2020_EN[23:0]$2598 [0] $0$memwr$\g_by[2].g_bx[2].mem$/Users/paulbarcelona/Library/CloudStorage/OneDrive-Personal/GitHub/digital_ip/image_processing/scaler_ips/banked_framebuf/yosys/banked_framebuf.sv2v.v:195$2020_EN[23:0]$2598 [0] $0$memwr$\g_by[2].g_bx[2].mem$/Users/paulbarcelona/Library/CloudStorage/OneDrive-Personal/GitHub/digital_ip/image_processing/scaler_ips/banked_framebuf/yosys/banked_framebuf.sv2v.v:195$2020_EN[23:0]$2598 [0] $0$memwr$\g_by[2].g_bx[2].mem$/Users/paulbarcelona/Library/CloudStorage/OneDrive-Personal/GitHub/digital_ip/image_processing/scaler_ips/banked_framebuf/yosys/banked_framebuf.sv2v.v:195$2020_EN[23:0]$2598 [0] $0$memwr$\g_by[2].g_bx[2].mem$/Users/paulbarcelona/Library/CloudStorage/OneDrive-Personal/GitHub/digital_ip/image_processing/scaler_ips/banked_framebuf/yosys/banked_framebuf.sv2v.v:195$2020_EN[23:0]$2598 [0] $0$memwr$\g_by[2].g_bx[2].mem$/Users/paulbarcelona/Library/CloudStorage/OneDrive-Personal/GitHub/digital_ip/image_processing/scaler_ips/banked_framebuf/yosys/banked_framebuf.sv2v.v:195$2020_EN[23:0]$2598 [0] }
    Consolidated identical input bits for $mux cell $procmux$2720:
      Old ports: A=24'000000000000000000000000, B=24'111111111111111111111111, Y=$0$memwr$\g_by[2].g_bx[3].mem$/Users/paulbarcelona/Library/CloudStorage/OneDrive-Personal/GitHub/digital_ip/image_processing/scaler_ips/banked_framebuf/yosys/banked_framebuf.sv2v.v:195$2021_EN[23:0]$2611
      New ports: A=1'0, B=1'1, Y=$0$memwr$\g_by[2].g_bx[3].mem$/Users/paulbarcelona/Library/CloudStorage/OneDrive-Personal/GitHub/digital_ip/image_processing/scaler_ips/banked_framebuf/yosys/banked_framebuf.sv2v.v:195$2021_EN[23:0]$2611 [0]
      New connections: $0$memwr$\g_by[2].g_bx[3].mem$/Users/paulbarcelona/Library/CloudStorage/OneDrive-Personal/GitHub/digital_ip/image_processing/scaler_ips/banked_framebuf/yosys/banked_framebuf.sv2v.v:195$2021_EN[23:0]$2611 [23:1] = { $0$memwr$\g_by[2].g_bx[3].mem$/Users/paulbarcelona/Library/CloudStorage/OneDrive-Personal/GitHub/digital_ip/image_processing/scaler_ips/banked_framebuf/yosys/banked_framebuf.sv2v.v:195$2021_EN[23:0]$2611 [0] $0$memwr$\g_by[2].g_bx[3].mem$/Users/paulbarcelona/Library/CloudStorage/OneDrive-Personal/GitHub/digital_ip/image_processing/scaler_ips/banked_framebuf/yosys/banked_framebuf.sv2v.v:195$2021_EN[23:0]$2611 [0] $0$memwr$\g_by[2].g_bx[3].mem$/Users/paulbarcelona/Library/CloudStorage/OneDrive-Personal/GitHub/digital_ip/image_processing/scaler_ips/banked_framebuf/yosys/banked_framebuf.sv2v.v:195$2021_EN[23:0]$2611 [0] $0$memwr$\g_by[2].g_bx[3].mem$/Users/paulbarcelona/Library/CloudStorage/OneDrive-Personal/GitHub/digital_ip/image_processing/scaler_ips/banked_framebuf/yosys/banked_framebuf.sv2v.v:195$2021_EN[23:0]$2611 [0] $0$memwr$\g_by[2].g_bx[3].mem$/Users/paulbarcelona/Library/CloudStorage/OneDrive-Personal/GitHub/digital_ip/image_processing/scaler_ips/banked_framebuf/yosys/banked_framebuf.sv2v.v:195$2021_EN[23:0]$2611 [0] $0$memwr$\g_by[2].g_bx[3].mem$/Users/paulbarcelona/Library/CloudStorage/OneDrive-Personal/GitHub/digital_ip/image_processing/scaler_ips/banked_framebuf/yosys/banked_framebuf.sv2v.v:195$2021_EN[23:0]$2611 [0] $0$memwr$\g_by[2].g_bx[3].mem$/Users/paulbarcelona/Library/CloudStorage/OneDrive-Personal/GitHub/digital_ip/image_processing/scaler_ips/banked_framebuf/yosys/banked_framebuf.sv2v.v:195$2021_EN[23:0]$2611 [0] $0$memwr$\g_by[2].g_bx[3].mem$/Users/paulbarcelona/Library/CloudStorage/OneDrive-Personal/GitHub/digital_ip/image_processing/scaler_ips/banked_framebuf/yosys/banked_framebuf.sv2v.v:195$2021_EN[23:0]$2611 [0] $0$memwr$\g_by[2].g_bx[3].mem$/Users/paulbarcelona/Library/CloudStorage/OneDrive-Personal/GitHub/digital_ip/image_processing/scaler_ips/banked_framebuf/yosys/banked_framebuf.sv2v.v:195$2021_EN[23:0]$2611 [0] $0$memwr$\g_by[2].g_bx[3].mem$/Users/paulbarcelona/Library/CloudStorage/OneDrive-Personal/GitHub/digital_ip/image_processing/scaler_ips/banked_framebuf/yosys/banked_framebuf.sv2v.v:195$2021_EN[23:0]$2611 [0] $0$memwr$\g_by[2].g_bx[3].mem$/Users/paulbarcelona/Library/CloudStorage/OneDrive-Personal/GitHub/digital_ip/image_processing/scaler_ips/banked_framebuf/yosys/banked_framebuf.sv2v.v:195$2021_EN[23:0]$2611 [0] $0$memwr$\g_by[2].g_bx[3].mem$/Users/paulbarcelona/Library/CloudStorage/OneDrive-Personal/GitHub/digital_ip/image_processing/scaler_ips/banked_framebuf/yosys/banked_framebuf.sv2v.v:195$2021_EN[23:0]$2611 [0] $0$memwr$\g_by[2].g_bx[3].mem$/Users/paulbarcelona/Library/CloudStorage/OneDrive-Personal/GitHub/digital_ip/image_processing/scaler_ips/banked_framebuf/yosys/banked_framebuf.sv2v.v:195$2021_EN[23:0]$2611 [0] $0$memwr$\g_by[2].g_bx[3].mem$/Users/paulbarcelona/Library/CloudStorage/OneDrive-Personal/GitHub/digital_ip/image_processing/scaler_ips/banked_framebuf/yosys/banked_framebuf.sv2v.v:195$2021_EN[23:0]$2611 [0] $0$memwr$\g_by[2].g_bx[3].mem$/Users/paulbarcelona/Library/CloudStorage/OneDrive-Personal/GitHub/digital_ip/image_processing/scaler_ips/banked_framebuf/yosys/banked_framebuf.sv2v.v:195$2021_EN[23:0]$2611 [0] $0$memwr$\g_by[2].g_bx[3].mem$/Users/paulbarcelona/Library/CloudStorage/OneDrive-Personal/GitHub/digital_ip/image_processing/scaler_ips/banked_framebuf/yosys/banked_framebuf.sv2v.v:195$2021_EN[23:0]$2611 [0] $0$memwr$\g_by[2].g_bx[3].mem$/Users/paulbarcelona/Library/CloudStorage/OneDrive-Personal/GitHub/digital_ip/image_processing/scaler_ips/banked_framebuf/yosys/banked_framebuf.sv2v.v:195$2021_EN[23:0]$2611 [0] $0$memwr$\g_by[2].g_bx[3].mem$/Users/paulbarcelona/Library/CloudStorage/OneDrive-Personal/GitHub/digital_ip/image_processing/scaler_ips/banked_framebuf/yosys/banked_framebuf.sv2v.v:195$2021_EN[23:0]$2611 [0] $0$memwr$\g_by[2].g_bx[3].mem$/Users/paulbarcelona/Library/CloudStorage/OneDrive-Personal/GitHub/digital_ip/image_processing/scaler_ips/banked_framebuf/yosys/banked_framebuf.sv2v.v:195$2021_EN[23:0]$2611 [0] $0$memwr$\g_by[2].g_bx[3].mem$/Users/paulbarcelona/Library/CloudStorage/OneDrive-Personal/GitHub/digital_ip/image_processing/scaler_ips/banked_framebuf/yosys/banked_framebuf.sv2v.v:195$2021_EN[23:0]$2611 [0] $0$memwr$\g_by[2].g_bx[3].mem$/Users/paulbarcelona/Library/CloudStorage/OneDrive-Personal/GitHub/digital_ip/image_processing/scaler_ips/banked_framebuf/yosys/banked_framebuf.sv2v.v:195$2021_EN[23:0]$2611 [0] $0$memwr$\g_by[2].g_bx[3].mem$/Users/paulbarcelona/Library/CloudStorage/OneDrive-Personal/GitHub/digital_ip/image_processing/scaler_ips/banked_framebuf/yosys/banked_framebuf.sv2v.v:195$2021_EN[23:0]$2611 [0] $0$memwr$\g_by[2].g_bx[3].mem$/Users/paulbarcelona/Library/CloudStorage/OneDrive-Personal/GitHub/digital_ip/image_processing/scaler_ips/banked_framebuf/yosys/banked_framebuf.sv2v.v:195$2021_EN[23:0]$2611 [0] }
    Consolidated identical input bits for $mux cell $procmux$2709:
      Old ports: A=24'000000000000000000000000, B=24'111111111111111111111111, Y=$0$memwr$\g_by[3].g_bx[0].mem$/Users/paulbarcelona/Library/CloudStorage/OneDrive-Personal/GitHub/digital_ip/image_processing/scaler_ips/banked_framebuf/yosys/banked_framebuf.sv2v.v:195$2022_EN[23:0]$2624
      New ports: A=1'0, B=1'1, Y=$0$memwr$\g_by[3].g_bx[0].mem$/Users/paulbarcelona/Library/CloudStorage/OneDrive-Personal/GitHub/digital_ip/image_processing/scaler_ips/banked_framebuf/yosys/banked_framebuf.sv2v.v:195$2022_EN[23:0]$2624 [0]
      New connections: $0$memwr$\g_by[3].g_bx[0].mem$/Users/paulbarcelona/Library/CloudStorage/OneDrive-Personal/GitHub/digital_ip/image_processing/scaler_ips/banked_framebuf/yosys/banked_framebuf.sv2v.v:195$2022_EN[23:0]$2624 [23:1] = { $0$memwr$\g_by[3].g_bx[0].mem$/Users/paulbarcelona/Library/CloudStorage/OneDrive-Personal/GitHub/digital_ip/image_processing/scaler_ips/banked_framebuf/yosys/banked_framebuf.sv2v.v:195$2022_EN[23:0]$2624 [0] $0$memwr$\g_by[3].g_bx[0].mem$/Users/paulbarcelona/Library/CloudStorage/OneDrive-Personal/GitHub/digital_ip/image_processing/scaler_ips/banked_framebuf/yosys/banked_framebuf.sv2v.v:195$2022_EN[23:0]$2624 [0] $0$memwr$\g_by[3].g_bx[0].mem$/Users/paulbarcelona/Library/CloudStorage/OneDrive-Personal/GitHub/digital_ip/image_processing/scaler_ips/banked_framebuf/yosys/banked_framebuf.sv2v.v:195$2022_EN[23:0]$2624 [0] $0$memwr$\g_by[3].g_bx[0].mem$/Users/paulbarcelona/Library/CloudStorage/OneDrive-Personal/GitHub/digital_ip/image_processing/scaler_ips/banked_framebuf/yosys/banked_framebuf.sv2v.v:195$2022_EN[23:0]$2624 [0] $0$memwr$\g_by[3].g_bx[0].mem$/Users/paulbarcelona/Library/CloudStorage/OneDrive-Personal/GitHub/digital_ip/image_processing/scaler_ips/banked_framebuf/yosys/banked_framebuf.sv2v.v:195$2022_EN[23:0]$2624 [0] $0$memwr$\g_by[3].g_bx[0].mem$/Users/paulbarcelona/Library/CloudStorage/OneDrive-Personal/GitHub/digital_ip/image_processing/scaler_ips/banked_framebuf/yosys/banked_framebuf.sv2v.v:195$2022_EN[23:0]$2624 [0] $0$memwr$\g_by[3].g_bx[0].mem$/Users/paulbarcelona/Library/CloudStorage/OneDrive-Personal/GitHub/digital_ip/image_processing/scaler_ips/banked_framebuf/yosys/banked_framebuf.sv2v.v:195$2022_EN[23:0]$2624 [0] $0$memwr$\g_by[3].g_bx[0].mem$/Users/paulbarcelona/Library/CloudStorage/OneDrive-Personal/GitHub/digital_ip/image_processing/scaler_ips/banked_framebuf/yosys/banked_framebuf.sv2v.v:195$2022_EN[23:0]$2624 [0] $0$memwr$\g_by[3].g_bx[0].mem$/Users/paulbarcelona/Library/CloudStorage/OneDrive-Personal/GitHub/digital_ip/image_processing/scaler_ips/banked_framebuf/yosys/banked_framebuf.sv2v.v:195$2022_EN[23:0]$2624 [0] $0$memwr$\g_by[3].g_bx[0].mem$/Users/paulbarcelona/Library/CloudStorage/OneDrive-Personal/GitHub/digital_ip/image_processing/scaler_ips/banked_framebuf/yosys/banked_framebuf.sv2v.v:195$2022_EN[23:0]$2624 [0] $0$memwr$\g_by[3].g_bx[0].mem$/Users/paulbarcelona/Library/CloudStorage/OneDrive-Personal/GitHub/digital_ip/image_processing/scaler_ips/banked_framebuf/yosys/banked_framebuf.sv2v.v:195$2022_EN[23:0]$2624 [0] $0$memwr$\g_by[3].g_bx[0].mem$/Users/paulbarcelona/Library/CloudStorage/OneDrive-Personal/GitHub/digital_ip/image_processing/scaler_ips/banked_framebuf/yosys/banked_framebuf.sv2v.v:195$2022_EN[23:0]$2624 [0] $0$memwr$\g_by[3].g_bx[0].mem$/Users/paulbarcelona/Library/CloudStorage/OneDrive-Personal/GitHub/digital_ip/image_processing/scaler_ips/banked_framebuf/yosys/banked_framebuf.sv2v.v:195$2022_EN[23:0]$2624 [0] $0$memwr$\g_by[3].g_bx[0].mem$/Users/paulbarcelona/Library/CloudStorage/OneDrive-Personal/GitHub/digital_ip/image_processing/scaler_ips/banked_framebuf/yosys/banked_framebuf.sv2v.v:195$2022_EN[23:0]$2624 [0] $0$memwr$\g_by[3].g_bx[0].mem$/Users/paulbarcelona/Library/CloudStorage/OneDrive-Personal/GitHub/digital_ip/image_processing/scaler_ips/banked_framebuf/yosys/banked_framebuf.sv2v.v:195$2022_EN[23:0]$2624 [0] $0$memwr$\g_by[3].g_bx[0].mem$/Users/paulbarcelona/Library/CloudStorage/OneDrive-Personal/GitHub/digital_ip/image_processing/scaler_ips/banked_framebuf/yosys/banked_framebuf.sv2v.v:195$2022_EN[23:0]$2624 [0] $0$memwr$\g_by[3].g_bx[0].mem$/Users/paulbarcelona/Library/CloudStorage/OneDrive-Personal/GitHub/digital_ip/image_processing/scaler_ips/banked_framebuf/yosys/banked_framebuf.sv2v.v:195$2022_EN[23:0]$2624 [0] $0$memwr$\g_by[3].g_bx[0].mem$/Users/paulbarcelona/Library/CloudStorage/OneDrive-Personal/GitHub/digital_ip/image_processing/scaler_ips/banked_framebuf/yosys/banked_framebuf.sv2v.v:195$2022_EN[23:0]$2624 [0] $0$memwr$\g_by[3].g_bx[0].mem$/Users/paulbarcelona/Library/CloudStorage/OneDrive-Personal/GitHub/digital_ip/image_processing/scaler_ips/banked_framebuf/yosys/banked_framebuf.sv2v.v:195$2022_EN[23:0]$2624 [0] $0$memwr$\g_by[3].g_bx[0].mem$/Users/paulbarcelona/Library/CloudStorage/OneDrive-Personal/GitHub/digital_ip/image_processing/scaler_ips/banked_framebuf/yosys/banked_framebuf.sv2v.v:195$2022_EN[23:0]$2624 [0] $0$memwr$\g_by[3].g_bx[0].mem$/Users/paulbarcelona/Library/CloudStorage/OneDrive-Personal/GitHub/digital_ip/image_processing/scaler_ips/banked_framebuf/yosys/banked_framebuf.sv2v.v:195$2022_EN[23:0]$2624 [0] $0$memwr$\g_by[3].g_bx[0].mem$/Users/paulbarcelona/Library/CloudStorage/OneDrive-Personal/GitHub/digital_ip/image_processing/scaler_ips/banked_framebuf/yosys/banked_framebuf.sv2v.v:195$2022_EN[23:0]$2624 [0] $0$memwr$\g_by[3].g_bx[0].mem$/Users/paulbarcelona/Library/CloudStorage/OneDrive-Personal/GitHub/digital_ip/image_processing/scaler_ips/banked_framebuf/yosys/banked_framebuf.sv2v.v:195$2022_EN[23:0]$2624 [0] }
    Consolidated identical input bits for $mux cell $procmux$2698:
      Old ports: A=24'000000000000000000000000, B=24'111111111111111111111111, Y=$0$memwr$\g_by[3].g_bx[1].mem$/Users/paulbarcelona/Library/CloudStorage/OneDrive-Personal/GitHub/digital_ip/image_processing/scaler_ips/banked_framebuf/yosys/banked_framebuf.sv2v.v:195$2023_EN[23:0]$2637
      New ports: A=1'0, B=1'1, Y=$0$memwr$\g_by[3].g_bx[1].mem$/Users/paulbarcelona/Library/CloudStorage/OneDrive-Personal/GitHub/digital_ip/image_processing/scaler_ips/banked_framebuf/yosys/banked_framebuf.sv2v.v:195$2023_EN[23:0]$2637 [0]
      New connections: $0$memwr$\g_by[3].g_bx[1].mem$/Users/paulbarcelona/Library/CloudStorage/OneDrive-Personal/GitHub/digital_ip/image_processing/scaler_ips/banked_framebuf/yosys/banked_framebuf.sv2v.v:195$2023_EN[23:0]$2637 [23:1] = { $0$memwr$\g_by[3].g_bx[1].mem$/Users/paulbarcelona/Library/CloudStorage/OneDrive-Personal/GitHub/digital_ip/image_processing/scaler_ips/banked_framebuf/yosys/banked_framebuf.sv2v.v:195$2023_EN[23:0]$2637 [0] $0$memwr$\g_by[3].g_bx[1].mem$/Users/paulbarcelona/Library/CloudStorage/OneDrive-Personal/GitHub/digital_ip/image_processing/scaler_ips/banked_framebuf/yosys/banked_framebuf.sv2v.v:195$2023_EN[23:0]$2637 [0] $0$memwr$\g_by[3].g_bx[1].mem$/Users/paulbarcelona/Library/CloudStorage/OneDrive-Personal/GitHub/digital_ip/image_processing/scaler_ips/banked_framebuf/yosys/banked_framebuf.sv2v.v:195$2023_EN[23:0]$2637 [0] $0$memwr$\g_by[3].g_bx[1].mem$/Users/paulbarcelona/Library/CloudStorage/OneDrive-Personal/GitHub/digital_ip/image_processing/scaler_ips/banked_framebuf/yosys/banked_framebuf.sv2v.v:195$2023_EN[23:0]$2637 [0] $0$memwr$\g_by[3].g_bx[1].mem$/Users/paulbarcelona/Library/CloudStorage/OneDrive-Personal/GitHub/digital_ip/image_processing/scaler_ips/banked_framebuf/yosys/banked_framebuf.sv2v.v:195$2023_EN[23:0]$2637 [0] $0$memwr$\g_by[3].g_bx[1].mem$/Users/paulbarcelona/Library/CloudStorage/OneDrive-Personal/GitHub/digital_ip/image_processing/scaler_ips/banked_framebuf/yosys/banked_framebuf.sv2v.v:195$2023_EN[23:0]$2637 [0] $0$memwr$\g_by[3].g_bx[1].mem$/Users/paulbarcelona/Library/CloudStorage/OneDrive-Personal/GitHub/digital_ip/image_processing/scaler_ips/banked_framebuf/yosys/banked_framebuf.sv2v.v:195$2023_EN[23:0]$2637 [0] $0$memwr$\g_by[3].g_bx[1].mem$/Users/paulbarcelona/Library/CloudStorage/OneDrive-Personal/GitHub/digital_ip/image_processing/scaler_ips/banked_framebuf/yosys/banked_framebuf.sv2v.v:195$2023_EN[23:0]$2637 [0] $0$memwr$\g_by[3].g_bx[1].mem$/Users/paulbarcelona/Library/CloudStorage/OneDrive-Personal/GitHub/digital_ip/image_processing/scaler_ips/banked_framebuf/yosys/banked_framebuf.sv2v.v:195$2023_EN[23:0]$2637 [0] $0$memwr$\g_by[3].g_bx[1].mem$/Users/paulbarcelona/Library/CloudStorage/OneDrive-Personal/GitHub/digital_ip/image_processing/scaler_ips/banked_framebuf/yosys/banked_framebuf.sv2v.v:195$2023_EN[23:0]$2637 [0] $0$memwr$\g_by[3].g_bx[1].mem$/Users/paulbarcelona/Library/CloudStorage/OneDrive-Personal/GitHub/digital_ip/image_processing/scaler_ips/banked_framebuf/yosys/banked_framebuf.sv2v.v:195$2023_EN[23:0]$2637 [0] $0$memwr$\g_by[3].g_bx[1].mem$/Users/paulbarcelona/Library/CloudStorage/OneDrive-Personal/GitHub/digital_ip/image_processing/scaler_ips/banked_framebuf/yosys/banked_framebuf.sv2v.v:195$2023_EN[23:0]$2637 [0] $0$memwr$\g_by[3].g_bx[1].mem$/Users/paulbarcelona/Library/CloudStorage/OneDrive-Personal/GitHub/digital_ip/image_processing/scaler_ips/banked_framebuf/yosys/banked_framebuf.sv2v.v:195$2023_EN[23:0]$2637 [0] $0$memwr$\g_by[3].g_bx[1].mem$/Users/paulbarcelona/Library/CloudStorage/OneDrive-Personal/GitHub/digital_ip/image_processing/scaler_ips/banked_framebuf/yosys/banked_framebuf.sv2v.v:195$2023_EN[23:0]$2637 [0] $0$memwr$\g_by[3].g_bx[1].mem$/Users/paulbarcelona/Library/CloudStorage/OneDrive-Personal/GitHub/digital_ip/image_processing/scaler_ips/banked_framebuf/yosys/banked_framebuf.sv2v.v:195$2023_EN[23:0]$2637 [0] $0$memwr$\g_by[3].g_bx[1].mem$/Users/paulbarcelona/Library/CloudStorage/OneDrive-Personal/GitHub/digital_ip/image_processing/scaler_ips/banked_framebuf/yosys/banked_framebuf.sv2v.v:195$2023_EN[23:0]$2637 [0] $0$memwr$\g_by[3].g_bx[1].mem$/Users/paulbarcelona/Library/CloudStorage/OneDrive-Personal/GitHub/digital_ip/image_processing/scaler_ips/banked_framebuf/yosys/banked_framebuf.sv2v.v:195$2023_EN[23:0]$2637 [0] $0$memwr$\g_by[3].g_bx[1].mem$/Users/paulbarcelona/Library/CloudStorage/OneDrive-Personal/GitHub/digital_ip/image_processing/scaler_ips/banked_framebuf/yosys/banked_framebuf.sv2v.v:195$2023_EN[23:0]$2637 [0] $0$memwr$\g_by[3].g_bx[1].mem$/Users/paulbarcelona/Library/CloudStorage/OneDrive-Personal/GitHub/digital_ip/image_processing/scaler_ips/banked_framebuf/yosys/banked_framebuf.sv2v.v:195$2023_EN[23:0]$2637 [0] $0$memwr$\g_by[3].g_bx[1].mem$/Users/paulbarcelona/Library/CloudStorage/OneDrive-Personal/GitHub/digital_ip/image_processing/scaler_ips/banked_framebuf/yosys/banked_framebuf.sv2v.v:195$2023_EN[23:0]$2637 [0] $0$memwr$\g_by[3].g_bx[1].mem$/Users/paulbarcelona/Library/CloudStorage/OneDrive-Personal/GitHub/digital_ip/image_processing/scaler_ips/banked_framebuf/yosys/banked_framebuf.sv2v.v:195$2023_EN[23:0]$2637 [0] $0$memwr$\g_by[3].g_bx[1].mem$/Users/paulbarcelona/Library/CloudStorage/OneDrive-Personal/GitHub/digital_ip/image_processing/scaler_ips/banked_framebuf/yosys/banked_framebuf.sv2v.v:195$2023_EN[23:0]$2637 [0] $0$memwr$\g_by[3].g_bx[1].mem$/Users/paulbarcelona/Library/CloudStorage/OneDrive-Personal/GitHub/digital_ip/image_processing/scaler_ips/banked_framebuf/yosys/banked_framebuf.sv2v.v:195$2023_EN[23:0]$2637 [0] }
    Consolidated identical input bits for $mux cell $procmux$2687:
      Old ports: A=24'000000000000000000000000, B=24'111111111111111111111111, Y=$0$memwr$\g_by[3].g_bx[2].mem$/Users/paulbarcelona/Library/CloudStorage/OneDrive-Personal/GitHub/digital_ip/image_processing/scaler_ips/banked_framebuf/yosys/banked_framebuf.sv2v.v:195$2024_EN[23:0]$2650
      New ports: A=1'0, B=1'1, Y=$0$memwr$\g_by[3].g_bx[2].mem$/Users/paulbarcelona/Library/CloudStorage/OneDrive-Personal/GitHub/digital_ip/image_processing/scaler_ips/banked_framebuf/yosys/banked_framebuf.sv2v.v:195$2024_EN[23:0]$2650 [0]
      New connections: $0$memwr$\g_by[3].g_bx[2].mem$/Users/paulbarcelona/Library/CloudStorage/OneDrive-Personal/GitHub/digital_ip/image_processing/scaler_ips/banked_framebuf/yosys/banked_framebuf.sv2v.v:195$2024_EN[23:0]$2650 [23:1] = { $0$memwr$\g_by[3].g_bx[2].mem$/Users/paulbarcelona/Library/CloudStorage/OneDrive-Personal/GitHub/digital_ip/image_processing/scaler_ips/banked_framebuf/yosys/banked_framebuf.sv2v.v:195$2024_EN[23:0]$2650 [0] $0$memwr$\g_by[3].g_bx[2].mem$/Users/paulbarcelona/Library/CloudStorage/OneDrive-Personal/GitHub/digital_ip/image_processing/scaler_ips/banked_framebuf/yosys/banked_framebuf.sv2v.v:195$2024_EN[23:0]$2650 [0] $0$memwr$\g_by[3].g_bx[2].mem$/Users/paulbarcelona/Library/CloudStorage/OneDrive-Personal/GitHub/digital_ip/image_processing/scaler_ips/banked_framebuf/yosys/banked_framebuf.sv2v.v:195$2024_EN[23:0]$2650 [0] $0$memwr$\g_by[3].g_bx[2].mem$/Users/paulbarcelona/Library/CloudStorage/OneDrive-Personal/GitHub/digital_ip/image_processing/scaler_ips/banked_framebuf/yosys/banked_framebuf.sv2v.v:195$2024_EN[23:0]$2650 [0] $0$memwr$\g_by[3].g_bx[2].mem$/Users/paulbarcelona/Library/CloudStorage/OneDrive-Personal/GitHub/digital_ip/image_processing/scaler_ips/banked_framebuf/yosys/banked_framebuf.sv2v.v:195$2024_EN[23:0]$2650 [0] $0$memwr$\g_by[3].g_bx[2].mem$/Users/paulbarcelona/Library/CloudStorage/OneDrive-Personal/GitHub/digital_ip/image_processing/scaler_ips/banked_framebuf/yosys/banked_framebuf.sv2v.v:195$2024_EN[23:0]$2650 [0] $0$memwr$\g_by[3].g_bx[2].mem$/Users/paulbarcelona/Library/CloudStorage/OneDrive-Personal/GitHub/digital_ip/image_processing/scaler_ips/banked_framebuf/yosys/banked_framebuf.sv2v.v:195$2024_EN[23:0]$2650 [0] $0$memwr$\g_by[3].g_bx[2].mem$/Users/paulbarcelona/Library/CloudStorage/OneDrive-Personal/GitHub/digital_ip/image_processing/scaler_ips/banked_framebuf/yosys/banked_framebuf.sv2v.v:195$2024_EN[23:0]$2650 [0] $0$memwr$\g_by[3].g_bx[2].mem$/Users/paulbarcelona/Library/CloudStorage/OneDrive-Personal/GitHub/digital_ip/image_processing/scaler_ips/banked_framebuf/yosys/banked_framebuf.sv2v.v:195$2024_EN[23:0]$2650 [0] $0$memwr$\g_by[3].g_bx[2].mem$/Users/paulbarcelona/Library/CloudStorage/OneDrive-Personal/GitHub/digital_ip/image_processing/scaler_ips/banked_framebuf/yosys/banked_framebuf.sv2v.v:195$2024_EN[23:0]$2650 [0] $0$memwr$\g_by[3].g_bx[2].mem$/Users/paulbarcelona/Library/CloudStorage/OneDrive-Personal/GitHub/digital_ip/image_processing/scaler_ips/banked_framebuf/yosys/banked_framebuf.sv2v.v:195$2024_EN[23:0]$2650 [0] $0$memwr$\g_by[3].g_bx[2].mem$/Users/paulbarcelona/Library/CloudStorage/OneDrive-Personal/GitHub/digital_ip/image_processing/scaler_ips/banked_framebuf/yosys/banked_framebuf.sv2v.v:195$2024_EN[23:0]$2650 [0] $0$memwr$\g_by[3].g_bx[2].mem$/Users/paulbarcelona/Library/CloudStorage/OneDrive-Personal/GitHub/digital_ip/image_processing/scaler_ips/banked_framebuf/yosys/banked_framebuf.sv2v.v:195$2024_EN[23:0]$2650 [0] $0$memwr$\g_by[3].g_bx[2].mem$/Users/paulbarcelona/Library/CloudStorage/OneDrive-Personal/GitHub/digital_ip/image_processing/scaler_ips/banked_framebuf/yosys/banked_framebuf.sv2v.v:195$2024_EN[23:0]$2650 [0] $0$memwr$\g_by[3].g_bx[2].mem$/Users/paulbarcelona/Library/CloudStorage/OneDrive-Personal/GitHub/digital_ip/image_processing/scaler_ips/banked_framebuf/yosys/banked_framebuf.sv2v.v:195$2024_EN[23:0]$2650 [0] $0$memwr$\g_by[3].g_bx[2].mem$/Users/paulbarcelona/Library/CloudStorage/OneDrive-Personal/GitHub/digital_ip/image_processing/scaler_ips/banked_framebuf/yosys/banked_framebuf.sv2v.v:195$2024_EN[23:0]$2650 [0] $0$memwr$\g_by[3].g_bx[2].mem$/Users/paulbarcelona/Library/CloudStorage/OneDrive-Personal/GitHub/digital_ip/image_processing/scaler_ips/banked_framebuf/yosys/banked_framebuf.sv2v.v:195$2024_EN[23:0]$2650 [0] $0$memwr$\g_by[3].g_bx[2].mem$/Users/paulbarcelona/Library/CloudStorage/OneDrive-Personal/GitHub/digital_ip/image_processing/scaler_ips/banked_framebuf/yosys/banked_framebuf.sv2v.v:195$2024_EN[23:0]$2650 [0] $0$memwr$\g_by[3].g_bx[2].mem$/Users/paulbarcelona/Library/CloudStorage/OneDrive-Personal/GitHub/digital_ip/image_processing/scaler_ips/banked_framebuf/yosys/banked_framebuf.sv2v.v:195$2024_EN[23:0]$2650 [0] $0$memwr$\g_by[3].g_bx[2].mem$/Users/paulbarcelona/Library/CloudStorage/OneDrive-Personal/GitHub/digital_ip/image_processing/scaler_ips/banked_framebuf/yosys/banked_framebuf.sv2v.v:195$2024_EN[23:0]$2650 [0] $0$memwr$\g_by[3].g_bx[2].mem$/Users/paulbarcelona/Library/CloudStorage/OneDrive-Personal/GitHub/digital_ip/image_processing/scaler_ips/banked_framebuf/yosys/banked_framebuf.sv2v.v:195$2024_EN[23:0]$2650 [0] $0$memwr$\g_by[3].g_bx[2].mem$/Users/paulbarcelona/Library/CloudStorage/OneDrive-Personal/GitHub/digital_ip/image_processing/scaler_ips/banked_framebuf/yosys/banked_framebuf.sv2v.v:195$2024_EN[23:0]$2650 [0] $0$memwr$\g_by[3].g_bx[2].mem$/Users/paulbarcelona/Library/CloudStorage/OneDrive-Personal/GitHub/digital_ip/image_processing/scaler_ips/banked_framebuf/yosys/banked_framebuf.sv2v.v:195$2024_EN[23:0]$2650 [0] }
    Consolidated identical input bits for $mux cell $procmux$2676:
      Old ports: A=24'000000000000000000000000, B=24'111111111111111111111111, Y=$0$memwr$\g_by[3].g_bx[3].mem$/Users/paulbarcelona/Library/CloudStorage/OneDrive-Personal/GitHub/digital_ip/image_processing/scaler_ips/banked_framebuf/yosys/banked_framebuf.sv2v.v:195$2025_EN[23:0]$2663
      New ports: A=1'0, B=1'1, Y=$0$memwr$\g_by[3].g_bx[3].mem$/Users/paulbarcelona/Library/CloudStorage/OneDrive-Personal/GitHub/digital_ip/image_processing/scaler_ips/banked_framebuf/yosys/banked_framebuf.sv2v.v:195$2025_EN[23:0]$2663 [0]
      New connections: $0$memwr$\g_by[3].g_bx[3].mem$/Users/paulbarcelona/Library/CloudStorage/OneDrive-Personal/GitHub/digital_ip/image_processing/scaler_ips/banked_framebuf/yosys/banked_framebuf.sv2v.v:195$2025_EN[23:0]$2663 [23:1] = { $0$memwr$\g_by[3].g_bx[3].mem$/Users/paulbarcelona/Library/CloudStorage/OneDrive-Personal/GitHub/digital_ip/image_processing/scaler_ips/banked_framebuf/yosys/banked_framebuf.sv2v.v:195$2025_EN[23:0]$2663 [0] $0$memwr$\g_by[3].g_bx[3].mem$/Users/paulbarcelona/Library/CloudStorage/OneDrive-Personal/GitHub/digital_ip/image_processing/scaler_ips/banked_framebuf/yosys/banked_framebuf.sv2v.v:195$2025_EN[23:0]$2663 [0] $0$memwr$\g_by[3].g_bx[3].mem$/Users/paulbarcelona/Library/CloudStorage/OneDrive-Personal/GitHub/digital_ip/image_processing/scaler_ips/banked_framebuf/yosys/banked_framebuf.sv2v.v:195$2025_EN[23:0]$2663 [0] $0$memwr$\g_by[3].g_bx[3].mem$/Users/paulbarcelona/Library/CloudStorage/OneDrive-Personal/GitHub/digital_ip/image_processing/scaler_ips/banked_framebuf/yosys/banked_framebuf.sv2v.v:195$2025_EN[23:0]$2663 [0] $0$memwr$\g_by[3].g_bx[3].mem$/Users/paulbarcelona/Library/CloudStorage/OneDrive-Personal/GitHub/digital_ip/image_processing/scaler_ips/banked_framebuf/yosys/banked_framebuf.sv2v.v:195$2025_EN[23:0]$2663 [0] $0$memwr$\g_by[3].g_bx[3].mem$/Users/paulbarcelona/Library/CloudStorage/OneDrive-Personal/GitHub/digital_ip/image_processing/scaler_ips/banked_framebuf/yosys/banked_framebuf.sv2v.v:195$2025_EN[23:0]$2663 [0] $0$memwr$\g_by[3].g_bx[3].mem$/Users/paulbarcelona/Library/CloudStorage/OneDrive-Personal/GitHub/digital_ip/image_processing/scaler_ips/banked_framebuf/yosys/banked_framebuf.sv2v.v:195$2025_EN[23:0]$2663 [0] $0$memwr$\g_by[3].g_bx[3].mem$/Users/paulbarcelona/Library/CloudStorage/OneDrive-Personal/GitHub/digital_ip/image_processing/scaler_ips/banked_framebuf/yosys/banked_framebuf.sv2v.v:195$2025_EN[23:0]$2663 [0] $0$memwr$\g_by[3].g_bx[3].mem$/Users/paulbarcelona/Library/CloudStorage/OneDrive-Personal/GitHub/digital_ip/image_processing/scaler_ips/banked_framebuf/yosys/banked_framebuf.sv2v.v:195$2025_EN[23:0]$2663 [0] $0$memwr$\g_by[3].g_bx[3].mem$/Users/paulbarcelona/Library/CloudStorage/OneDrive-Personal/GitHub/digital_ip/image_processing/scaler_ips/banked_framebuf/yosys/banked_framebuf.sv2v.v:195$2025_EN[23:0]$2663 [0] $0$memwr$\g_by[3].g_bx[3].mem$/Users/paulbarcelona/Library/CloudStorage/OneDrive-Personal/GitHub/digital_ip/image_processing/scaler_ips/banked_framebuf/yosys/banked_framebuf.sv2v.v:195$2025_EN[23:0]$2663 [0] $0$memwr$\g_by[3].g_bx[3].mem$/Users/paulbarcelona/Library/CloudStorage/OneDrive-Personal/GitHub/digital_ip/image_processing/scaler_ips/banked_framebuf/yosys/banked_framebuf.sv2v.v:195$2025_EN[23:0]$2663 [0] $0$memwr$\g_by[3].g_bx[3].mem$/Users/paulbarcelona/Library/CloudStorage/OneDrive-Personal/GitHub/digital_ip/image_processing/scaler_ips/banked_framebuf/yosys/banked_framebuf.sv2v.v:195$2025_EN[23:0]$2663 [0] $0$memwr$\g_by[3].g_bx[3].mem$/Users/paulbarcelona/Library/CloudStorage/OneDrive-Personal/GitHub/digital_ip/image_processing/scaler_ips/banked_framebuf/yosys/banked_framebuf.sv2v.v:195$2025_EN[23:0]$2663 [0] $0$memwr$\g_by[3].g_bx[3].mem$/Users/paulbarcelona/Library/CloudStorage/OneDrive-Personal/GitHub/digital_ip/image_processing/scaler_ips/banked_framebuf/yosys/banked_framebuf.sv2v.v:195$2025_EN[23:0]$2663 [0] $0$memwr$\g_by[3].g_bx[3].mem$/Users/paulbarcelona/Library/CloudStorage/OneDrive-Personal/GitHub/digital_ip/image_processing/scaler_ips/banked_framebuf/yosys/banked_framebuf.sv2v.v:195$2025_EN[23:0]$2663 [0] $0$memwr$\g_by[3].g_bx[3].mem$/Users/paulbarcelona/Library/CloudStorage/OneDrive-Personal/GitHub/digital_ip/image_processing/scaler_ips/banked_framebuf/yosys/banked_framebuf.sv2v.v:195$2025_EN[23:0]$2663 [0] $0$memwr$\g_by[3].g_bx[3].mem$/Users/paulbarcelona/Library/CloudStorage/OneDrive-Personal/GitHub/digital_ip/image_processing/scaler_ips/banked_framebuf/yosys/banked_framebuf.sv2v.v:195$2025_EN[23:0]$2663 [0] $0$memwr$\g_by[3].g_bx[3].mem$/Users/paulbarcelona/Library/CloudStorage/OneDrive-Personal/GitHub/digital_ip/image_processing/scaler_ips/banked_framebuf/yosys/banked_framebuf.sv2v.v:195$2025_EN[23:0]$2663 [0] $0$memwr$\g_by[3].g_bx[3].mem$/Users/paulbarcelona/Library/CloudStorage/OneDrive-Personal/GitHub/digital_ip/image_processing/scaler_ips/banked_framebuf/yosys/banked_framebuf.sv2v.v:195$2025_EN[23:0]$2663 [0] $0$memwr$\g_by[3].g_bx[3].mem$/Users/paulbarcelona/Library/CloudStorage/OneDrive-Personal/GitHub/digital_ip/image_processing/scaler_ips/banked_framebuf/yosys/banked_framebuf.sv2v.v:195$2025_EN[23:0]$2663 [0] $0$memwr$\g_by[3].g_bx[3].mem$/Users/paulbarcelona/Library/CloudStorage/OneDrive-Personal/GitHub/digital_ip/image_processing/scaler_ips/banked_framebuf/yosys/banked_framebuf.sv2v.v:195$2025_EN[23:0]$2663 [0] $0$memwr$\g_by[3].g_bx[3].mem$/Users/paulbarcelona/Library/CloudStorage/OneDrive-Personal/GitHub/digital_ip/image_processing/scaler_ips/banked_framebuf/yosys/banked_framebuf.sv2v.v:195$2025_EN[23:0]$2663 [0] }
  Optimizing cells in module \banked_framebuf.
Performed a total of 16 changes.

9.1.7.5. Executing OPT_MERGE pass (detect identical cells).
Finding identical cells in module `\banked_framebuf'.
Computing hashes of 585 cells of `\banked_framebuf'.
Finding duplicate cells in `\banked_framebuf'.
Computing hashes of 581 cells of `\banked_framebuf'.
Finding duplicate cells in `\banked_framebuf'.
Computing hashes of 577 cells of `\banked_framebuf'.
Finding duplicate cells in `\banked_framebuf'.
<suppressed ~24 debug messages>
Removed a total of 8 cells.

9.1.7.6. Executing OPT_DFF pass (perform DFF optimizations).

9.1.7.7. Executing OPT_CLEAN pass (remove unused cells and wires).
Finding unused cells or wires in module \banked_framebuf..
Removed 0 unused cells and 86 unused wires.
<suppressed ~1 debug messages>

9.1.7.8. Executing OPT_EXPR pass (perform const folding).
Optimizing module banked_framebuf.

9.1.7.9. Rerunning OPT passes. (Maybe there is more to do..)

9.1.7.10. Executing OPT_MUXTREE pass (detect dead branches in mux trees).
Running muxtree optimizer on module \banked_framebuf..
  Creating internal representation of mux trees.
  Evaluating internal representation of mux trees.
  Analyzing evaluation results.
Removed 0 multiplexer ports.
<suppressed ~240 debug messages>

9.1.7.11. Executing OPT_REDUCE pass (consolidate $*mux and $reduce_* inputs).
  Optimizing cells in module \banked_framebuf.
Performed a total of 0 changes.

9.1.7.12. Executing OPT_MERGE pass (detect identical cells).
Finding identical cells in module `\banked_framebuf'.
Computing hashes of 577 cells of `\banked_framebuf'.
Finding duplicate cells in `\banked_framebuf'.
Removed a total of 0 cells.

9.1.7.13. Executing OPT_DFF pass (perform DFF optimizations).

9.1.7.14. Executing OPT_CLEAN pass (remove unused cells and wires).
Finding unused cells or wires in module \banked_framebuf..

9.1.7.15. Executing OPT_EXPR pass (perform const folding).
Optimizing module banked_framebuf.

9.1.7.16. Finished fast OPT passes. (There is nothing left to do.)

9.1.8. Executing FSM pass (extract and optimize FSM).

9.1.8.1. Executing FSM_DETECT pass (finding FSMs in design).

9.1.8.2. Executing FSM_EXTRACT pass (extracting FSM from design).

9.1.8.3. Executing FSM_OPT pass (simple optimizations of FSMs).

9.1.8.4. Executing OPT_CLEAN pass (remove unused cells and wires).
Finding unused cells or wires in module \banked_framebuf..

9.1.8.5. Executing FSM_OPT pass (simple optimizations of FSMs).

9.1.8.6. Executing FSM_RECODE pass (re-assigning FSM state encoding).

9.1.8.7. Executing FSM_INFO pass (dumping all available information on FSM cells).

9.1.8.8. Executing FSM_MAP pass (mapping FSMs to basic logic).

9.1.9. Executing OPT pass (performing simple optimizations).

9.1.9.1. Executing OPT_EXPR pass (perform const folding).
Optimizing module banked_framebuf.

9.1.9.2. Executing OPT_MERGE pass (detect identical cells).
Finding identical cells in module `\banked_framebuf'.
Computing hashes of 577 cells of `\banked_framebuf'.
Finding duplicate cells in `\banked_framebuf'.
Removed a total of 0 cells.

9.1.9.3. Executing OPT_MUXTREE pass (detect dead branches in mux trees).
Running muxtree optimizer on module \banked_framebuf..
  Creating internal representation of mux trees.
  Evaluating internal representation of mux trees.
  Analyzing evaluation results.
Removed 0 multiplexer ports.
<suppressed ~240 debug messages>

9.1.9.4. Executing OPT_REDUCE pass (consolidate $*mux and $reduce_* inputs).
  Optimizing cells in module \banked_framebuf.
Performed a total of 0 changes.

9.1.9.5. Executing OPT_MERGE pass (detect identical cells).
Finding identical cells in module `\banked_framebuf'.
Computing hashes of 577 cells of `\banked_framebuf'.
Finding duplicate cells in `\banked_framebuf'.
Removed a total of 0 cells.

9.1.9.6. Executing OPT_DFF pass (perform DFF optimizations).
Adding EN signal on $procdff$3518 ($dff) from module banked_framebuf (D = \tsy_q[3], Q = \tsy_qq[3]).
Adding EN signal on $procdff$3517 ($dff) from module banked_framebuf (D = \tsy_q[2], Q = \tsy_qq[2]).
Adding EN signal on $procdff$3516 ($dff) from module banked_framebuf (D = \tsy_q[1], Q = \tsy_qq[1]).
Adding EN signal on $procdff$3515 ($dff) from module banked_framebuf (D = \tsy_q[0], Q = \tsy_qq[0]).
Adding EN signal on $procdff$3514 ($dff) from module banked_framebuf (D = \tsx_q[3], Q = \tsx_qq[3]).
Adding EN signal on $procdff$3513 ($dff) from module banked_framebuf (D = \tsx_q[2], Q = \tsx_qq[2]).
Adding EN signal on $procdff$3512 ($dff) from module banked_framebuf (D = \tsx_q[1], Q = \tsx_qq[1]).
Adding EN signal on $procdff$3511 ($dff) from module banked_framebuf (D = \tsx_q[0], Q = \tsx_qq[0]).
Adding EN signal on $procdff$3510 ($dff) from module banked_framebuf (D = \hi_y [1:0], Q = \tsy_q[3]).
Adding EN signal on $procdff$3509 ($dff) from module banked_framebuf (D = \tsy[2], Q = \tsy_q[2]).
Adding SRST signal on $auto$ff.cc:337:slice$3625 ($dffe) from module banked_framebuf (D = $2\clampc$func$/Users/paulbarcelona/Library/CloudStorage/OneDrive-Personal/GitHub/digital_ip/image_processing/scaler_ips/banked_framebuf/yosys/banked_framebuf.sv2v.v:145$1934.$result[15:0]$2256 [1:0], Q = \tsy_q[2], rval = 2'00).
Adding EN signal on $procdff$3508 ($dff) from module banked_framebuf (D = \tsy[1], Q = \tsy_q[1]).
Adding SRST signal on $auto$ff.cc:337:slice$3627 ($dffe) from module banked_framebuf (D = $2\clampc$func$/Users/paulbarcelona/Library/CloudStorage/OneDrive-Personal/GitHub/digital_ip/image_processing/scaler_ips/banked_framebuf/yosys/banked_framebuf.sv2v.v:145$1928.$result[15:0]$2240 [1:0], Q = \tsy_q[1], rval = 2'00).
Adding EN signal on $procdff$3507 ($dff) from module banked_framebuf (D = \lo_y [1:0], Q = \tsy_q[0]).
Adding EN signal on $procdff$3506 ($dff) from module banked_framebuf (D = \hi_x [1:0], Q = \tsx_q[3]).
Adding EN signal on $procdff$3505 ($dff) from module banked_framebuf (D = \tsx[2], Q = \tsx_q[2]).
Adding SRST signal on $auto$ff.cc:337:slice$3631 ($dffe) from module banked_framebuf (D = $2\clampc$func$/Users/paulbarcelona/Library/CloudStorage/OneDrive-Personal/GitHub/digital_ip/image_processing/scaler_ips/banked_framebuf/yosys/banked_framebuf.sv2v.v:144$1931.$result[15:0]$2248 [1:0], Q = \tsx_q[2], rval = 2'00).
Adding EN signal on $procdff$3504 ($dff) from module banked_framebuf (D = \tsx[1], Q = \tsx_q[1]).
Adding SRST signal on $auto$ff.cc:337:slice$3633 ($dffe) from module banked_framebuf (D = $2\clampc$func$/Users/paulbarcelona/Library/CloudStorage/OneDrive-Personal/GitHub/digital_ip/image_processing/scaler_ips/banked_framebuf/yosys/banked_framebuf.sv2v.v:144$1925.$result[15:0]$2232 [1:0], Q = \tsx_q[1], rval = 2'00).
Adding EN signal on $procdff$3503 ($dff) from module banked_framebuf (D = \lo_x [1:0], Q = \tsx_q[0]).
Adding EN signal on $procdff$3502 ($dff) from module banked_framebuf (D = { $add$/Users/paulbarcelona/Library/CloudStorage/OneDrive-Personal/GitHub/digital_ip/image_processing/scaler_ips/banked_framebuf/yosys/banked_framebuf.sv2v.v:166$2379_Y [14:5] 5'00000 }, Q = \rowpart_q[3]).
Adding EN signal on $procdff$3501 ($dff) from module banked_framebuf (D = { $add$/Users/paulbarcelona/Library/CloudStorage/OneDrive-Personal/GitHub/digital_ip/image_processing/scaler_ips/banked_framebuf/yosys/banked_framebuf.sv2v.v:166$2373_Y [14:5] 5'00000 }, Q = \rowpart_q[2]).
Adding EN signal on $procdff$3500 ($dff) from module banked_framebuf (D = { $add$/Users/paulbarcelona/Library/CloudStorage/OneDrive-Personal/GitHub/digital_ip/image_processing/scaler_ips/banked_framebuf/yosys/banked_framebuf.sv2v.v:166$2367_Y [14:5] 5'00000 }, Q = \rowpart_q[1]).
Adding EN signal on $procdff$3499 ($dff) from module banked_framebuf (D = { $add$/Users/paulbarcelona/Library/CloudStorage/OneDrive-Personal/GitHub/digital_ip/image_processing/scaler_ips/banked_framebuf/yosys/banked_framebuf.sv2v.v:166$2361_Y [14:5] 5'00000 }, Q = \rowpart_q[0]).
Adding EN signal on $procdff$3498 ($dff) from module banked_framebuf (D = { 1'0 \bcx[3] [15:2] }, Q = \colpart_q[3]).
Adding EN signal on $procdff$3497 ($dff) from module banked_framebuf (D = { 1'0 \bcx[2] [15:2] }, Q = \colpart_q[2]).
Adding EN signal on $procdff$3496 ($dff) from module banked_framebuf (D = { 1'0 \bcx[1] [15:2] }, Q = \colpart_q[1]).
Adding EN signal on $procdff$3495 ($dff) from module banked_framebuf (D = { 1'0 \bcx[0] [15:2] }, Q = \colpart_q[0]).
Adding EN signal on $procdff$3465 ($dff) from module banked_framebuf (D = $memrd$\g_by[1].g_bx[2].mem$/Users/paulbarcelona/Library/CloudStorage/OneDrive-Personal/GitHub/digital_ip/image_processing/scaler_ips/banked_framebuf/yosys/banked_framebuf.sv2v.v:197$2554_DATA, Q = \bank_q[6]).
Adding EN signal on $procdff$3469 ($dff) from module banked_framebuf (D = $memrd$\g_by[1].g_bx[1].mem$/Users/paulbarcelona/Library/CloudStorage/OneDrive-Personal/GitHub/digital_ip/image_processing/scaler_ips/banked_framebuf/yosys/banked_framebuf.sv2v.v:197$2541_DATA, Q = \bank_q[5]).
Adding EN signal on $procdff$3433 ($dff) from module banked_framebuf (D = $memrd$\g_by[3].g_bx[2].mem$/Users/paulbarcelona/Library/CloudStorage/OneDrive-Personal/GitHub/digital_ip/image_processing/scaler_ips/banked_framebuf/yosys/banked_framebuf.sv2v.v:197$2658_DATA, Q = \bank_q[14]).
Adding EN signal on $procdff$3477 ($dff) from module banked_framebuf (D = $memrd$\g_by[0].g_bx[3].mem$/Users/paulbarcelona/Library/CloudStorage/OneDrive-Personal/GitHub/digital_ip/image_processing/scaler_ips/banked_framebuf/yosys/banked_framebuf.sv2v.v:197$2515_DATA, Q = \bank_q[3]).
Adding EN signal on $procdff$3445 ($dff) from module banked_framebuf (D = $memrd$\g_by[2].g_bx[3].mem$/Users/paulbarcelona/Library/CloudStorage/OneDrive-Personal/GitHub/digital_ip/image_processing/scaler_ips/banked_framebuf/yosys/banked_framebuf.sv2v.v:197$2619_DATA, Q = \bank_q[11]).
Adding EN signal on $procdff$3489 ($dff) from module banked_framebuf (D = $memrd$\g_by[0].g_bx[0].mem$/Users/paulbarcelona/Library/CloudStorage/OneDrive-Personal/GitHub/digital_ip/image_processing/scaler_ips/banked_framebuf/yosys/banked_framebuf.sv2v.v:197$2476_DATA, Q = \bank_q[0]).
Adding EN signal on $procdff$3457 ($dff) from module banked_framebuf (D = $memrd$\g_by[2].g_bx[0].mem$/Users/paulbarcelona/Library/CloudStorage/OneDrive-Personal/GitHub/digital_ip/image_processing/scaler_ips/banked_framebuf/yosys/banked_framebuf.sv2v.v:197$2580_DATA, Q = \bank_q[8]).
Adding EN signal on $procdff$3437 ($dff) from module banked_framebuf (D = $memrd$\g_by[3].g_bx[1].mem$/Users/paulbarcelona/Library/CloudStorage/OneDrive-Personal/GitHub/digital_ip/image_processing/scaler_ips/banked_framebuf/yosys/banked_framebuf.sv2v.v:197$2645_DATA, Q = \bank_q[13]).
Adding EN signal on $procdff$3461 ($dff) from module banked_framebuf (D = $memrd$\g_by[1].g_bx[3].mem$/Users/paulbarcelona/Library/CloudStorage/OneDrive-Personal/GitHub/digital_ip/image_processing/scaler_ips/banked_framebuf/yosys/banked_framebuf.sv2v.v:197$2567_DATA, Q = \bank_q[7]).
Adding EN signal on $procdff$3485 ($dff) from module banked_framebuf (D = $memrd$\g_by[0].g_bx[1].mem$/Users/paulbarcelona/Library/CloudStorage/OneDrive-Personal/GitHub/digital_ip/image_processing/scaler_ips/banked_framebuf/yosys/banked_framebuf.sv2v.v:197$2489_DATA, Q = \bank_q[1]).
Adding EN signal on $procdff$3473 ($dff) from module banked_framebuf (D = $memrd$\g_by[1].g_bx[0].mem$/Users/paulbarcelona/Library/CloudStorage/OneDrive-Personal/GitHub/digital_ip/image_processing/scaler_ips/banked_framebuf/yosys/banked_framebuf.sv2v.v:197$2528_DATA, Q = \bank_q[4]).
Adding EN signal on $procdff$3453 ($dff) from module banked_framebuf (D = $memrd$\g_by[2].g_bx[1].mem$/Users/paulbarcelona/Library/CloudStorage/OneDrive-Personal/GitHub/digital_ip/image_processing/scaler_ips/banked_framebuf/yosys/banked_framebuf.sv2v.v:197$2593_DATA, Q = \bank_q[9]).
Adding EN signal on $procdff$3441 ($dff) from module banked_framebuf (D = $memrd$\g_by[3].g_bx[0].mem$/Users/paulbarcelona/Library/CloudStorage/OneDrive-Personal/GitHub/digital_ip/image_processing/scaler_ips/banked_framebuf/yosys/banked_framebuf.sv2v.v:197$2632_DATA, Q = \bank_q[12]).
Adding EN signal on $procdff$3481 ($dff) from module banked_framebuf (D = $memrd$\g_by[0].g_bx[2].mem$/Users/paulbarcelona/Library/CloudStorage/OneDrive-Personal/GitHub/digital_ip/image_processing/scaler_ips/banked_framebuf/yosys/banked_framebuf.sv2v.v:197$2502_DATA, Q = \bank_q[2]).
Adding EN signal on $procdff$3429 ($dff) from module banked_framebuf (D = $memrd$\g_by[3].g_bx[3].mem$/Users/paulbarcelona/Library/CloudStorage/OneDrive-Personal/GitHub/digital_ip/image_processing/scaler_ips/banked_framebuf/yosys/banked_framebuf.sv2v.v:197$2671_DATA, Q = \bank_q[15]).
Adding EN signal on $procdff$3449 ($dff) from module banked_framebuf (D = $memrd$\g_by[2].g_bx[2].mem$/Users/paulbarcelona/Library/CloudStorage/OneDrive-Personal/GitHub/digital_ip/image_processing/scaler_ips/banked_framebuf/yosys/banked_framebuf.sv2v.v:197$2606_DATA, Q = \bank_q[10]).
Setting constant 0-bit at position 14 on $auto$ff.cc:337:slice$3643 ($dffe) from module banked_framebuf.
Setting constant 0-bit at position 14 on $auto$ff.cc:337:slice$3642 ($dffe) from module banked_framebuf.
Setting constant 0-bit at position 14 on $auto$ff.cc:337:slice$3641 ($dffe) from module banked_framebuf.
Setting constant 0-bit at position 14 on $auto$ff.cc:337:slice$3640 ($dffe) from module banked_framebuf.
Setting constant 0-bit at position 0 on $auto$ff.cc:337:slice$3639 ($dffe) from module banked_framebuf.
Setting constant 0-bit at position 1 on $auto$ff.cc:337:slice$3639 ($dffe) from module banked_framebuf.
Setting constant 0-bit at position 2 on $auto$ff.cc:337:slice$3639 ($dffe) from module banked_framebuf.
Setting constant 0-bit at position 3 on $auto$ff.cc:337:slice$3639 ($dffe) from module banked_framebuf.
Setting constant 0-bit at position 4 on $auto$ff.cc:337:slice$3639 ($dffe) from module banked_framebuf.
Setting constant 0-bit at position 0 on $auto$ff.cc:337:slice$3638 ($dffe) from module banked_framebuf.
Setting constant 0-bit at position 1 on $auto$ff.cc:337:slice$3638 ($dffe) from module banked_framebuf.
Setting constant 0-bit at position 2 on $auto$ff.cc:337:slice$3638 ($dffe) from module banked_framebuf.
Setting constant 0-bit at position 3 on $auto$ff.cc:337:slice$3638 ($dffe) from module banked_framebuf.
Setting constant 0-bit at position 4 on $auto$ff.cc:337:slice$3638 ($dffe) from module banked_framebuf.
Setting constant 0-bit at position 0 on $auto$ff.cc:337:slice$3637 ($dffe) from module banked_framebuf.
Setting constant 0-bit at position 1 on $auto$ff.cc:337:slice$3637 ($dffe) from module banked_framebuf.
Setting constant 0-bit at position 2 on $auto$ff.cc:337:slice$3637 ($dffe) from module banked_framebuf.
Setting constant 0-bit at position 3 on $auto$ff.cc:337:slice$3637 ($dffe) from module banked_framebuf.
Setting constant 0-bit at position 4 on $auto$ff.cc:337:slice$3637 ($dffe) from module banked_framebuf.
Setting constant 0-bit at position 0 on $auto$ff.cc:337:slice$3636 ($dffe) from module banked_framebuf.
Setting constant 0-bit at position 1 on $auto$ff.cc:337:slice$3636 ($dffe) from module banked_framebuf.
Setting constant 0-bit at position 2 on $auto$ff.cc:337:slice$3636 ($dffe) from module banked_framebuf.
Setting constant 0-bit at position 3 on $auto$ff.cc:337:slice$3636 ($dffe) from module banked_framebuf.
Setting constant 0-bit at position 4 on $auto$ff.cc:337:slice$3636 ($dffe) from module banked_framebuf.

9.1.9.7. Executing OPT_CLEAN pass (remove unused cells and wires).
Finding unused cells or wires in module \banked_framebuf..
Removed 44 unused cells and 48 unused wires.
<suppressed ~49 debug messages>

9.1.9.8. Executing OPT_EXPR pass (perform const folding).
Optimizing module banked_framebuf.

9.1.9.9. Rerunning OPT passes. (Maybe there is more to do..)

9.1.9.10. Executing OPT_MUXTREE pass (detect dead branches in mux trees).
Running muxtree optimizer on module \banked_framebuf..
  Creating internal representation of mux trees.
  Evaluating internal representation of mux trees.
  Analyzing evaluation results.
Removed 0 multiplexer ports.
<suppressed ~164 debug messages>

9.1.9.11. Executing OPT_REDUCE pass (consolidate $*mux and $reduce_* inputs).
  Optimizing cells in module \banked_framebuf.
Performed a total of 0 changes.

9.1.9.12. Executing OPT_MERGE pass (detect identical cells).
Finding identical cells in module `\banked_framebuf'.
Computing hashes of 533 cells of `\banked_framebuf'.
Finding duplicate cells in `\banked_framebuf'.
Removed a total of 0 cells.

9.1.9.13. Executing OPT_DFF pass (perform DFF optimizations).

9.1.9.14. Executing OPT_CLEAN pass (remove unused cells and wires).
Finding unused cells or wires in module \banked_framebuf..

9.1.9.15. Executing OPT_EXPR pass (perform const folding).
Optimizing module banked_framebuf.

9.1.9.16. Finished fast OPT passes. (There is nothing left to do.)

9.1.10. Executing WREDUCE pass (reducing word size of cells).
Removed top 18 bits (of 32) from port A of cell banked_framebuf.$mul$/Users/paulbarcelona/Library/CloudStorage/OneDrive-Personal/GitHub/digital_ip/image_processing/scaler_ips/banked_framebuf/yosys/banked_framebuf.sv2v.v:103$2044 ($mul).
Removed top 24 bits (of 27) from port B of cell banked_framebuf.$mul$/Users/paulbarcelona/Library/CloudStorage/OneDrive-Personal/GitHub/digital_ip/image_processing/scaler_ips/banked_framebuf/yosys/banked_framebuf.sv2v.v:103$2044 ($mul).
Removed top 10 bits (of 27) from port Y of cell banked_framebuf.$mul$/Users/paulbarcelona/Library/CloudStorage/OneDrive-Personal/GitHub/digital_ip/image_processing/scaler_ips/banked_framebuf/yosys/banked_framebuf.sv2v.v:103$2044 ($mul).
Removed top 10 bits (of 32) from port A of cell banked_framebuf.$add$/Users/paulbarcelona/Library/CloudStorage/OneDrive-Personal/GitHub/digital_ip/image_processing/scaler_ips/banked_framebuf/yosys/banked_framebuf.sv2v.v:103$2047 ($add).
Removed top 18 bits (of 32) from port B of cell banked_framebuf.$add$/Users/paulbarcelona/Library/CloudStorage/OneDrive-Personal/GitHub/digital_ip/image_processing/scaler_ips/banked_framebuf/yosys/banked_framebuf.sv2v.v:103$2047 ($add).
Removed top 17 bits (of 32) from port Y of cell banked_framebuf.$add$/Users/paulbarcelona/Library/CloudStorage/OneDrive-Personal/GitHub/digital_ip/image_processing/scaler_ips/banked_framebuf/yosys/banked_framebuf.sv2v.v:103$2047 ($add).
Removed top 7 bits (of 22) from port A of cell banked_framebuf.$add$/Users/paulbarcelona/Library/CloudStorage/OneDrive-Personal/GitHub/digital_ip/image_processing/scaler_ips/banked_framebuf/yosys/banked_framebuf.sv2v.v:103$2047 ($add).
Removed top 31 bits (of 32) from port A of cell banked_framebuf.$sub$/Users/paulbarcelona/Library/CloudStorage/OneDrive-Personal/GitHub/digital_ip/image_processing/scaler_ips/banked_framebuf/yosys/banked_framebuf.sv2v.v:134$2164 ($sub).
Removed top 29 bits (of 32) from port B of cell banked_framebuf.$sub$/Users/paulbarcelona/Library/CloudStorage/OneDrive-Personal/GitHub/digital_ip/image_processing/scaler_ips/banked_framebuf/yosys/banked_framebuf.sv2v.v:134$2164 ($sub).
Converting cell banked_framebuf.$sub$/Users/paulbarcelona/Library/CloudStorage/OneDrive-Personal/GitHub/digital_ip/image_processing/scaler_ips/banked_framebuf/yosys/banked_framebuf.sv2v.v:134$2164 ($sub) from signed to unsigned.
Removed top 30 bits (of 32) from port Y of cell banked_framebuf.$sub$/Users/paulbarcelona/Library/CloudStorage/OneDrive-Personal/GitHub/digital_ip/image_processing/scaler_ips/banked_framebuf/yosys/banked_framebuf.sv2v.v:134$2164 ($sub).
Removed top 1 bits (of 3) from port B of cell banked_framebuf.$sub$/Users/paulbarcelona/Library/CloudStorage/OneDrive-Personal/GitHub/digital_ip/image_processing/scaler_ips/banked_framebuf/yosys/banked_framebuf.sv2v.v:134$2164 ($sub).
Removed top 14 bits (of 16) from port B of cell banked_framebuf.$add$/Users/paulbarcelona/Library/CloudStorage/OneDrive-Personal/GitHub/digital_ip/image_processing/scaler_ips/banked_framebuf/yosys/banked_framebuf.sv2v.v:134$2166 ($add).
Removed top 31 bits (of 32) from port A of cell banked_framebuf.$sub$/Users/paulbarcelona/Library/CloudStorage/OneDrive-Personal/GitHub/digital_ip/image_processing/scaler_ips/banked_framebuf/yosys/banked_framebuf.sv2v.v:136$2170 ($sub).
Removed top 29 bits (of 32) from port B of cell banked_framebuf.$sub$/Users/paulbarcelona/Library/CloudStorage/OneDrive-Personal/GitHub/digital_ip/image_processing/scaler_ips/banked_framebuf/yosys/banked_framebuf.sv2v.v:136$2170 ($sub).
Converting cell banked_framebuf.$sub$/Users/paulbarcelona/Library/CloudStorage/OneDrive-Personal/GitHub/digital_ip/image_processing/scaler_ips/banked_framebuf/yosys/banked_framebuf.sv2v.v:136$2170 ($sub) from signed to unsigned.
Removed top 30 bits (of 32) from port Y of cell banked_framebuf.$sub$/Users/paulbarcelona/Library/CloudStorage/OneDrive-Personal/GitHub/digital_ip/image_processing/scaler_ips/banked_framebuf/yosys/banked_framebuf.sv2v.v:136$2170 ($sub).
Removed top 1 bits (of 3) from port B of cell banked_framebuf.$sub$/Users/paulbarcelona/Library/CloudStorage/OneDrive-Personal/GitHub/digital_ip/image_processing/scaler_ips/banked_framebuf/yosys/banked_framebuf.sv2v.v:136$2170 ($sub).
Removed top 14 bits (of 16) from port B of cell banked_framebuf.$add$/Users/paulbarcelona/Library/CloudStorage/OneDrive-Personal/GitHub/digital_ip/image_processing/scaler_ips/banked_framebuf/yosys/banked_framebuf.sv2v.v:136$2172 ($add).
Removed top 30 bits (of 32) from port A of cell banked_framebuf.$sub$/Users/paulbarcelona/Library/CloudStorage/OneDrive-Personal/GitHub/digital_ip/image_processing/scaler_ips/banked_framebuf/yosys/banked_framebuf.sv2v.v:134$2176 ($sub).
Removed top 29 bits (of 32) from port B of cell banked_framebuf.$sub$/Users/paulbarcelona/Library/CloudStorage/OneDrive-Personal/GitHub/digital_ip/image_processing/scaler_ips/banked_framebuf/yosys/banked_framebuf.sv2v.v:134$2176 ($sub).
Converting cell banked_framebuf.$sub$/Users/paulbarcelona/Library/CloudStorage/OneDrive-Personal/GitHub/digital_ip/image_processing/scaler_ips/banked_framebuf/yosys/banked_framebuf.sv2v.v:134$2176 ($sub) from signed to unsigned.
Removed top 30 bits (of 32) from port Y of cell banked_framebuf.$sub$/Users/paulbarcelona/Library/CloudStorage/OneDrive-Personal/GitHub/digital_ip/image_processing/scaler_ips/banked_framebuf/yosys/banked_framebuf.sv2v.v:134$2176 ($sub).
Removed top 1 bits (of 2) from port A of cell banked_framebuf.$sub$/Users/paulbarcelona/Library/CloudStorage/OneDrive-Personal/GitHub/digital_ip/image_processing/scaler_ips/banked_framebuf/yosys/banked_framebuf.sv2v.v:134$2176 ($sub).
Removed top 1 bits (of 3) from port B of cell banked_framebuf.$sub$/Users/paulbarcelona/Library/CloudStorage/OneDrive-Personal/GitHub/digital_ip/image_processing/scaler_ips/banked_framebuf/yosys/banked_framebuf.sv2v.v:134$2176 ($sub).
Removed top 14 bits (of 16) from port B of cell banked_framebuf.$add$/Users/paulbarcelona/Library/CloudStorage/OneDrive-Personal/GitHub/digital_ip/image_processing/scaler_ips/banked_framebuf/yosys/banked_framebuf.sv2v.v:134$2178 ($add).
Removed top 30 bits (of 32) from port A of cell banked_framebuf.$sub$/Users/paulbarcelona/Library/CloudStorage/OneDrive-Personal/GitHub/digital_ip/image_processing/scaler_ips/banked_framebuf/yosys/banked_framebuf.sv2v.v:136$2182 ($sub).
Removed top 29 bits (of 32) from port B of cell banked_framebuf.$sub$/Users/paulbarcelona/Library/CloudStorage/OneDrive-Personal/GitHub/digital_ip/image_processing/scaler_ips/banked_framebuf/yosys/banked_framebuf.sv2v.v:136$2182 ($sub).
Converting cell banked_framebuf.$sub$/Users/paulbarcelona/Library/CloudStorage/OneDrive-Personal/GitHub/digital_ip/image_processing/scaler_ips/banked_framebuf/yosys/banked_framebuf.sv2v.v:136$2182 ($sub) from signed to unsigned.
Removed top 30 bits (of 32) from port Y of cell banked_framebuf.$sub$/Users/paulbarcelona/Library/CloudStorage/OneDrive-Personal/GitHub/digital_ip/image_processing/scaler_ips/banked_framebuf/yosys/banked_framebuf.sv2v.v:136$2182 ($sub).
Removed top 1 bits (of 2) from port A of cell banked_framebuf.$sub$/Users/paulbarcelona/Library/CloudStorage/OneDrive-Personal/GitHub/digital_ip/image_processing/scaler_ips/banked_framebuf/yosys/banked_framebuf.sv2v.v:136$2182 ($sub).
Removed top 1 bits (of 3) from port B of cell banked_framebuf.$sub$/Users/paulbarcelona/Library/CloudStorage/OneDrive-Personal/GitHub/digital_ip/image_processing/scaler_ips/banked_framebuf/yosys/banked_framebuf.sv2v.v:136$2182 ($sub).
Removed top 14 bits (of 16) from port B of cell banked_framebuf.$add$/Users/paulbarcelona/Library/CloudStorage/OneDrive-Personal/GitHub/digital_ip/image_processing/scaler_ips/banked_framebuf/yosys/banked_framebuf.sv2v.v:136$2184 ($add).
Removed top 29 bits (of 32) from port A of cell banked_framebuf.$sub$/Users/paulbarcelona/Library/CloudStorage/OneDrive-Personal/GitHub/digital_ip/image_processing/scaler_ips/banked_framebuf/yosys/banked_framebuf.sv2v.v:134$2188 ($sub).
Removed top 29 bits (of 32) from port B of cell banked_framebuf.$sub$/Users/paulbarcelona/Library/CloudStorage/OneDrive-Personal/GitHub/digital_ip/image_processing/scaler_ips/banked_framebuf/yosys/banked_framebuf.sv2v.v:134$2188 ($sub).
Converting cell banked_framebuf.$sub$/Users/paulbarcelona/Library/CloudStorage/OneDrive-Personal/GitHub/digital_ip/image_processing/scaler_ips/banked_framebuf/yosys/banked_framebuf.sv2v.v:134$2188 ($sub) from signed to unsigned.
Removed top 30 bits (of 32) from port Y of cell banked_framebuf.$sub$/Users/paulbarcelona/Library/CloudStorage/OneDrive-Personal/GitHub/digital_ip/image_processing/scaler_ips/banked_framebuf/yosys/banked_framebuf.sv2v.v:134$2188 ($sub).
Removed top 1 bits (of 3) from port A of cell banked_framebuf.$sub$/Users/paulbarcelona/Library/CloudStorage/OneDrive-Personal/GitHub/digital_ip/image_processing/scaler_ips/banked_framebuf/yosys/banked_framebuf.sv2v.v:134$2188 ($sub).
Removed top 1 bits (of 3) from port B of cell banked_framebuf.$sub$/Users/paulbarcelona/Library/CloudStorage/OneDrive-Personal/GitHub/digital_ip/image_processing/scaler_ips/banked_framebuf/yosys/banked_framebuf.sv2v.v:134$2188 ($sub).
Removed top 14 bits (of 16) from port B of cell banked_framebuf.$add$/Users/paulbarcelona/Library/CloudStorage/OneDrive-Personal/GitHub/digital_ip/image_processing/scaler_ips/banked_framebuf/yosys/banked_framebuf.sv2v.v:134$2190 ($add).
Removed top 29 bits (of 32) from port A of cell banked_framebuf.$sub$/Users/paulbarcelona/Library/CloudStorage/OneDrive-Personal/GitHub/digital_ip/image_processing/scaler_ips/banked_framebuf/yosys/banked_framebuf.sv2v.v:136$2194 ($sub).
Removed top 29 bits (of 32) from port B of cell banked_framebuf.$sub$/Users/paulbarcelona/Library/CloudStorage/OneDrive-Personal/GitHub/digital_ip/image_processing/scaler_ips/banked_framebuf/yosys/banked_framebuf.sv2v.v:136$2194 ($sub).
Converting cell banked_framebuf.$sub$/Users/paulbarcelona/Library/CloudStorage/OneDrive-Personal/GitHub/digital_ip/image_processing/scaler_ips/banked_framebuf/yosys/banked_framebuf.sv2v.v:136$2194 ($sub) from signed to unsigned.
Removed top 30 bits (of 32) from port Y of cell banked_framebuf.$sub$/Users/paulbarcelona/Library/CloudStorage/OneDrive-Personal/GitHub/digital_ip/image_processing/scaler_ips/banked_framebuf/yosys/banked_framebuf.sv2v.v:136$2194 ($sub).
Removed top 1 bits (of 3) from port A of cell banked_framebuf.$sub$/Users/paulbarcelona/Library/CloudStorage/OneDrive-Personal/GitHub/digital_ip/image_processing/scaler_ips/banked_framebuf/yosys/banked_framebuf.sv2v.v:136$2194 ($sub).
Removed top 1 bits (of 3) from port B of cell banked_framebuf.$sub$/Users/paulbarcelona/Library/CloudStorage/OneDrive-Personal/GitHub/digital_ip/image_processing/scaler_ips/banked_framebuf/yosys/banked_framebuf.sv2v.v:136$2194 ($sub).
Removed top 14 bits (of 16) from port B of cell banked_framebuf.$add$/Users/paulbarcelona/Library/CloudStorage/OneDrive-Personal/GitHub/digital_ip/image_processing/scaler_ips/banked_framebuf/yosys/banked_framebuf.sv2v.v:136$2196 ($add).
Removed top 29 bits (of 32) from port A of cell banked_framebuf.$sub$/Users/paulbarcelona/Library/CloudStorage/OneDrive-Personal/GitHub/digital_ip/image_processing/scaler_ips/banked_framebuf/yosys/banked_framebuf.sv2v.v:134$2200 ($sub).
Removed top 29 bits (of 32) from port B of cell banked_framebuf.$sub$/Users/paulbarcelona/Library/CloudStorage/OneDrive-Personal/GitHub/digital_ip/image_processing/scaler_ips/banked_framebuf/yosys/banked_framebuf.sv2v.v:134$2200 ($sub).
Converting cell banked_framebuf.$sub$/Users/paulbarcelona/Library/CloudStorage/OneDrive-Personal/GitHub/digital_ip/image_processing/scaler_ips/banked_framebuf/yosys/banked_framebuf.sv2v.v:134$2200 ($sub) from signed to unsigned.
Removed top 30 bits (of 32) from port Y of cell banked_framebuf.$sub$/Users/paulbarcelona/Library/CloudStorage/OneDrive-Personal/GitHub/digital_ip/image_processing/scaler_ips/banked_framebuf/yosys/banked_framebuf.sv2v.v:134$2200 ($sub).
Removed top 1 bits (of 3) from port A of cell banked_framebuf.$sub$/Users/paulbarcelona/Library/CloudStorage/OneDrive-Personal/GitHub/digital_ip/image_processing/scaler_ips/banked_framebuf/yosys/banked_framebuf.sv2v.v:134$2200 ($sub).
Removed top 1 bits (of 3) from port B of cell banked_framebuf.$sub$/Users/paulbarcelona/Library/CloudStorage/OneDrive-Personal/GitHub/digital_ip/image_processing/scaler_ips/banked_framebuf/yosys/banked_framebuf.sv2v.v:134$2200 ($sub).
Removed top 14 bits (of 16) from port B of cell banked_framebuf.$add$/Users/paulbarcelona/Library/CloudStorage/OneDrive-Personal/GitHub/digital_ip/image_processing/scaler_ips/banked_framebuf/yosys/banked_framebuf.sv2v.v:134$2202 ($add).
Removed top 29 bits (of 32) from port A of cell banked_framebuf.$sub$/Users/paulbarcelona/Library/CloudStorage/OneDrive-Personal/GitHub/digital_ip/image_processing/scaler_ips/banked_framebuf/yosys/banked_framebuf.sv2v.v:136$2206 ($sub).
Removed top 29 bits (of 32) from port B of cell banked_framebuf.$sub$/Users/paulbarcelona/Library/CloudStorage/OneDrive-Personal/GitHub/digital_ip/image_processing/scaler_ips/banked_framebuf/yosys/banked_framebuf.sv2v.v:136$2206 ($sub).
Converting cell banked_framebuf.$sub$/Users/paulbarcelona/Library/CloudStorage/OneDrive-Personal/GitHub/digital_ip/image_processing/scaler_ips/banked_framebuf/yosys/banked_framebuf.sv2v.v:136$2206 ($sub) from signed to unsigned.
Removed top 30 bits (of 32) from port Y of cell banked_framebuf.$sub$/Users/paulbarcelona/Library/CloudStorage/OneDrive-Personal/GitHub/digital_ip/image_processing/scaler_ips/banked_framebuf/yosys/banked_framebuf.sv2v.v:136$2206 ($sub).
Removed top 1 bits (of 3) from port A of cell banked_framebuf.$sub$/Users/paulbarcelona/Library/CloudStorage/OneDrive-Personal/GitHub/digital_ip/image_processing/scaler_ips/banked_framebuf/yosys/banked_framebuf.sv2v.v:136$2206 ($sub).
Removed top 1 bits (of 3) from port B of cell banked_framebuf.$sub$/Users/paulbarcelona/Library/CloudStorage/OneDrive-Personal/GitHub/digital_ip/image_processing/scaler_ips/banked_framebuf/yosys/banked_framebuf.sv2v.v:136$2206 ($sub).
Removed top 14 bits (of 16) from port B of cell banked_framebuf.$add$/Users/paulbarcelona/Library/CloudStorage/OneDrive-Personal/GitHub/digital_ip/image_processing/scaler_ips/banked_framebuf/yosys/banked_framebuf.sv2v.v:136$2208 ($add).
Removed top 31 bits (of 32) from port B of cell banked_framebuf.$lt$/Users/paulbarcelona/Library/CloudStorage/OneDrive-Personal/GitHub/digital_ip/image_processing/scaler_ips/banked_framebuf/yosys/banked_framebuf.sv2v.v:75$2212 ($lt).
Removed top 31 bits (of 32) from port B of cell banked_framebuf.$lt$/Users/paulbarcelona/Library/CloudStorage/OneDrive-Personal/GitHub/digital_ip/image_processing/scaler_ips/banked_framebuf/yosys/banked_framebuf.sv2v.v:75$2220 ($lt).
Removed top 16 bits (of 18) from port B of cell banked_framebuf.$add$/Users/paulbarcelona/Library/CloudStorage/OneDrive-Personal/GitHub/digital_ip/image_processing/scaler_ips/banked_framebuf/yosys/banked_framebuf.sv2v.v:144$2227 ($add).
Removed top 31 bits (of 32) from port B of cell banked_framebuf.$lt$/Users/paulbarcelona/Library/CloudStorage/OneDrive-Personal/GitHub/digital_ip/image_processing/scaler_ips/banked_framebuf/yosys/banked_framebuf.sv2v.v:75$2228 ($lt).
Removed top 16 bits (of 18) from port B of cell banked_framebuf.$add$/Users/paulbarcelona/Library/CloudStorage/OneDrive-Personal/GitHub/digital_ip/image_processing/scaler_ips/banked_framebuf/yosys/banked_framebuf.sv2v.v:145$2235 ($add).
Removed top 31 bits (of 32) from port B of cell banked_framebuf.$lt$/Users/paulbarcelona/Library/CloudStorage/OneDrive-Personal/GitHub/digital_ip/image_processing/scaler_ips/banked_framebuf/yosys/banked_framebuf.sv2v.v:75$2236 ($lt).
Removed top 15 bits (of 18) from port B of cell banked_framebuf.$add$/Users/paulbarcelona/Library/CloudStorage/OneDrive-Personal/GitHub/digital_ip/image_processing/scaler_ips/banked_framebuf/yosys/banked_framebuf.sv2v.v:144$2243 ($add).
Removed top 31 bits (of 32) from port B of cell banked_framebuf.$lt$/Users/paulbarcelona/Library/CloudStorage/OneDrive-Personal/GitHub/digital_ip/image_processing/scaler_ips/banked_framebuf/yosys/banked_framebuf.sv2v.v:75$2244 ($lt).
Removed top 15 bits (of 18) from port B of cell banked_framebuf.$add$/Users/paulbarcelona/Library/CloudStorage/OneDrive-Personal/GitHub/digital_ip/image_processing/scaler_ips/banked_framebuf/yosys/banked_framebuf.sv2v.v:145$2251 ($add).
Removed top 31 bits (of 32) from port B of cell banked_framebuf.$lt$/Users/paulbarcelona/Library/CloudStorage/OneDrive-Personal/GitHub/digital_ip/image_processing/scaler_ips/banked_framebuf/yosys/banked_framebuf.sv2v.v:75$2252 ($lt).
Removed top 15 bits (of 18) from port B of cell banked_framebuf.$add$/Users/paulbarcelona/Library/CloudStorage/OneDrive-Personal/GitHub/digital_ip/image_processing/scaler_ips/banked_framebuf/yosys/banked_framebuf.sv2v.v:144$2259 ($add).
Removed top 31 bits (of 32) from port B of cell banked_framebuf.$lt$/Users/paulbarcelona/Library/CloudStorage/OneDrive-Personal/GitHub/digital_ip/image_processing/scaler_ips/banked_framebuf/yosys/banked_framebuf.sv2v.v:75$2260 ($lt).
Removed top 1 bits (of 18) from port A of cell banked_framebuf.$sub$/Users/paulbarcelona/Library/CloudStorage/OneDrive-Personal/GitHub/digital_ip/image_processing/scaler_ips/banked_framebuf/yosys/banked_framebuf.sv2v.v:77$2262 ($sub).
Removed top 16 bits (of 18) from port B of cell banked_framebuf.$sub$/Users/paulbarcelona/Library/CloudStorage/OneDrive-Personal/GitHub/digital_ip/image_processing/scaler_ips/banked_framebuf/yosys/banked_framebuf.sv2v.v:77$2262 ($sub).
Converting cell banked_framebuf.$sub$/Users/paulbarcelona/Library/CloudStorage/OneDrive-Personal/GitHub/digital_ip/image_processing/scaler_ips/banked_framebuf/yosys/banked_framebuf.sv2v.v:77$2262 ($sub) from signed to unsigned.
Removed top 1 bits (of 17) from port A of cell banked_framebuf.$sub$/Users/paulbarcelona/Library/CloudStorage/OneDrive-Personal/GitHub/digital_ip/image_processing/scaler_ips/banked_framebuf/yosys/banked_framebuf.sv2v.v:77$2262 ($sub).
Removed top 1 bits (of 2) from port B of cell banked_framebuf.$sub$/Users/paulbarcelona/Library/CloudStorage/OneDrive-Personal/GitHub/digital_ip/image_processing/scaler_ips/banked_framebuf/yosys/banked_framebuf.sv2v.v:77$2262 ($sub).
Removed top 1 bits (of 18) from port Y of cell banked_framebuf.$sub$/Users/paulbarcelona/Library/CloudStorage/OneDrive-Personal/GitHub/digital_ip/image_processing/scaler_ips/banked_framebuf/yosys/banked_framebuf.sv2v.v:77$2262 ($sub).
Removed top 1 bits (of 18) from port B of cell banked_framebuf.$gt$/Users/paulbarcelona/Library/CloudStorage/OneDrive-Personal/GitHub/digital_ip/image_processing/scaler_ips/banked_framebuf/yosys/banked_framebuf.sv2v.v:77$2263 ($gt).
Removed top 15 bits (of 16) from port B of cell banked_framebuf.$sub$/Users/paulbarcelona/Library/CloudStorage/OneDrive-Personal/GitHub/digital_ip/image_processing/scaler_ips/banked_framebuf/yosys/banked_framebuf.sv2v.v:78$2265 ($sub).
Removed top 15 bits (of 18) from port B of cell banked_framebuf.$add$/Users/paulbarcelona/Library/CloudStorage/OneDrive-Personal/GitHub/digital_ip/image_processing/scaler_ips/banked_framebuf/yosys/banked_framebuf.sv2v.v:145$2267 ($add).
Removed top 31 bits (of 32) from port B of cell banked_framebuf.$lt$/Users/paulbarcelona/Library/CloudStorage/OneDrive-Personal/GitHub/digital_ip/image_processing/scaler_ips/banked_framebuf/yosys/banked_framebuf.sv2v.v:75$2268 ($lt).
Removed top 1 bits (of 18) from port A of cell banked_framebuf.$sub$/Users/paulbarcelona/Library/CloudStorage/OneDrive-Personal/GitHub/digital_ip/image_processing/scaler_ips/banked_framebuf/yosys/banked_framebuf.sv2v.v:77$2270 ($sub).
Removed top 16 bits (of 18) from port B of cell banked_framebuf.$sub$/Users/paulbarcelona/Library/CloudStorage/OneDrive-Personal/GitHub/digital_ip/image_processing/scaler_ips/banked_framebuf/yosys/banked_framebuf.sv2v.v:77$2270 ($sub).
Converting cell banked_framebuf.$sub$/Users/paulbarcelona/Library/CloudStorage/OneDrive-Personal/GitHub/digital_ip/image_processing/scaler_ips/banked_framebuf/yosys/banked_framebuf.sv2v.v:77$2270 ($sub) from signed to unsigned.
Removed top 1 bits (of 17) from port A of cell banked_framebuf.$sub$/Users/paulbarcelona/Library/CloudStorage/OneDrive-Personal/GitHub/digital_ip/image_processing/scaler_ips/banked_framebuf/yosys/banked_framebuf.sv2v.v:77$2270 ($sub).
Removed top 1 bits (of 2) from port B of cell banked_framebuf.$sub$/Users/paulbarcelona/Library/CloudStorage/OneDrive-Personal/GitHub/digital_ip/image_processing/scaler_ips/banked_framebuf/yosys/banked_framebuf.sv2v.v:77$2270 ($sub).
Removed top 1 bits (of 18) from port Y of cell banked_framebuf.$sub$/Users/paulbarcelona/Library/CloudStorage/OneDrive-Personal/GitHub/digital_ip/image_processing/scaler_ips/banked_framebuf/yosys/banked_framebuf.sv2v.v:77$2270 ($sub).
Removed top 1 bits (of 18) from port B of cell banked_framebuf.$gt$/Users/paulbarcelona/Library/CloudStorage/OneDrive-Personal/GitHub/digital_ip/image_processing/scaler_ips/banked_framebuf/yosys/banked_framebuf.sv2v.v:77$2271 ($gt).
Removed top 15 bits (of 16) from port B of cell banked_framebuf.$sub$/Users/paulbarcelona/Library/CloudStorage/OneDrive-Personal/GitHub/digital_ip/image_processing/scaler_ips/banked_framebuf/yosys/banked_framebuf.sv2v.v:78$2273 ($sub).
Removed top 17 bits (of 32) from port A of cell banked_framebuf.$mul$/Users/paulbarcelona/Library/CloudStorage/OneDrive-Personal/GitHub/digital_ip/image_processing/scaler_ips/banked_framebuf/yosys/banked_framebuf.sv2v.v:166$2360 ($mul).
Removed top 23 bits (of 27) from port B of cell banked_framebuf.$mul$/Users/paulbarcelona/Library/CloudStorage/OneDrive-Personal/GitHub/digital_ip/image_processing/scaler_ips/banked_framebuf/yosys/banked_framebuf.sv2v.v:166$2360 ($mul).
Converting cell banked_framebuf.$mul$/Users/paulbarcelona/Library/CloudStorage/OneDrive-Personal/GitHub/digital_ip/image_processing/scaler_ips/banked_framebuf/yosys/banked_framebuf.sv2v.v:166$2360 ($mul) from signed to unsigned.
Removed top 17 bits (of 27) from port Y of cell banked_framebuf.$mul$/Users/paulbarcelona/Library/CloudStorage/OneDrive-Personal/GitHub/digital_ip/image_processing/scaler_ips/banked_framebuf/yosys/banked_framebuf.sv2v.v:166$2360 ($mul).
Removed top 1 bits (of 15) from port A of cell banked_framebuf.$mul$/Users/paulbarcelona/Library/CloudStorage/OneDrive-Personal/GitHub/digital_ip/image_processing/scaler_ips/banked_framebuf/yosys/banked_framebuf.sv2v.v:166$2360 ($mul).
Removed top 1 bits (of 4) from port B of cell banked_framebuf.$mul$/Users/paulbarcelona/Library/CloudStorage/OneDrive-Personal/GitHub/digital_ip/image_processing/scaler_ips/banked_framebuf/yosys/banked_framebuf.sv2v.v:166$2360 ($mul).
Removed top 17 bits (of 32) from port A of cell banked_framebuf.$mul$/Users/paulbarcelona/Library/CloudStorage/OneDrive-Personal/GitHub/digital_ip/image_processing/scaler_ips/banked_framebuf/yosys/banked_framebuf.sv2v.v:166$2366 ($mul).
Removed top 23 bits (of 27) from port B of cell banked_framebuf.$mul$/Users/paulbarcelona/Library/CloudStorage/OneDrive-Personal/GitHub/digital_ip/image_processing/scaler_ips/banked_framebuf/yosys/banked_framebuf.sv2v.v:166$2366 ($mul).
Converting cell banked_framebuf.$mul$/Users/paulbarcelona/Library/CloudStorage/OneDrive-Personal/GitHub/digital_ip/image_processing/scaler_ips/banked_framebuf/yosys/banked_framebuf.sv2v.v:166$2366 ($mul) from signed to unsigned.
Removed top 17 bits (of 27) from port Y of cell banked_framebuf.$mul$/Users/paulbarcelona/Library/CloudStorage/OneDrive-Personal/GitHub/digital_ip/image_processing/scaler_ips/banked_framebuf/yosys/banked_framebuf.sv2v.v:166$2366 ($mul).
Removed top 1 bits (of 15) from port A of cell banked_framebuf.$mul$/Users/paulbarcelona/Library/CloudStorage/OneDrive-Personal/GitHub/digital_ip/image_processing/scaler_ips/banked_framebuf/yosys/banked_framebuf.sv2v.v:166$2366 ($mul).
Removed top 1 bits (of 4) from port B of cell banked_framebuf.$mul$/Users/paulbarcelona/Library/CloudStorage/OneDrive-Personal/GitHub/digital_ip/image_processing/scaler_ips/banked_framebuf/yosys/banked_framebuf.sv2v.v:166$2366 ($mul).
Removed top 17 bits (of 32) from port A of cell banked_framebuf.$mul$/Users/paulbarcelona/Library/CloudStorage/OneDrive-Personal/GitHub/digital_ip/image_processing/scaler_ips/banked_framebuf/yosys/banked_framebuf.sv2v.v:166$2372 ($mul).
Removed top 23 bits (of 27) from port B of cell banked_framebuf.$mul$/Users/paulbarcelona/Library/CloudStorage/OneDrive-Personal/GitHub/digital_ip/image_processing/scaler_ips/banked_framebuf/yosys/banked_framebuf.sv2v.v:166$2372 ($mul).
Converting cell banked_framebuf.$mul$/Users/paulbarcelona/Library/CloudStorage/OneDrive-Personal/GitHub/digital_ip/image_processing/scaler_ips/banked_framebuf/yosys/banked_framebuf.sv2v.v:166$2372 ($mul) from signed to unsigned.
Removed top 17 bits (of 27) from port Y of cell banked_framebuf.$mul$/Users/paulbarcelona/Library/CloudStorage/OneDrive-Personal/GitHub/digital_ip/image_processing/scaler_ips/banked_framebuf/yosys/banked_framebuf.sv2v.v:166$2372 ($mul).
Removed top 1 bits (of 15) from port A of cell banked_framebuf.$mul$/Users/paulbarcelona/Library/CloudStorage/OneDrive-Personal/GitHub/digital_ip/image_processing/scaler_ips/banked_framebuf/yosys/banked_framebuf.sv2v.v:166$2372 ($mul).
Removed top 1 bits (of 4) from port B of cell banked_framebuf.$mul$/Users/paulbarcelona/Library/CloudStorage/OneDrive-Personal/GitHub/digital_ip/image_processing/scaler_ips/banked_framebuf/yosys/banked_framebuf.sv2v.v:166$2372 ($mul).
Removed top 17 bits (of 32) from port A of cell banked_framebuf.$mul$/Users/paulbarcelona/Library/CloudStorage/OneDrive-Personal/GitHub/digital_ip/image_processing/scaler_ips/banked_framebuf/yosys/banked_framebuf.sv2v.v:166$2378 ($mul).
Removed top 23 bits (of 27) from port B of cell banked_framebuf.$mul$/Users/paulbarcelona/Library/CloudStorage/OneDrive-Personal/GitHub/digital_ip/image_processing/scaler_ips/banked_framebuf/yosys/banked_framebuf.sv2v.v:166$2378 ($mul).
Converting cell banked_framebuf.$mul$/Users/paulbarcelona/Library/CloudStorage/OneDrive-Personal/GitHub/digital_ip/image_processing/scaler_ips/banked_framebuf/yosys/banked_framebuf.sv2v.v:166$2378 ($mul) from signed to unsigned.
Removed top 17 bits (of 27) from port Y of cell banked_framebuf.$mul$/Users/paulbarcelona/Library/CloudStorage/OneDrive-Personal/GitHub/digital_ip/image_processing/scaler_ips/banked_framebuf/yosys/banked_framebuf.sv2v.v:166$2378 ($mul).
Removed top 1 bits (of 15) from port A of cell banked_framebuf.$mul$/Users/paulbarcelona/Library/CloudStorage/OneDrive-Personal/GitHub/digital_ip/image_processing/scaler_ips/banked_framebuf/yosys/banked_framebuf.sv2v.v:166$2378 ($mul).
Removed top 1 bits (of 4) from port B of cell banked_framebuf.$mul$/Users/paulbarcelona/Library/CloudStorage/OneDrive-Personal/GitHub/digital_ip/image_processing/scaler_ips/banked_framebuf/yosys/banked_framebuf.sv2v.v:166$2378 ($mul).
Removed top 28 bits (of 32) from port A of cell banked_framebuf.$add$/Users/paulbarcelona/Library/CloudStorage/OneDrive-Personal/GitHub/digital_ip/image_processing/scaler_ips/banked_framebuf/yosys/banked_framebuf.sv2v.v:211$2418 ($add).
Removed top 28 bits (of 32) from port Y of cell banked_framebuf.$add$/Users/paulbarcelona/Library/CloudStorage/OneDrive-Personal/GitHub/digital_ip/image_processing/scaler_ips/banked_framebuf/yosys/banked_framebuf.sv2v.v:211$2418 ($add).
Removed top 28 bits (of 32) from port A of cell banked_framebuf.$add$/Users/paulbarcelona/Library/CloudStorage/OneDrive-Personal/GitHub/digital_ip/image_processing/scaler_ips/banked_framebuf/yosys/banked_framebuf.sv2v.v:211$2421 ($add).
Removed top 28 bits (of 32) from port Y of cell banked_framebuf.$add$/Users/paulbarcelona/Library/CloudStorage/OneDrive-Personal/GitHub/digital_ip/image_processing/scaler_ips/banked_framebuf/yosys/banked_framebuf.sv2v.v:211$2421 ($add).
Removed top 28 bits (of 32) from port A of cell banked_framebuf.$add$/Users/paulbarcelona/Library/CloudStorage/OneDrive-Personal/GitHub/digital_ip/image_processing/scaler_ips/banked_framebuf/yosys/banked_framebuf.sv2v.v:211$2424 ($add).
Removed top 28 bits (of 32) from port Y of cell banked_framebuf.$add$/Users/paulbarcelona/Library/CloudStorage/OneDrive-Personal/GitHub/digital_ip/image_processing/scaler_ips/banked_framebuf/yosys/banked_framebuf.sv2v.v:211$2424 ($add).
Removed top 28 bits (of 32) from port A of cell banked_framebuf.$add$/Users/paulbarcelona/Library/CloudStorage/OneDrive-Personal/GitHub/digital_ip/image_processing/scaler_ips/banked_framebuf/yosys/banked_framebuf.sv2v.v:211$2427 ($add).
Removed top 28 bits (of 32) from port Y of cell banked_framebuf.$add$/Users/paulbarcelona/Library/CloudStorage/OneDrive-Personal/GitHub/digital_ip/image_processing/scaler_ips/banked_framebuf/yosys/banked_framebuf.sv2v.v:211$2427 ($add).
Removed top 28 bits (of 32) from port A of cell banked_framebuf.$add$/Users/paulbarcelona/Library/CloudStorage/OneDrive-Personal/GitHub/digital_ip/image_processing/scaler_ips/banked_framebuf/yosys/banked_framebuf.sv2v.v:211$2430 ($add).
Removed top 28 bits (of 32) from port Y of cell banked_framebuf.$add$/Users/paulbarcelona/Library/CloudStorage/OneDrive-Personal/GitHub/digital_ip/image_processing/scaler_ips/banked_framebuf/yosys/banked_framebuf.sv2v.v:211$2430 ($add).
Removed top 28 bits (of 32) from port A of cell banked_framebuf.$add$/Users/paulbarcelona/Library/CloudStorage/OneDrive-Personal/GitHub/digital_ip/image_processing/scaler_ips/banked_framebuf/yosys/banked_framebuf.sv2v.v:211$2433 ($add).
Removed top 28 bits (of 32) from port Y of cell banked_framebuf.$add$/Users/paulbarcelona/Library/CloudStorage/OneDrive-Personal/GitHub/digital_ip/image_processing/scaler_ips/banked_framebuf/yosys/banked_framebuf.sv2v.v:211$2433 ($add).
Removed top 28 bits (of 32) from port A of cell banked_framebuf.$add$/Users/paulbarcelona/Library/CloudStorage/OneDrive-Personal/GitHub/digital_ip/image_processing/scaler_ips/banked_framebuf/yosys/banked_framebuf.sv2v.v:211$2436 ($add).
Removed top 28 bits (of 32) from port Y of cell banked_framebuf.$add$/Users/paulbarcelona/Library/CloudStorage/OneDrive-Personal/GitHub/digital_ip/image_processing/scaler_ips/banked_framebuf/yosys/banked_framebuf.sv2v.v:211$2436 ($add).
Removed top 28 bits (of 32) from port A of cell banked_framebuf.$add$/Users/paulbarcelona/Library/CloudStorage/OneDrive-Personal/GitHub/digital_ip/image_processing/scaler_ips/banked_framebuf/yosys/banked_framebuf.sv2v.v:211$2439 ($add).
Removed top 28 bits (of 32) from port Y of cell banked_framebuf.$add$/Users/paulbarcelona/Library/CloudStorage/OneDrive-Personal/GitHub/digital_ip/image_processing/scaler_ips/banked_framebuf/yosys/banked_framebuf.sv2v.v:211$2439 ($add).
Removed top 28 bits (of 32) from port A of cell banked_framebuf.$add$/Users/paulbarcelona/Library/CloudStorage/OneDrive-Personal/GitHub/digital_ip/image_processing/scaler_ips/banked_framebuf/yosys/banked_framebuf.sv2v.v:211$2442 ($add).
Removed top 28 bits (of 32) from port Y of cell banked_framebuf.$add$/Users/paulbarcelona/Library/CloudStorage/OneDrive-Personal/GitHub/digital_ip/image_processing/scaler_ips/banked_framebuf/yosys/banked_framebuf.sv2v.v:211$2442 ($add).
Removed top 28 bits (of 32) from port A of cell banked_framebuf.$add$/Users/paulbarcelona/Library/CloudStorage/OneDrive-Personal/GitHub/digital_ip/image_processing/scaler_ips/banked_framebuf/yosys/banked_framebuf.sv2v.v:211$2445 ($add).
Removed top 28 bits (of 32) from port Y of cell banked_framebuf.$add$/Users/paulbarcelona/Library/CloudStorage/OneDrive-Personal/GitHub/digital_ip/image_processing/scaler_ips/banked_framebuf/yosys/banked_framebuf.sv2v.v:211$2445 ($add).
Removed top 28 bits (of 32) from port A of cell banked_framebuf.$add$/Users/paulbarcelona/Library/CloudStorage/OneDrive-Personal/GitHub/digital_ip/image_processing/scaler_ips/banked_framebuf/yosys/banked_framebuf.sv2v.v:211$2448 ($add).
Removed top 28 bits (of 32) from port Y of cell banked_framebuf.$add$/Users/paulbarcelona/Library/CloudStorage/OneDrive-Personal/GitHub/digital_ip/image_processing/scaler_ips/banked_framebuf/yosys/banked_framebuf.sv2v.v:211$2448 ($add).
Removed top 28 bits (of 32) from port A of cell banked_framebuf.$add$/Users/paulbarcelona/Library/CloudStorage/OneDrive-Personal/GitHub/digital_ip/image_processing/scaler_ips/banked_framebuf/yosys/banked_framebuf.sv2v.v:211$2451 ($add).
Removed top 28 bits (of 32) from port Y of cell banked_framebuf.$add$/Users/paulbarcelona/Library/CloudStorage/OneDrive-Personal/GitHub/digital_ip/image_processing/scaler_ips/banked_framebuf/yosys/banked_framebuf.sv2v.v:211$2451 ($add).
Removed top 28 bits (of 32) from port A of cell banked_framebuf.$add$/Users/paulbarcelona/Library/CloudStorage/OneDrive-Personal/GitHub/digital_ip/image_processing/scaler_ips/banked_framebuf/yosys/banked_framebuf.sv2v.v:211$2454 ($add).
Removed top 28 bits (of 32) from port Y of cell banked_framebuf.$add$/Users/paulbarcelona/Library/CloudStorage/OneDrive-Personal/GitHub/digital_ip/image_processing/scaler_ips/banked_framebuf/yosys/banked_framebuf.sv2v.v:211$2454 ($add).
Removed top 28 bits (of 32) from port A of cell banked_framebuf.$add$/Users/paulbarcelona/Library/CloudStorage/OneDrive-Personal/GitHub/digital_ip/image_processing/scaler_ips/banked_framebuf/yosys/banked_framebuf.sv2v.v:211$2457 ($add).
Removed top 28 bits (of 32) from port Y of cell banked_framebuf.$add$/Users/paulbarcelona/Library/CloudStorage/OneDrive-Personal/GitHub/digital_ip/image_processing/scaler_ips/banked_framebuf/yosys/banked_framebuf.sv2v.v:211$2457 ($add).
Removed top 28 bits (of 32) from port A of cell banked_framebuf.$add$/Users/paulbarcelona/Library/CloudStorage/OneDrive-Personal/GitHub/digital_ip/image_processing/scaler_ips/banked_framebuf/yosys/banked_framebuf.sv2v.v:211$2460 ($add).
Removed top 28 bits (of 32) from port Y of cell banked_framebuf.$add$/Users/paulbarcelona/Library/CloudStorage/OneDrive-Personal/GitHub/digital_ip/image_processing/scaler_ips/banked_framebuf/yosys/banked_framebuf.sv2v.v:211$2460 ($add).
Removed top 28 bits (of 32) from port A of cell banked_framebuf.$add$/Users/paulbarcelona/Library/CloudStorage/OneDrive-Personal/GitHub/digital_ip/image_processing/scaler_ips/banked_framebuf/yosys/banked_framebuf.sv2v.v:211$2463 ($add).
Removed top 28 bits (of 32) from port Y of cell banked_framebuf.$add$/Users/paulbarcelona/Library/CloudStorage/OneDrive-Personal/GitHub/digital_ip/image_processing/scaler_ips/banked_framebuf/yosys/banked_framebuf.sv2v.v:211$2463 ($add).
Removed top 1 bits (of 15) from port B of cell banked_framebuf.$add$/Users/paulbarcelona/Library/CloudStorage/OneDrive-Personal/GitHub/digital_ip/image_processing/scaler_ips/banked_framebuf/yosys/banked_framebuf.sv2v.v:197$2477 ($add).
Removed top 1 bits (of 15) from port B of cell banked_framebuf.$add$/Users/paulbarcelona/Library/CloudStorage/OneDrive-Personal/GitHub/digital_ip/image_processing/scaler_ips/banked_framebuf/yosys/banked_framebuf.sv2v.v:197$2490 ($add).
Removed top 1 bits (of 15) from port B of cell banked_framebuf.$add$/Users/paulbarcelona/Library/CloudStorage/OneDrive-Personal/GitHub/digital_ip/image_processing/scaler_ips/banked_framebuf/yosys/banked_framebuf.sv2v.v:197$2503 ($add).
Removed top 1 bits (of 15) from port B of cell banked_framebuf.$add$/Users/paulbarcelona/Library/CloudStorage/OneDrive-Personal/GitHub/digital_ip/image_processing/scaler_ips/banked_framebuf/yosys/banked_framebuf.sv2v.v:197$2516 ($add).
Removed top 1 bits (of 15) from port B of cell banked_framebuf.$add$/Users/paulbarcelona/Library/CloudStorage/OneDrive-Personal/GitHub/digital_ip/image_processing/scaler_ips/banked_framebuf/yosys/banked_framebuf.sv2v.v:197$2529 ($add).
Removed top 1 bits (of 15) from port B of cell banked_framebuf.$add$/Users/paulbarcelona/Library/CloudStorage/OneDrive-Personal/GitHub/digital_ip/image_processing/scaler_ips/banked_framebuf/yosys/banked_framebuf.sv2v.v:197$2542 ($add).
Removed top 1 bits (of 15) from port B of cell banked_framebuf.$add$/Users/paulbarcelona/Library/CloudStorage/OneDrive-Personal/GitHub/digital_ip/image_processing/scaler_ips/banked_framebuf/yosys/banked_framebuf.sv2v.v:197$2555 ($add).
Removed top 1 bits (of 2) from port B of cell banked_framebuf.$eq$/Users/paulbarcelona/Library/CloudStorage/OneDrive-Personal/GitHub/digital_ip/image_processing/scaler_ips/banked_framebuf/yosys/banked_framebuf.sv2v.v:194$2562 ($eq).
Removed top 1 bits (of 15) from port B of cell banked_framebuf.$add$/Users/paulbarcelona/Library/CloudStorage/OneDrive-Personal/GitHub/digital_ip/image_processing/scaler_ips/banked_framebuf/yosys/banked_framebuf.sv2v.v:197$2568 ($add).
Removed top 1 bits (of 15) from port B of cell banked_framebuf.$add$/Users/paulbarcelona/Library/CloudStorage/OneDrive-Personal/GitHub/digital_ip/image_processing/scaler_ips/banked_framebuf/yosys/banked_framebuf.sv2v.v:197$2581 ($add).
Removed top 1 bits (of 15) from port B of cell banked_framebuf.$add$/Users/paulbarcelona/Library/CloudStorage/OneDrive-Personal/GitHub/digital_ip/image_processing/scaler_ips/banked_framebuf/yosys/banked_framebuf.sv2v.v:197$2594 ($add).
Removed top 1 bits (of 15) from port B of cell banked_framebuf.$add$/Users/paulbarcelona/Library/CloudStorage/OneDrive-Personal/GitHub/digital_ip/image_processing/scaler_ips/banked_framebuf/yosys/banked_framebuf.sv2v.v:197$2607 ($add).
Removed top 1 bits (of 15) from port B of cell banked_framebuf.$add$/Users/paulbarcelona/Library/CloudStorage/OneDrive-Personal/GitHub/digital_ip/image_processing/scaler_ips/banked_framebuf/yosys/banked_framebuf.sv2v.v:197$2620 ($add).
Removed top 1 bits (of 15) from port B of cell banked_framebuf.$add$/Users/paulbarcelona/Library/CloudStorage/OneDrive-Personal/GitHub/digital_ip/image_processing/scaler_ips/banked_framebuf/yosys/banked_framebuf.sv2v.v:197$2633 ($add).
Removed top 1 bits (of 2) from port B of cell banked_framebuf.$eq$/Users/paulbarcelona/Library/CloudStorage/OneDrive-Personal/GitHub/digital_ip/image_processing/scaler_ips/banked_framebuf/yosys/banked_framebuf.sv2v.v:194$2638 ($eq).
Removed top 1 bits (of 15) from port B of cell banked_framebuf.$add$/Users/paulbarcelona/Library/CloudStorage/OneDrive-Personal/GitHub/digital_ip/image_processing/scaler_ips/banked_framebuf/yosys/banked_framebuf.sv2v.v:197$2646 ($add).
Removed top 1 bits (of 15) from port B of cell banked_framebuf.$add$/Users/paulbarcelona/Library/CloudStorage/OneDrive-Personal/GitHub/digital_ip/image_processing/scaler_ips/banked_framebuf/yosys/banked_framebuf.sv2v.v:197$2659 ($add).
Removed top 1 bits (of 15) from port B of cell banked_framebuf.$add$/Users/paulbarcelona/Library/CloudStorage/OneDrive-Personal/GitHub/digital_ip/image_processing/scaler_ips/banked_framebuf/yosys/banked_framebuf.sv2v.v:197$2672 ($add).
Removed top 1 bits (of 4) from port B of cell banked_framebuf.$procmux$2860_CMP0 ($eq).
Removed top 1 bits (of 4) from port B of cell banked_framebuf.$procmux$2861_CMP0 ($eq).
Removed top 1 bits (of 4) from port B of cell banked_framebuf.$procmux$2862_CMP0 ($eq).
Removed top 1 bits (of 4) from port B of cell banked_framebuf.$procmux$2863_CMP0 ($eq).
Removed top 2 bits (of 4) from port B of cell banked_framebuf.$procmux$2864_CMP0 ($eq).
Removed top 2 bits (of 4) from port B of cell banked_framebuf.$procmux$2865_CMP0 ($eq).
Removed top 3 bits (of 4) from port B of cell banked_framebuf.$procmux$2866_CMP0 ($eq).
Removed top 1 bits (of 4) from port B of cell banked_framebuf.$procmux$2877_CMP0 ($eq).
Removed top 1 bits (of 4) from port B of cell banked_framebuf.$procmux$2878_CMP0 ($eq).
Removed top 1 bits (of 4) from port B of cell banked_framebuf.$procmux$2879_CMP0 ($eq).
Removed top 1 bits (of 4) from port B of cell banked_framebuf.$procmux$2880_CMP0 ($eq).
Removed top 2 bits (of 4) from port B of cell banked_framebuf.$procmux$2881_CMP0 ($eq).
Removed top 2 bits (of 4) from port B of cell banked_framebuf.$procmux$2882_CMP0 ($eq).
Removed top 3 bits (of 4) from port B of cell banked_framebuf.$procmux$2883_CMP0 ($eq).
Removed top 1 bits (of 4) from port B of cell banked_framebuf.$procmux$2894_CMP0 ($eq).
Removed top 1 bits (of 4) from port B of cell banked_framebuf.$procmux$2895_CMP0 ($eq).
Removed top 1 bits (of 4) from port B of cell banked_framebuf.$procmux$2896_CMP0 ($eq).
Removed top 1 bits (of 4) from port B of cell banked_framebuf.$procmux$2897_CMP0 ($eq).
Removed top 2 bits (of 4) from port B of cell banked_framebuf.$procmux$2898_CMP0 ($eq).
Removed top 2 bits (of 4) from port B of cell banked_framebuf.$procmux$2899_CMP0 ($eq).
Removed top 3 bits (of 4) from port B of cell banked_framebuf.$procmux$2900_CMP0 ($eq).
Removed top 1 bits (of 4) from port B of cell banked_framebuf.$procmux$2911_CMP0 ($eq).
Removed top 1 bits (of 4) from port B of cell banked_framebuf.$procmux$2912_CMP0 ($eq).
Removed top 1 bits (of 4) from port B of cell banked_framebuf.$procmux$2913_CMP0 ($eq).
Removed top 1 bits (of 4) from port B of cell banked_framebuf.$procmux$2914_CMP0 ($eq).
Removed top 2 bits (of 4) from port B of cell banked_framebuf.$procmux$2915_CMP0 ($eq).
Removed top 2 bits (of 4) from port B of cell banked_framebuf.$procmux$2916_CMP0 ($eq).
Removed top 3 bits (of 4) from port B of cell banked_framebuf.$procmux$2917_CMP0 ($eq).
Removed top 1 bits (of 4) from port B of cell banked_framebuf.$procmux$2928_CMP0 ($eq).
Removed top 1 bits (of 4) from port B of cell banked_framebuf.$procmux$2929_CMP0 ($eq).
Removed top 1 bits (of 4) from port B of cell banked_framebuf.$procmux$2930_CMP0 ($eq).
Removed top 1 bits (of 4) from port B of cell banked_framebuf.$procmux$2931_CMP0 ($eq).
Removed top 2 bits (of 4) from port B of cell banked_framebuf.$procmux$2932_CMP0 ($eq).
Removed top 2 bits (of 4) from port B of cell banked_framebuf.$procmux$2933_CMP0 ($eq).
Removed top 3 bits (of 4) from port B of cell banked_framebuf.$procmux$2934_CMP0 ($eq).
Removed top 1 bits (of 4) from port B of cell banked_framebuf.$procmux$2945_CMP0 ($eq).
Removed top 1 bits (of 4) from port B of cell banked_framebuf.$procmux$2946_CMP0 ($eq).
Removed top 1 bits (of 4) from port B of cell banked_framebuf.$procmux$2947_CMP0 ($eq).
Removed top 1 bits (of 4) from port B of cell banked_framebuf.$procmux$2948_CMP0 ($eq).
Removed top 2 bits (of 4) from port B of cell banked_framebuf.$procmux$2949_CMP0 ($eq).
Removed top 2 bits (of 4) from port B of cell banked_framebuf.$procmux$2950_CMP0 ($eq).
Removed top 3 bits (of 4) from port B of cell banked_framebuf.$procmux$2951_CMP0 ($eq).
Removed top 1 bits (of 4) from port B of cell banked_framebuf.$procmux$2962_CMP0 ($eq).
Removed top 1 bits (of 4) from port B of cell banked_framebuf.$procmux$2963_CMP0 ($eq).
Removed top 1 bits (of 4) from port B of cell banked_framebuf.$procmux$2964_CMP0 ($eq).
Removed top 1 bits (of 4) from port B of cell banked_framebuf.$procmux$2965_CMP0 ($eq).
Removed top 2 bits (of 4) from port B of cell banked_framebuf.$procmux$2966_CMP0 ($eq).
Removed top 2 bits (of 4) from port B of cell banked_framebuf.$procmux$2967_CMP0 ($eq).
Removed top 3 bits (of 4) from port B of cell banked_framebuf.$procmux$2968_CMP0 ($eq).
Removed top 1 bits (of 4) from port B of cell banked_framebuf.$procmux$2979_CMP0 ($eq).
Removed top 1 bits (of 4) from port B of cell banked_framebuf.$procmux$2980_CMP0 ($eq).
Removed top 1 bits (of 4) from port B of cell banked_framebuf.$procmux$2981_CMP0 ($eq).
Removed top 1 bits (of 4) from port B of cell banked_framebuf.$procmux$2982_CMP0 ($eq).
Removed top 2 bits (of 4) from port B of cell banked_framebuf.$procmux$2983_CMP0 ($eq).
Removed top 2 bits (of 4) from port B of cell banked_framebuf.$procmux$2984_CMP0 ($eq).
Removed top 3 bits (of 4) from port B of cell banked_framebuf.$procmux$2985_CMP0 ($eq).
Removed top 1 bits (of 4) from port B of cell banked_framebuf.$procmux$2996_CMP0 ($eq).
Removed top 1 bits (of 4) from port B of cell banked_framebuf.$procmux$2997_CMP0 ($eq).
Removed top 1 bits (of 4) from port B of cell banked_framebuf.$procmux$2998_CMP0 ($eq).
Removed top 1 bits (of 4) from port B of cell banked_framebuf.$procmux$2999_CMP0 ($eq).
Removed top 2 bits (of 4) from port B of cell banked_framebuf.$procmux$3000_CMP0 ($eq).
Removed top 2 bits (of 4) from port B of cell banked_framebuf.$procmux$3001_CMP0 ($eq).
Removed top 3 bits (of 4) from port B of cell banked_framebuf.$procmux$3002_CMP0 ($eq).
Removed top 1 bits (of 4) from port B of cell banked_framebuf.$procmux$3013_CMP0 ($eq).
Removed top 1 bits (of 4) from port B of cell banked_framebuf.$procmux$3014_CMP0 ($eq).
Removed top 1 bits (of 4) from port B of cell banked_framebuf.$procmux$3015_CMP0 ($eq).
Removed top 1 bits (of 4) from port B of cell banked_framebuf.$procmux$3016_CMP0 ($eq).
Removed top 2 bits (of 4) from port B of cell banked_framebuf.$procmux$3017_CMP0 ($eq).
Removed top 2 bits (of 4) from port B of cell banked_framebuf.$procmux$3018_CMP0 ($eq).
Removed top 3 bits (of 4) from port B of cell banked_framebuf.$procmux$3019_CMP0 ($eq).
Removed top 1 bits (of 4) from port B of cell banked_framebuf.$procmux$3030_CMP0 ($eq).
Removed top 1 bits (of 4) from port B of cell banked_framebuf.$procmux$3031_CMP0 ($eq).
Removed top 1 bits (of 4) from port B of cell banked_framebuf.$procmux$3032_CMP0 ($eq).
Removed top 1 bits (of 4) from port B of cell banked_framebuf.$procmux$3033_CMP0 ($eq).
Removed top 2 bits (of 4) from port B of cell banked_framebuf.$procmux$3034_CMP0 ($eq).
Removed top 2 bits (of 4) from port B of cell banked_framebuf.$procmux$3035_CMP0 ($eq).
Removed top 3 bits (of 4) from port B of cell banked_framebuf.$procmux$3036_CMP0 ($eq).
Removed top 1 bits (of 4) from port B of cell banked_framebuf.$procmux$3047_CMP0 ($eq).
Removed top 1 bits (of 4) from port B of cell banked_framebuf.$procmux$3048_CMP0 ($eq).
Removed top 1 bits (of 4) from port B of cell banked_framebuf.$procmux$3049_CMP0 ($eq).
Removed top 1 bits (of 4) from port B of cell banked_framebuf.$procmux$3050_CMP0 ($eq).
Removed top 2 bits (of 4) from port B of cell banked_framebuf.$procmux$3051_CMP0 ($eq).
Removed top 2 bits (of 4) from port B of cell banked_framebuf.$procmux$3052_CMP0 ($eq).
Removed top 3 bits (of 4) from port B of cell banked_framebuf.$procmux$3053_CMP0 ($eq).
Removed top 1 bits (of 4) from port B of cell banked_framebuf.$procmux$3064_CMP0 ($eq).
Removed top 1 bits (of 4) from port B of cell banked_framebuf.$procmux$3065_CMP0 ($eq).
Removed top 1 bits (of 4) from port B of cell banked_framebuf.$procmux$3066_CMP0 ($eq).
Removed top 1 bits (of 4) from port B of cell banked_framebuf.$procmux$3067_CMP0 ($eq).
Removed top 2 bits (of 4) from port B of cell banked_framebuf.$procmux$3068_CMP0 ($eq).
Removed top 2 bits (of 4) from port B of cell banked_framebuf.$procmux$3069_CMP0 ($eq).
Removed top 3 bits (of 4) from port B of cell banked_framebuf.$procmux$3070_CMP0 ($eq).
Removed top 1 bits (of 4) from port B of cell banked_framebuf.$procmux$3081_CMP0 ($eq).
Removed top 1 bits (of 4) from port B of cell banked_framebuf.$procmux$3082_CMP0 ($eq).
Removed top 1 bits (of 4) from port B of cell banked_framebuf.$procmux$3083_CMP0 ($eq).
Removed top 1 bits (of 4) from port B of cell banked_framebuf.$procmux$3084_CMP0 ($eq).
Removed top 2 bits (of 4) from port B of cell banked_framebuf.$procmux$3085_CMP0 ($eq).
Removed top 2 bits (of 4) from port B of cell banked_framebuf.$procmux$3086_CMP0 ($eq).
Removed top 3 bits (of 4) from port B of cell banked_framebuf.$procmux$3087_CMP0 ($eq).
Removed top 1 bits (of 4) from port B of cell banked_framebuf.$procmux$3098_CMP0 ($eq).
Removed top 1 bits (of 4) from port B of cell banked_framebuf.$procmux$3099_CMP0 ($eq).
Removed top 1 bits (of 4) from port B of cell banked_framebuf.$procmux$3100_CMP0 ($eq).
Removed top 1 bits (of 4) from port B of cell banked_framebuf.$procmux$3101_CMP0 ($eq).
Removed top 2 bits (of 4) from port B of cell banked_framebuf.$procmux$3102_CMP0 ($eq).
Removed top 2 bits (of 4) from port B of cell banked_framebuf.$procmux$3103_CMP0 ($eq).
Removed top 3 bits (of 4) from port B of cell banked_framebuf.$procmux$3104_CMP0 ($eq).
Removed top 1 bits (of 4) from port B of cell banked_framebuf.$procmux$3115_CMP0 ($eq).
Removed top 1 bits (of 4) from port B of cell banked_framebuf.$procmux$3116_CMP0 ($eq).
Removed top 1 bits (of 4) from port B of cell banked_framebuf.$procmux$3117_CMP0 ($eq).
Removed top 1 bits (of 4) from port B of cell banked_framebuf.$procmux$3118_CMP0 ($eq).
Removed top 2 bits (of 4) from port B of cell banked_framebuf.$procmux$3119_CMP0 ($eq).
Removed top 2 bits (of 4) from port B of cell banked_framebuf.$procmux$3120_CMP0 ($eq).
Removed top 3 bits (of 4) from port B of cell banked_framebuf.$procmux$3121_CMP0 ($eq).
Removed top 14 bits (of 16) from mux cell banked_framebuf.$procmux$3340 ($mux).
Removed top 14 bits (of 16) from mux cell banked_framebuf.$procmux$3349 ($mux).
Removed top 14 bits (of 16) from mux cell banked_framebuf.$procmux$3358 ($mux).
Removed top 14 bits (of 16) from mux cell banked_framebuf.$procmux$3367 ($mux).
Removed top 7 bits (of 17) from port Y of cell banked_framebuf.$mul$/Users/paulbarcelona/Library/CloudStorage/OneDrive-Personal/GitHub/digital_ip/image_processing/scaler_ips/banked_framebuf/yosys/banked_framebuf.sv2v.v:103$2044 ($mul).
Removed top 1 bits (of 18) from port B of cell banked_framebuf.$gt$/Users/paulbarcelona/Library/CloudStorage/OneDrive-Personal/GitHub/digital_ip/image_processing/scaler_ips/banked_framebuf/yosys/banked_framebuf.sv2v.v:77$2215 ($gt).
Removed top 1 bits (of 18) from port B of cell banked_framebuf.$gt$/Users/paulbarcelona/Library/CloudStorage/OneDrive-Personal/GitHub/digital_ip/image_processing/scaler_ips/banked_framebuf/yosys/banked_framebuf.sv2v.v:77$2223 ($gt).
Removed top 1 bits (of 18) from port B of cell banked_framebuf.$gt$/Users/paulbarcelona/Library/CloudStorage/OneDrive-Personal/GitHub/digital_ip/image_processing/scaler_ips/banked_framebuf/yosys/banked_framebuf.sv2v.v:77$2231 ($gt).
Removed top 1 bits (of 18) from port B of cell banked_framebuf.$gt$/Users/paulbarcelona/Library/CloudStorage/OneDrive-Personal/GitHub/digital_ip/image_processing/scaler_ips/banked_framebuf/yosys/banked_framebuf.sv2v.v:77$2239 ($gt).
Removed top 1 bits (of 18) from port B of cell banked_framebuf.$gt$/Users/paulbarcelona/Library/CloudStorage/OneDrive-Personal/GitHub/digital_ip/image_processing/scaler_ips/banked_framebuf/yosys/banked_framebuf.sv2v.v:77$2247 ($gt).
Removed top 1 bits (of 18) from port B of cell banked_framebuf.$gt$/Users/paulbarcelona/Library/CloudStorage/OneDrive-Personal/GitHub/digital_ip/image_processing/scaler_ips/banked_framebuf/yosys/banked_framebuf.sv2v.v:77$2255 ($gt).
Removed top 14 bits (of 16) from wire banked_framebuf.$2\clampc$func$/Users/paulbarcelona/Library/CloudStorage/OneDrive-Personal/GitHub/digital_ip/image_processing/scaler_ips/banked_framebuf/yosys/banked_framebuf.sv2v.v:145$1934.$result[15:0]$2256.
Removed top 14 bits (of 16) from wire banked_framebuf.$2\clampc$func$/Users/paulbarcelona/Library/CloudStorage/OneDrive-Personal/GitHub/digital_ip/image_processing/scaler_ips/banked_framebuf/yosys/banked_framebuf.sv2v.v:144$1931.$result[15:0]$2248.
Removed top 14 bits (of 16) from wire banked_framebuf.$2\clampc$func$/Users/paulbarcelona/Library/CloudStorage/OneDrive-Personal/GitHub/digital_ip/image_processing/scaler_ips/banked_framebuf/yosys/banked_framebuf.sv2v.v:145$1928.$result[15:0]$2240.
Removed top 14 bits (of 16) from wire banked_framebuf.$2\clampc$func$/Users/paulbarcelona/Library/CloudStorage/OneDrive-Personal/GitHub/digital_ip/image_processing/scaler_ips/banked_framebuf/yosys/banked_framebuf.sv2v.v:144$1925.$result[15:0]$2232.
Removed top 30 bits (of 32) from wire banked_framebuf.$sub$/Users/paulbarcelona/Library/CloudStorage/OneDrive-Personal/GitHub/digital_ip/image_processing/scaler_ips/banked_framebuf/yosys/banked_framebuf.sv2v.v:136$2206_Y.
Removed top 30 bits (of 32) from wire banked_framebuf.$sub$/Users/paulbarcelona/Library/CloudStorage/OneDrive-Personal/GitHub/digital_ip/image_processing/scaler_ips/banked_framebuf/yosys/banked_framebuf.sv2v.v:134$2200_Y.
Removed top 30 bits (of 32) from wire banked_framebuf.$sub$/Users/paulbarcelona/Library/CloudStorage/OneDrive-Personal/GitHub/digital_ip/image_processing/scaler_ips/banked_framebuf/yosys/banked_framebuf.sv2v.v:136$2194_Y.
Removed top 30 bits (of 32) from wire banked_framebuf.$sub$/Users/paulbarcelona/Library/CloudStorage/OneDrive-Personal/GitHub/digital_ip/image_processing/scaler_ips/banked_framebuf/yosys/banked_framebuf.sv2v.v:134$2188_Y.
Removed top 30 bits (of 32) from wire banked_framebuf.$sub$/Users/paulbarcelona/Library/CloudStorage/OneDrive-Personal/GitHub/digital_ip/image_processing/scaler_ips/banked_framebuf/yosys/banked_framebuf.sv2v.v:136$2182_Y.
Removed top 30 bits (of 32) from wire banked_framebuf.$sub$/Users/paulbarcelona/Library/CloudStorage/OneDrive-Personal/GitHub/digital_ip/image_processing/scaler_ips/banked_framebuf/yosys/banked_framebuf.sv2v.v:134$2176_Y.
Removed top 30 bits (of 32) from wire banked_framebuf.$sub$/Users/paulbarcelona/Library/CloudStorage/OneDrive-Personal/GitHub/digital_ip/image_processing/scaler_ips/banked_framebuf/yosys/banked_framebuf.sv2v.v:136$2170_Y.
Removed top 30 bits (of 32) from wire banked_framebuf.$sub$/Users/paulbarcelona/Library/CloudStorage/OneDrive-Personal/GitHub/digital_ip/image_processing/scaler_ips/banked_framebuf/yosys/banked_framebuf.sv2v.v:134$2164_Y.
Removed top 14 bits (of 16) from wire banked_framebuf.$0\sv2v_cast_16_signed$func$/Users/paulbarcelona/Library/CloudStorage/OneDrive-Personal/GitHub/digital_ip/image_processing/scaler_ips/banked_framebuf/yosys/banked_framebuf.sv2v.v:136$1917.$result[15:0]$2095.
Removed top 14 bits (of 16) from wire banked_framebuf.$0\sv2v_cast_16_signed$func$/Users/paulbarcelona/Library/CloudStorage/OneDrive-Personal/GitHub/digital_ip/image_processing/scaler_ips/banked_framebuf/yosys/banked_framebuf.sv2v.v:134$1915.$result[15:0]$2091.
Removed top 14 bits (of 16) from wire banked_framebuf.$0\sv2v_cast_16_signed$func$/Users/paulbarcelona/Library/CloudStorage/OneDrive-Personal/GitHub/digital_ip/image_processing/scaler_ips/banked_framebuf/yosys/banked_framebuf.sv2v.v:136$1913.$result[15:0]$2087.
Removed top 14 bits (of 16) from wire banked_framebuf.$0\sv2v_cast_16_signed$func$/Users/paulbarcelona/Library/CloudStorage/OneDrive-Personal/GitHub/digital_ip/image_processing/scaler_ips/banked_framebuf/yosys/banked_framebuf.sv2v.v:134$1911.$result[15:0]$2083.
Removed top 14 bits (of 16) from wire banked_framebuf.$0\sv2v_cast_16_signed$func$/Users/paulbarcelona/Library/CloudStorage/OneDrive-Personal/GitHub/digital_ip/image_processing/scaler_ips/banked_framebuf/yosys/banked_framebuf.sv2v.v:136$1909.$result[15:0]$2079.
Removed top 14 bits (of 16) from wire banked_framebuf.$0\sv2v_cast_16_signed$func$/Users/paulbarcelona/Library/CloudStorage/OneDrive-Personal/GitHub/digital_ip/image_processing/scaler_ips/banked_framebuf/yosys/banked_framebuf.sv2v.v:134$1907.$result[15:0]$2075.
Removed top 14 bits (of 16) from wire banked_framebuf.$0\sv2v_cast_16_signed$func$/Users/paulbarcelona/Library/CloudStorage/OneDrive-Personal/GitHub/digital_ip/image_processing/scaler_ips/banked_framebuf/yosys/banked_framebuf.sv2v.v:136$1905.$result[15:0]$2071.
Removed top 14 bits (of 16) from wire banked_framebuf.$0\sv2v_cast_16_signed$func$/Users/paulbarcelona/Library/CloudStorage/OneDrive-Personal/GitHub/digital_ip/image_processing/scaler_ips/banked_framebuf/yosys/banked_framebuf.sv2v.v:134$1903.$result[15:0]$2067.
Removed top 17 bits (of 32) from wire banked_framebuf.$add$/Users/paulbarcelona/Library/CloudStorage/OneDrive-Personal/GitHub/digital_ip/image_processing/scaler_ips/banked_framebuf/yosys/banked_framebuf.sv2v.v:103$2045_Y.
Removed top 17 bits (of 32) from wire banked_framebuf.$add$/Users/paulbarcelona/Library/CloudStorage/OneDrive-Personal/GitHub/digital_ip/image_processing/scaler_ips/banked_framebuf/yosys/banked_framebuf.sv2v.v:166$2361_Y.
Removed top 17 bits (of 32) from wire banked_framebuf.$add$/Users/paulbarcelona/Library/CloudStorage/OneDrive-Personal/GitHub/digital_ip/image_processing/scaler_ips/banked_framebuf/yosys/banked_framebuf.sv2v.v:166$2367_Y.
Removed top 17 bits (of 32) from wire banked_framebuf.$add$/Users/paulbarcelona/Library/CloudStorage/OneDrive-Personal/GitHub/digital_ip/image_processing/scaler_ips/banked_framebuf/yosys/banked_framebuf.sv2v.v:166$2373_Y.
Removed top 1 bits (of 15) from wire banked_framebuf.colpart_q[3].
Removed top 1 bits (of 15) from wire banked_framebuf.colpart_q[2].
Removed top 1 bits (of 15) from wire banked_framebuf.colpart_q[1].
Removed top 1 bits (of 15) from wire banked_framebuf.colpart_q[0].
Removed top 17 bits (of 32) from wire banked_framebuf.$add$/Users/paulbarcelona/Library/CloudStorage/OneDrive-Personal/GitHub/digital_ip/image_processing/scaler_ips/banked_framebuf/yosys/banked_framebuf.sv2v.v:166$2379_Y.

9.1.11. Executing PEEPOPT pass (run peephole optimizers).

9.1.12. Executing OPT_CLEAN pass (remove unused cells and wires).
Finding unused cells or wires in module \banked_framebuf..
Removed 0 unused cells and 54 unused wires.
<suppressed ~1 debug messages>

9.1.13. Executing SORT pass.

10. pmux2shiftx (normally skipped with -nosrl)

11. Executing PMUX2SHIFTX pass.
Inspecting $pmux cell banked_framebuf/$procmux$2851.
  data width: 24 (next power-of-2 = 32, log2 = 5)
  checking ctrl signal $0$mem2reg_rd$\bank_q$/Users/paulbarcelona/Library/CloudStorage/OneDrive-Personal/GitHub/digital_ip/image_processing/scaler_ips/banked_framebuf/yosys/banked_framebuf.sv2v.v:211$2009_ADDR[3:0]$2415
    best permutation: $0$mem2reg_rd$\bank_q$/Users/paulbarcelona/Library/CloudStorage/OneDrive-Personal/GitHub/digital_ip/image_processing/scaler_ips/banked_framebuf/yosys/banked_framebuf.sv2v.v:211$2009_ADDR[3:0]$2415
    best xor mask: 4'0000
      0: 4'1111 -> 4'1111 -> 4'1111: \bank_q[15]
      1: 4'1110 -> 4'1110 -> 4'1110: \bank_q[14]
      2: 4'1101 -> 4'1101 -> 4'1101: \bank_q[13]
      3: 4'1100 -> 4'1100 -> 4'1100: \bank_q[12]
      4: 4'1011 -> 4'1011 -> 4'1011: \bank_q[11]
      5: 4'1010 -> 4'1010 -> 4'1010: \bank_q[10]
      6: 4'1001 -> 4'1001 -> 4'1001: \bank_q[9]
      7: 4'1000 -> 4'1000 -> 4'1000: \bank_q[8]
      8: 4'0111 -> 4'0111 -> 4'0111: \bank_q[7]
      9: 4'0110 -> 4'0110 -> 4'0110: \bank_q[6]
     10: 4'0101 -> 4'0101 -> 4'0101: \bank_q[5]
     11: 4'0100 -> 4'0100 -> 4'0100: \bank_q[4]
     12: 4'0011 -> 4'0011 -> 4'0011: \bank_q[3]
     13: 4'0010 -> 4'0010 -> 4'0010: \bank_q[2]
     14: 4'0001 -> 4'0001 -> 4'0001: \bank_q[1]
     15: 4'0000 -> 4'0000 -> 4'0000: \bank_q[0]
    choices: 16
    min choice: 0
    max choice: 15
    range density: 100%
    absolute density: 100%
    full density: 100%
    update to full case.
    new min choice: 0
    new max choice: 15
    full case: true
    created $shiftx cell $auto$pmux2shiftx.cc:714:execute$3698.
Inspecting $pmux cell banked_framebuf/$procmux$2868.
  data width: 24 (next power-of-2 = 32, log2 = 5)
  checking ctrl signal $0$mem2reg_rd$\bank_q$/Users/paulbarcelona/Library/CloudStorage/OneDrive-Personal/GitHub/digital_ip/image_processing/scaler_ips/banked_framebuf/yosys/banked_framebuf.sv2v.v:211$2008_ADDR[3:0]$2413
    best permutation: $0$mem2reg_rd$\bank_q$/Users/paulbarcelona/Library/CloudStorage/OneDrive-Personal/GitHub/digital_ip/image_processing/scaler_ips/banked_framebuf/yosys/banked_framebuf.sv2v.v:211$2008_ADDR[3:0]$2413
    best xor mask: 4'0000
      0: 4'1111 -> 4'1111 -> 4'1111: \bank_q[15]
      1: 4'1110 -> 4'1110 -> 4'1110: \bank_q[14]
      2: 4'1101 -> 4'1101 -> 4'1101: \bank_q[13]
      3: 4'1100 -> 4'1100 -> 4'1100: \bank_q[12]
      4: 4'1011 -> 4'1011 -> 4'1011: \bank_q[11]
      5: 4'1010 -> 4'1010 -> 4'1010: \bank_q[10]
      6: 4'1001 -> 4'1001 -> 4'1001: \bank_q[9]
      7: 4'1000 -> 4'1000 -> 4'1000: \bank_q[8]
      8: 4'0111 -> 4'0111 -> 4'0111: \bank_q[7]
      9: 4'0110 -> 4'0110 -> 4'0110: \bank_q[6]
     10: 4'0101 -> 4'0101 -> 4'0101: \bank_q[5]
     11: 4'0100 -> 4'0100 -> 4'0100: \bank_q[4]
     12: 4'0011 -> 4'0011 -> 4'0011: \bank_q[3]
     13: 4'0010 -> 4'0010 -> 4'0010: \bank_q[2]
     14: 4'0001 -> 4'0001 -> 4'0001: \bank_q[1]
     15: 4'0000 -> 4'0000 -> 4'0000: \bank_q[0]
    choices: 16
    min choice: 0
    max choice: 15
    range density: 100%
    absolute density: 100%
    full density: 100%
    update to full case.
    new min choice: 0
    new max choice: 15
    full case: true
    created $shiftx cell $auto$pmux2shiftx.cc:714:execute$3700.
Inspecting $pmux cell banked_framebuf/$procmux$2885.
  data width: 24 (next power-of-2 = 32, log2 = 5)
  checking ctrl signal $0$mem2reg_rd$\bank_q$/Users/paulbarcelona/Library/CloudStorage/OneDrive-Personal/GitHub/digital_ip/image_processing/scaler_ips/banked_framebuf/yosys/banked_framebuf.sv2v.v:211$2007_ADDR[3:0]$2411
    best permutation: $0$mem2reg_rd$\bank_q$/Users/paulbarcelona/Library/CloudStorage/OneDrive-Personal/GitHub/digital_ip/image_processing/scaler_ips/banked_framebuf/yosys/banked_framebuf.sv2v.v:211$2007_ADDR[3:0]$2411
    best xor mask: 4'0000
      0: 4'1111 -> 4'1111 -> 4'1111: \bank_q[15]
      1: 4'1110 -> 4'1110 -> 4'1110: \bank_q[14]
      2: 4'1101 -> 4'1101 -> 4'1101: \bank_q[13]
      3: 4'1100 -> 4'1100 -> 4'1100: \bank_q[12]
      4: 4'1011 -> 4'1011 -> 4'1011: \bank_q[11]
      5: 4'1010 -> 4'1010 -> 4'1010: \bank_q[10]
      6: 4'1001 -> 4'1001 -> 4'1001: \bank_q[9]
      7: 4'1000 -> 4'1000 -> 4'1000: \bank_q[8]
      8: 4'0111 -> 4'0111 -> 4'0111: \bank_q[7]
      9: 4'0110 -> 4'0110 -> 4'0110: \bank_q[6]
     10: 4'0101 -> 4'0101 -> 4'0101: \bank_q[5]
     11: 4'0100 -> 4'0100 -> 4'0100: \bank_q[4]
     12: 4'0011 -> 4'0011 -> 4'0011: \bank_q[3]
     13: 4'0010 -> 4'0010 -> 4'0010: \bank_q[2]
     14: 4'0001 -> 4'0001 -> 4'0001: \bank_q[1]
     15: 4'0000 -> 4'0000 -> 4'0000: \bank_q[0]
    choices: 16
    min choice: 0
    max choice: 15
    range density: 100%
    absolute density: 100%
    full density: 100%
    update to full case.
    new min choice: 0
    new max choice: 15
    full case: true
    created $shiftx cell $auto$pmux2shiftx.cc:714:execute$3702.
Inspecting $pmux cell banked_framebuf/$procmux$2902.
  data width: 24 (next power-of-2 = 32, log2 = 5)
  checking ctrl signal $0$mem2reg_rd$\bank_q$/Users/paulbarcelona/Library/CloudStorage/OneDrive-Personal/GitHub/digital_ip/image_processing/scaler_ips/banked_framebuf/yosys/banked_framebuf.sv2v.v:211$2006_ADDR[3:0]$2409
    best permutation: $0$mem2reg_rd$\bank_q$/Users/paulbarcelona/Library/CloudStorage/OneDrive-Personal/GitHub/digital_ip/image_processing/scaler_ips/banked_framebuf/yosys/banked_framebuf.sv2v.v:211$2006_ADDR[3:0]$2409
    best xor mask: 4'0000
      0: 4'1111 -> 4'1111 -> 4'1111: \bank_q[15]
      1: 4'1110 -> 4'1110 -> 4'1110: \bank_q[14]
      2: 4'1101 -> 4'1101 -> 4'1101: \bank_q[13]
      3: 4'1100 -> 4'1100 -> 4'1100: \bank_q[12]
      4: 4'1011 -> 4'1011 -> 4'1011: \bank_q[11]
      5: 4'1010 -> 4'1010 -> 4'1010: \bank_q[10]
      6: 4'1001 -> 4'1001 -> 4'1001: \bank_q[9]
      7: 4'1000 -> 4'1000 -> 4'1000: \bank_q[8]
      8: 4'0111 -> 4'0111 -> 4'0111: \bank_q[7]
      9: 4'0110 -> 4'0110 -> 4'0110: \bank_q[6]
     10: 4'0101 -> 4'0101 -> 4'0101: \bank_q[5]
     11: 4'0100 -> 4'0100 -> 4'0100: \bank_q[4]
     12: 4'0011 -> 4'0011 -> 4'0011: \bank_q[3]
     13: 4'0010 -> 4'0010 -> 4'0010: \bank_q[2]
     14: 4'0001 -> 4'0001 -> 4'0001: \bank_q[1]
     15: 4'0000 -> 4'0000 -> 4'0000: \bank_q[0]
    choices: 16
    min choice: 0
    max choice: 15
    range density: 100%
    absolute density: 100%
    full density: 100%
    update to full case.
    new min choice: 0
    new max choice: 15
    full case: true
    created $shiftx cell $auto$pmux2shiftx.cc:714:execute$3704.
Inspecting $pmux cell banked_framebuf/$procmux$2919.
  data width: 24 (next power-of-2 = 32, log2 = 5)
  checking ctrl signal $0$mem2reg_rd$\bank_q$/Users/paulbarcelona/Library/CloudStorage/OneDrive-Personal/GitHub/digital_ip/image_processing/scaler_ips/banked_framebuf/yosys/banked_framebuf.sv2v.v:211$2005_ADDR[3:0]$2407
    best permutation: $0$mem2reg_rd$\bank_q$/Users/paulbarcelona/Library/CloudStorage/OneDrive-Personal/GitHub/digital_ip/image_processing/scaler_ips/banked_framebuf/yosys/banked_framebuf.sv2v.v:211$2005_ADDR[3:0]$2407
    best xor mask: 4'0000
      0: 4'1111 -> 4'1111 -> 4'1111: \bank_q[15]
      1: 4'1110 -> 4'1110 -> 4'1110: \bank_q[14]
      2: 4'1101 -> 4'1101 -> 4'1101: \bank_q[13]
      3: 4'1100 -> 4'1100 -> 4'1100: \bank_q[12]
      4: 4'1011 -> 4'1011 -> 4'1011: \bank_q[11]
      5: 4'1010 -> 4'1010 -> 4'1010: \bank_q[10]
      6: 4'1001 -> 4'1001 -> 4'1001: \bank_q[9]
      7: 4'1000 -> 4'1000 -> 4'1000: \bank_q[8]
      8: 4'0111 -> 4'0111 -> 4'0111: \bank_q[7]
      9: 4'0110 -> 4'0110 -> 4'0110: \bank_q[6]
     10: 4'0101 -> 4'0101 -> 4'0101: \bank_q[5]
     11: 4'0100 -> 4'0100 -> 4'0100: \bank_q[4]
     12: 4'0011 -> 4'0011 -> 4'0011: \bank_q[3]
     13: 4'0010 -> 4'0010 -> 4'0010: \bank_q[2]
     14: 4'0001 -> 4'0001 -> 4'0001: \bank_q[1]
     15: 4'0000 -> 4'0000 -> 4'0000: \bank_q[0]
    choices: 16
    min choice: 0
    max choice: 15
    range density: 100%
    absolute density: 100%
    full density: 100%
    update to full case.
    new min choice: 0
    new max choice: 15
    full case: true
    created $shiftx cell $auto$pmux2shiftx.cc:714:execute$3706.
Inspecting $pmux cell banked_framebuf/$procmux$2936.
  data width: 24 (next power-of-2 = 32, log2 = 5)
  checking ctrl signal $0$mem2reg_rd$\bank_q$/Users/paulbarcelona/Library/CloudStorage/OneDrive-Personal/GitHub/digital_ip/image_processing/scaler_ips/banked_framebuf/yosys/banked_framebuf.sv2v.v:211$2004_ADDR[3:0]$2405
    best permutation: $0$mem2reg_rd$\bank_q$/Users/paulbarcelona/Library/CloudStorage/OneDrive-Personal/GitHub/digital_ip/image_processing/scaler_ips/banked_framebuf/yosys/banked_framebuf.sv2v.v:211$2004_ADDR[3:0]$2405
    best xor mask: 4'0000
      0: 4'1111 -> 4'1111 -> 4'1111: \bank_q[15]
      1: 4'1110 -> 4'1110 -> 4'1110: \bank_q[14]
      2: 4'1101 -> 4'1101 -> 4'1101: \bank_q[13]
      3: 4'1100 -> 4'1100 -> 4'1100: \bank_q[12]
      4: 4'1011 -> 4'1011 -> 4'1011: \bank_q[11]
      5: 4'1010 -> 4'1010 -> 4'1010: \bank_q[10]
      6: 4'1001 -> 4'1001 -> 4'1001: \bank_q[9]
      7: 4'1000 -> 4'1000 -> 4'1000: \bank_q[8]
      8: 4'0111 -> 4'0111 -> 4'0111: \bank_q[7]
      9: 4'0110 -> 4'0110 -> 4'0110: \bank_q[6]
     10: 4'0101 -> 4'0101 -> 4'0101: \bank_q[5]
     11: 4'0100 -> 4'0100 -> 4'0100: \bank_q[4]
     12: 4'0011 -> 4'0011 -> 4'0011: \bank_q[3]
     13: 4'0010 -> 4'0010 -> 4'0010: \bank_q[2]
     14: 4'0001 -> 4'0001 -> 4'0001: \bank_q[1]
     15: 4'0000 -> 4'0000 -> 4'0000: \bank_q[0]
    choices: 16
    min choice: 0
    max choice: 15
    range density: 100%
    absolute density: 100%
    full density: 100%
    update to full case.
    new min choice: 0
    new max choice: 15
    full case: true
    created $shiftx cell $auto$pmux2shiftx.cc:714:execute$3708.
Inspecting $pmux cell banked_framebuf/$procmux$2953.
  data width: 24 (next power-of-2 = 32, log2 = 5)
  checking ctrl signal $0$mem2reg_rd$\bank_q$/Users/paulbarcelona/Library/CloudStorage/OneDrive-Personal/GitHub/digital_ip/image_processing/scaler_ips/banked_framebuf/yosys/banked_framebuf.sv2v.v:211$2003_ADDR[3:0]$2403
    best permutation: $0$mem2reg_rd$\bank_q$/Users/paulbarcelona/Library/CloudStorage/OneDrive-Personal/GitHub/digital_ip/image_processing/scaler_ips/banked_framebuf/yosys/banked_framebuf.sv2v.v:211$2003_ADDR[3:0]$2403
    best xor mask: 4'0000
      0: 4'1111 -> 4'1111 -> 4'1111: \bank_q[15]
      1: 4'1110 -> 4'1110 -> 4'1110: \bank_q[14]
      2: 4'1101 -> 4'1101 -> 4'1101: \bank_q[13]
      3: 4'1100 -> 4'1100 -> 4'1100: \bank_q[12]
      4: 4'1011 -> 4'1011 -> 4'1011: \bank_q[11]
      5: 4'1010 -> 4'1010 -> 4'1010: \bank_q[10]
      6: 4'1001 -> 4'1001 -> 4'1001: \bank_q[9]
      7: 4'1000 -> 4'1000 -> 4'1000: \bank_q[8]
      8: 4'0111 -> 4'0111 -> 4'0111: \bank_q[7]
      9: 4'0110 -> 4'0110 -> 4'0110: \bank_q[6]
     10: 4'0101 -> 4'0101 -> 4'0101: \bank_q[5]
     11: 4'0100 -> 4'0100 -> 4'0100: \bank_q[4]
     12: 4'0011 -> 4'0011 -> 4'0011: \bank_q[3]
     13: 4'0010 -> 4'0010 -> 4'0010: \bank_q[2]
     14: 4'0001 -> 4'0001 -> 4'0001: \bank_q[1]
     15: 4'0000 -> 4'0000 -> 4'0000: \bank_q[0]
    choices: 16
    min choice: 0
    max choice: 15
    range density: 100%
    absolute density: 100%
    full density: 100%
    update to full case.
    new min choice: 0
    new max choice: 15
    full case: true
    created $shiftx cell $auto$pmux2shiftx.cc:714:execute$3710.
Inspecting $pmux cell banked_framebuf/$procmux$2970.
  data width: 24 (next power-of-2 = 32, log2 = 5)
  checking ctrl signal $0$mem2reg_rd$\bank_q$/Users/paulbarcelona/Library/CloudStorage/OneDrive-Personal/GitHub/digital_ip/image_processing/scaler_ips/banked_framebuf/yosys/banked_framebuf.sv2v.v:211$2002_ADDR[3:0]$2401
    best permutation: $0$mem2reg_rd$\bank_q$/Users/paulbarcelona/Library/CloudStorage/OneDrive-Personal/GitHub/digital_ip/image_processing/scaler_ips/banked_framebuf/yosys/banked_framebuf.sv2v.v:211$2002_ADDR[3:0]$2401
    best xor mask: 4'0000
      0: 4'1111 -> 4'1111 -> 4'1111: \bank_q[15]
      1: 4'1110 -> 4'1110 -> 4'1110: \bank_q[14]
      2: 4'1101 -> 4'1101 -> 4'1101: \bank_q[13]
      3: 4'1100 -> 4'1100 -> 4'1100: \bank_q[12]
      4: 4'1011 -> 4'1011 -> 4'1011: \bank_q[11]
      5: 4'1010 -> 4'1010 -> 4'1010: \bank_q[10]
      6: 4'1001 -> 4'1001 -> 4'1001: \bank_q[9]
      7: 4'1000 -> 4'1000 -> 4'1000: \bank_q[8]
      8: 4'0111 -> 4'0111 -> 4'0111: \bank_q[7]
      9: 4'0110 -> 4'0110 -> 4'0110: \bank_q[6]
     10: 4'0101 -> 4'0101 -> 4'0101: \bank_q[5]
     11: 4'0100 -> 4'0100 -> 4'0100: \bank_q[4]
     12: 4'0011 -> 4'0011 -> 4'0011: \bank_q[3]
     13: 4'0010 -> 4'0010 -> 4'0010: \bank_q[2]
     14: 4'0001 -> 4'0001 -> 4'0001: \bank_q[1]
     15: 4'0000 -> 4'0000 -> 4'0000: \bank_q[0]
    choices: 16
    min choice: 0
    max choice: 15
    range density: 100%
    absolute density: 100%
    full density: 100%
    update to full case.
    new min choice: 0
    new max choice: 15
    full case: true
    created $shiftx cell $auto$pmux2shiftx.cc:714:execute$3712.
Inspecting $pmux cell banked_framebuf/$procmux$2987.
  data width: 24 (next power-of-2 = 32, log2 = 5)
  checking ctrl signal $0$mem2reg_rd$\bank_q$/Users/paulbarcelona/Library/CloudStorage/OneDrive-Personal/GitHub/digital_ip/image_processing/scaler_ips/banked_framebuf/yosys/banked_framebuf.sv2v.v:211$2001_ADDR[3:0]$2399
    best permutation: $0$mem2reg_rd$\bank_q$/Users/paulbarcelona/Library/CloudStorage/OneDrive-Personal/GitHub/digital_ip/image_processing/scaler_ips/banked_framebuf/yosys/banked_framebuf.sv2v.v:211$2001_ADDR[3:0]$2399
    best xor mask: 4'0000
      0: 4'1111 -> 4'1111 -> 4'1111: \bank_q[15]
      1: 4'1110 -> 4'1110 -> 4'1110: \bank_q[14]
      2: 4'1101 -> 4'1101 -> 4'1101: \bank_q[13]
      3: 4'1100 -> 4'1100 -> 4'1100: \bank_q[12]
      4: 4'1011 -> 4'1011 -> 4'1011: \bank_q[11]
      5: 4'1010 -> 4'1010 -> 4'1010: \bank_q[10]
      6: 4'1001 -> 4'1001 -> 4'1001: \bank_q[9]
      7: 4'1000 -> 4'1000 -> 4'1000: \bank_q[8]
      8: 4'0111 -> 4'0111 -> 4'0111: \bank_q[7]
      9: 4'0110 -> 4'0110 -> 4'0110: \bank_q[6]
     10: 4'0101 -> 4'0101 -> 4'0101: \bank_q[5]
     11: 4'0100 -> 4'0100 -> 4'0100: \bank_q[4]
     12: 4'0011 -> 4'0011 -> 4'0011: \bank_q[3]
     13: 4'0010 -> 4'0010 -> 4'0010: \bank_q[2]
     14: 4'0001 -> 4'0001 -> 4'0001: \bank_q[1]
     15: 4'0000 -> 4'0000 -> 4'0000: \bank_q[0]
    choices: 16
    min choice: 0
    max choice: 15
    range density: 100%
    absolute density: 100%
    full density: 100%
    update to full case.
    new min choice: 0
    new max choice: 15
    full case: true
    created $shiftx cell $auto$pmux2shiftx.cc:714:execute$3714.
Inspecting $pmux cell banked_framebuf/$procmux$3004.
  data width: 24 (next power-of-2 = 32, log2 = 5)
  checking ctrl signal $0$mem2reg_rd$\bank_q$/Users/paulbarcelona/Library/CloudStorage/OneDrive-Personal/GitHub/digital_ip/image_processing/scaler_ips/banked_framebuf/yosys/banked_framebuf.sv2v.v:211$2000_ADDR[3:0]$2397
    best permutation: $0$mem2reg_rd$\bank_q$/Users/paulbarcelona/Library/CloudStorage/OneDrive-Personal/GitHub/digital_ip/image_processing/scaler_ips/banked_framebuf/yosys/banked_framebuf.sv2v.v:211$2000_ADDR[3:0]$2397
    best xor mask: 4'0000
      0: 4'1111 -> 4'1111 -> 4'1111: \bank_q[15]
      1: 4'1110 -> 4'1110 -> 4'1110: \bank_q[14]
      2: 4'1101 -> 4'1101 -> 4'1101: \bank_q[13]
      3: 4'1100 -> 4'1100 -> 4'1100: \bank_q[12]
      4: 4'1011 -> 4'1011 -> 4'1011: \bank_q[11]
      5: 4'1010 -> 4'1010 -> 4'1010: \bank_q[10]
      6: 4'1001 -> 4'1001 -> 4'1001: \bank_q[9]
      7: 4'1000 -> 4'1000 -> 4'1000: \bank_q[8]
      8: 4'0111 -> 4'0111 -> 4'0111: \bank_q[7]
      9: 4'0110 -> 4'0110 -> 4'0110: \bank_q[6]
     10: 4'0101 -> 4'0101 -> 4'0101: \bank_q[5]
     11: 4'0100 -> 4'0100 -> 4'0100: \bank_q[4]
     12: 4'0011 -> 4'0011 -> 4'0011: \bank_q[3]
     13: 4'0010 -> 4'0010 -> 4'0010: \bank_q[2]
     14: 4'0001 -> 4'0001 -> 4'0001: \bank_q[1]
     15: 4'0000 -> 4'0000 -> 4'0000: \bank_q[0]
    choices: 16
    min choice: 0
    max choice: 15
    range density: 100%
    absolute density: 100%
    full density: 100%
    update to full case.
    new min choice: 0
    new max choice: 15
    full case: true
    created $shiftx cell $auto$pmux2shiftx.cc:714:execute$3716.
Inspecting $pmux cell banked_framebuf/$procmux$3021.
  data width: 24 (next power-of-2 = 32, log2 = 5)
  checking ctrl signal $0$mem2reg_rd$\bank_q$/Users/paulbarcelona/Library/CloudStorage/OneDrive-Personal/GitHub/digital_ip/image_processing/scaler_ips/banked_framebuf/yosys/banked_framebuf.sv2v.v:211$1999_ADDR[3:0]$2395
    best permutation: $0$mem2reg_rd$\bank_q$/Users/paulbarcelona/Library/CloudStorage/OneDrive-Personal/GitHub/digital_ip/image_processing/scaler_ips/banked_framebuf/yosys/banked_framebuf.sv2v.v:211$1999_ADDR[3:0]$2395
    best xor mask: 4'0000
      0: 4'1111 -> 4'1111 -> 4'1111: \bank_q[15]
      1: 4'1110 -> 4'1110 -> 4'1110: \bank_q[14]
      2: 4'1101 -> 4'1101 -> 4'1101: \bank_q[13]
      3: 4'1100 -> 4'1100 -> 4'1100: \bank_q[12]
      4: 4'1011 -> 4'1011 -> 4'1011: \bank_q[11]
      5: 4'1010 -> 4'1010 -> 4'1010: \bank_q[10]
      6: 4'1001 -> 4'1001 -> 4'1001: \bank_q[9]
      7: 4'1000 -> 4'1000 -> 4'1000: \bank_q[8]
      8: 4'0111 -> 4'0111 -> 4'0111: \bank_q[7]
      9: 4'0110 -> 4'0110 -> 4'0110: \bank_q[6]
     10: 4'0101 -> 4'0101 -> 4'0101: \bank_q[5]
     11: 4'0100 -> 4'0100 -> 4'0100: \bank_q[4]
     12: 4'0011 -> 4'0011 -> 4'0011: \bank_q[3]
     13: 4'0010 -> 4'0010 -> 4'0010: \bank_q[2]
     14: 4'0001 -> 4'0001 -> 4'0001: \bank_q[1]
     15: 4'0000 -> 4'0000 -> 4'0000: \bank_q[0]
    choices: 16
    min choice: 0
    max choice: 15
    range density: 100%
    absolute density: 100%
    full density: 100%
    update to full case.
    new min choice: 0
    new max choice: 15
    full case: true
    created $shiftx cell $auto$pmux2shiftx.cc:714:execute$3718.
Inspecting $pmux cell banked_framebuf/$procmux$3038.
  data width: 24 (next power-of-2 = 32, log2 = 5)
  checking ctrl signal $0$mem2reg_rd$\bank_q$/Users/paulbarcelona/Library/CloudStorage/OneDrive-Personal/GitHub/digital_ip/image_processing/scaler_ips/banked_framebuf/yosys/banked_framebuf.sv2v.v:211$1998_ADDR[3:0]$2393
    best permutation: $0$mem2reg_rd$\bank_q$/Users/paulbarcelona/Library/CloudStorage/OneDrive-Personal/GitHub/digital_ip/image_processing/scaler_ips/banked_framebuf/yosys/banked_framebuf.sv2v.v:211$1998_ADDR[3:0]$2393
    best xor mask: 4'0000
      0: 4'1111 -> 4'1111 -> 4'1111: \bank_q[15]
      1: 4'1110 -> 4'1110 -> 4'1110: \bank_q[14]
      2: 4'1101 -> 4'1101 -> 4'1101: \bank_q[13]
      3: 4'1100 -> 4'1100 -> 4'1100: \bank_q[12]
      4: 4'1011 -> 4'1011 -> 4'1011: \bank_q[11]
      5: 4'1010 -> 4'1010 -> 4'1010: \bank_q[10]
      6: 4'1001 -> 4'1001 -> 4'1001: \bank_q[9]
      7: 4'1000 -> 4'1000 -> 4'1000: \bank_q[8]
      8: 4'0111 -> 4'0111 -> 4'0111: \bank_q[7]
      9: 4'0110 -> 4'0110 -> 4'0110: \bank_q[6]
     10: 4'0101 -> 4'0101 -> 4'0101: \bank_q[5]
     11: 4'0100 -> 4'0100 -> 4'0100: \bank_q[4]
     12: 4'0011 -> 4'0011 -> 4'0011: \bank_q[3]
     13: 4'0010 -> 4'0010 -> 4'0010: \bank_q[2]
     14: 4'0001 -> 4'0001 -> 4'0001: \bank_q[1]
     15: 4'0000 -> 4'0000 -> 4'0000: \bank_q[0]
    choices: 16
    min choice: 0
    max choice: 15
    range density: 100%
    absolute density: 100%
    full density: 100%
    update to full case.
    new min choice: 0
    new max choice: 15
    full case: true
    created $shiftx cell $auto$pmux2shiftx.cc:714:execute$3720.
Inspecting $pmux cell banked_framebuf/$procmux$3055.
  data width: 24 (next power-of-2 = 32, log2 = 5)
  checking ctrl signal $0$mem2reg_rd$\bank_q$/Users/paulbarcelona/Library/CloudStorage/OneDrive-Personal/GitHub/digital_ip/image_processing/scaler_ips/banked_framebuf/yosys/banked_framebuf.sv2v.v:211$1997_ADDR[3:0]$2391
    best permutation: $0$mem2reg_rd$\bank_q$/Users/paulbarcelona/Library/CloudStorage/OneDrive-Personal/GitHub/digital_ip/image_processing/scaler_ips/banked_framebuf/yosys/banked_framebuf.sv2v.v:211$1997_ADDR[3:0]$2391
    best xor mask: 4'0000
      0: 4'1111 -> 4'1111 -> 4'1111: \bank_q[15]
      1: 4'1110 -> 4'1110 -> 4'1110: \bank_q[14]
      2: 4'1101 -> 4'1101 -> 4'1101: \bank_q[13]
      3: 4'1100 -> 4'1100 -> 4'1100: \bank_q[12]
      4: 4'1011 -> 4'1011 -> 4'1011: \bank_q[11]
      5: 4'1010 -> 4'1010 -> 4'1010: \bank_q[10]
      6: 4'1001 -> 4'1001 -> 4'1001: \bank_q[9]
      7: 4'1000 -> 4'1000 -> 4'1000: \bank_q[8]
      8: 4'0111 -> 4'0111 -> 4'0111: \bank_q[7]
      9: 4'0110 -> 4'0110 -> 4'0110: \bank_q[6]
     10: 4'0101 -> 4'0101 -> 4'0101: \bank_q[5]
     11: 4'0100 -> 4'0100 -> 4'0100: \bank_q[4]
     12: 4'0011 -> 4'0011 -> 4'0011: \bank_q[3]
     13: 4'0010 -> 4'0010 -> 4'0010: \bank_q[2]
     14: 4'0001 -> 4'0001 -> 4'0001: \bank_q[1]
     15: 4'0000 -> 4'0000 -> 4'0000: \bank_q[0]
    choices: 16
    min choice: 0
    max choice: 15
    range density: 100%
    absolute density: 100%
    full density: 100%
    update to full case.
    new min choice: 0
    new max choice: 15
    full case: true
    created $shiftx cell $auto$pmux2shiftx.cc:714:execute$3722.
Inspecting $pmux cell banked_framebuf/$procmux$3072.
  data width: 24 (next power-of-2 = 32, log2 = 5)
  checking ctrl signal $0$mem2reg_rd$\bank_q$/Users/paulbarcelona/Library/CloudStorage/OneDrive-Personal/GitHub/digital_ip/image_processing/scaler_ips/banked_framebuf/yosys/banked_framebuf.sv2v.v:211$1996_ADDR[3:0]$2389
    best permutation: $0$mem2reg_rd$\bank_q$/Users/paulbarcelona/Library/CloudStorage/OneDrive-Personal/GitHub/digital_ip/image_processing/scaler_ips/banked_framebuf/yosys/banked_framebuf.sv2v.v:211$1996_ADDR[3:0]$2389
    best xor mask: 4'0000
      0: 4'1111 -> 4'1111 -> 4'1111: \bank_q[15]
      1: 4'1110 -> 4'1110 -> 4'1110: \bank_q[14]
      2: 4'1101 -> 4'1101 -> 4'1101: \bank_q[13]
      3: 4'1100 -> 4'1100 -> 4'1100: \bank_q[12]
      4: 4'1011 -> 4'1011 -> 4'1011: \bank_q[11]
      5: 4'1010 -> 4'1010 -> 4'1010: \bank_q[10]
      6: 4'1001 -> 4'1001 -> 4'1001: \bank_q[9]
      7: 4'1000 -> 4'1000 -> 4'1000: \bank_q[8]
      8: 4'0111 -> 4'0111 -> 4'0111: \bank_q[7]
      9: 4'0110 -> 4'0110 -> 4'0110: \bank_q[6]
     10: 4'0101 -> 4'0101 -> 4'0101: \bank_q[5]
     11: 4'0100 -> 4'0100 -> 4'0100: \bank_q[4]
     12: 4'0011 -> 4'0011 -> 4'0011: \bank_q[3]
     13: 4'0010 -> 4'0010 -> 4'0010: \bank_q[2]
     14: 4'0001 -> 4'0001 -> 4'0001: \bank_q[1]
     15: 4'0000 -> 4'0000 -> 4'0000: \bank_q[0]
    choices: 16
    min choice: 0
    max choice: 15
    range density: 100%
    absolute density: 100%
    full density: 100%
    update to full case.
    new min choice: 0
    new max choice: 15
    full case: true
    created $shiftx cell $auto$pmux2shiftx.cc:714:execute$3724.
Inspecting $pmux cell banked_framebuf/$procmux$3089.
  data width: 24 (next power-of-2 = 32, log2 = 5)
  checking ctrl signal $0$mem2reg_rd$\bank_q$/Users/paulbarcelona/Library/CloudStorage/OneDrive-Personal/GitHub/digital_ip/image_processing/scaler_ips/banked_framebuf/yosys/banked_framebuf.sv2v.v:211$1995_ADDR[3:0]$2387
    best permutation: $0$mem2reg_rd$\bank_q$/Users/paulbarcelona/Library/CloudStorage/OneDrive-Personal/GitHub/digital_ip/image_processing/scaler_ips/banked_framebuf/yosys/banked_framebuf.sv2v.v:211$1995_ADDR[3:0]$2387
    best xor mask: 4'0000
      0: 4'1111 -> 4'1111 -> 4'1111: \bank_q[15]
      1: 4'1110 -> 4'1110 -> 4'1110: \bank_q[14]
      2: 4'1101 -> 4'1101 -> 4'1101: \bank_q[13]
      3: 4'1100 -> 4'1100 -> 4'1100: \bank_q[12]
      4: 4'1011 -> 4'1011 -> 4'1011: \bank_q[11]
      5: 4'1010 -> 4'1010 -> 4'1010: \bank_q[10]
      6: 4'1001 -> 4'1001 -> 4'1001: \bank_q[9]
      7: 4'1000 -> 4'1000 -> 4'1000: \bank_q[8]
      8: 4'0111 -> 4'0111 -> 4'0111: \bank_q[7]
      9: 4'0110 -> 4'0110 -> 4'0110: \bank_q[6]
     10: 4'0101 -> 4'0101 -> 4'0101: \bank_q[5]
     11: 4'0100 -> 4'0100 -> 4'0100: \bank_q[4]
     12: 4'0011 -> 4'0011 -> 4'0011: \bank_q[3]
     13: 4'0010 -> 4'0010 -> 4'0010: \bank_q[2]
     14: 4'0001 -> 4'0001 -> 4'0001: \bank_q[1]
     15: 4'0000 -> 4'0000 -> 4'0000: \bank_q[0]
    choices: 16
    min choice: 0
    max choice: 15
    range density: 100%
    absolute density: 100%
    full density: 100%
    update to full case.
    new min choice: 0
    new max choice: 15
    full case: true
    created $shiftx cell $auto$pmux2shiftx.cc:714:execute$3726.
Inspecting $pmux cell banked_framebuf/$procmux$3106.
  data width: 24 (next power-of-2 = 32, log2 = 5)
  checking ctrl signal $0$mem2reg_rd$\bank_q$/Users/paulbarcelona/Library/CloudStorage/OneDrive-Personal/GitHub/digital_ip/image_processing/scaler_ips/banked_framebuf/yosys/banked_framebuf.sv2v.v:211$1994_ADDR[3:0]$2385
    best permutation: $0$mem2reg_rd$\bank_q$/Users/paulbarcelona/Library/CloudStorage/OneDrive-Personal/GitHub/digital_ip/image_processing/scaler_ips/banked_framebuf/yosys/banked_framebuf.sv2v.v:211$1994_ADDR[3:0]$2385
    best xor mask: 4'0000
      0: 4'1111 -> 4'1111 -> 4'1111: \bank_q[15]
      1: 4'1110 -> 4'1110 -> 4'1110: \bank_q[14]
      2: 4'1101 -> 4'1101 -> 4'1101: \bank_q[13]
      3: 4'1100 -> 4'1100 -> 4'1100: \bank_q[12]
      4: 4'1011 -> 4'1011 -> 4'1011: \bank_q[11]
      5: 4'1010 -> 4'1010 -> 4'1010: \bank_q[10]
      6: 4'1001 -> 4'1001 -> 4'1001: \bank_q[9]
      7: 4'1000 -> 4'1000 -> 4'1000: \bank_q[8]
      8: 4'0111 -> 4'0111 -> 4'0111: \bank_q[7]
      9: 4'0110 -> 4'0110 -> 4'0110: \bank_q[6]
     10: 4'0101 -> 4'0101 -> 4'0101: \bank_q[5]
     11: 4'0100 -> 4'0100 -> 4'0100: \bank_q[4]
     12: 4'0011 -> 4'0011 -> 4'0011: \bank_q[3]
     13: 4'0010 -> 4'0010 -> 4'0010: \bank_q[2]
     14: 4'0001 -> 4'0001 -> 4'0001: \bank_q[1]
     15: 4'0000 -> 4'0000 -> 4'0000: \bank_q[0]
    choices: 16
    min choice: 0
    max choice: 15
    range density: 100%
    absolute density: 100%
    full density: 100%
    update to full case.
    new min choice: 0
    new max choice: 15
    full case: true
    created $shiftx cell $auto$pmux2shiftx.cc:714:execute$3728.
Removed 256 unused cells and 256 unused wires.

12. Map multipliers to DSP48 blocks (no register/adder packing)

12.1. Executing MEMORY_DFF pass (merging $dff cells to $memrd).
Checking read port `\g_by[0].g_bx[0].mem'[0] in module `\banked_framebuf': merging output FF to cell.
    Write port 0: non-transparent.
Checking read port `\g_by[0].g_bx[1].mem'[0] in module `\banked_framebuf': merging output FF to cell.
    Write port 0: non-transparent.
Checking read port `\g_by[0].g_bx[2].mem'[0] in module `\banked_framebuf': merging output FF to cell.
    Write port 0: non-transparent.
Checking read port `\g_by[0].g_bx[3].mem'[0] in module `\banked_framebuf': merging output FF to cell.
    Write port 0: non-transparent.
Checking read port `\g_by[1].g_bx[0].mem'[0] in module `\banked_framebuf': merging output FF to cell.
    Write port 0: non-transparent.
Checking read port `\g_by[1].g_bx[1].mem'[0] in module `\banked_framebuf': merging output FF to cell.
    Write port 0: non-transparent.
Checking read port `\g_by[1].g_bx[2].mem'[0] in module `\banked_framebuf': merging output FF to cell.
    Write port 0: non-transparent.
Checking read port `\g_by[1].g_bx[3].mem'[0] in module `\banked_framebuf': merging output FF to cell.
    Write port 0: non-transparent.
Checking read port `\g_by[2].g_bx[0].mem'[0] in module `\banked_framebuf': merging output FF to cell.
    Write port 0: non-transparent.
Checking read port `\g_by[2].g_bx[1].mem'[0] in module `\banked_framebuf': merging output FF to cell.
    Write port 0: non-transparent.
Checking read port `\g_by[2].g_bx[2].mem'[0] in module `\banked_framebuf': merging output FF to cell.
    Write port 0: non-transparent.
Checking read port `\g_by[2].g_bx[3].mem'[0] in module `\banked_framebuf': merging output FF to cell.
    Write port 0: non-transparent.
Checking read port `\g_by[3].g_bx[0].mem'[0] in module `\banked_framebuf': merging output FF to cell.
    Write port 0: non-transparent.
Checking read port `\g_by[3].g_bx[1].mem'[0] in module `\banked_framebuf': merging output FF to cell.
    Write port 0: non-transparent.
Checking read port `\g_by[3].g_bx[2].mem'[0] in module `\banked_framebuf': merging output FF to cell.
    Write port 0: non-transparent.
Checking read port `\g_by[3].g_bx[3].mem'[0] in module `\banked_framebuf': merging output FF to cell.
    Write port 0: non-transparent.

12.2. Executing TECHMAP pass (map to technology primitives).

12.2.1. Executing Verilog-2005 frontend: /Applications/oss-cad-suite/libexec/../share/yosys/mul2dsp.v
Parsing Verilog input from `/Applications/oss-cad-suite/libexec/../share/yosys/mul2dsp.v' to AST representation.
Generating RTLIL representation for module `\_80_mul'.
Generating RTLIL representation for module `\_90_soft_mul'.
Successfully finished Verilog frontend.

12.2.2. Executing Verilog-2005 frontend: /Applications/oss-cad-suite/libexec/../share/yosys/xilinx/xc7_dsp_map.v
Parsing Verilog input from `/Applications/oss-cad-suite/libexec/../share/yosys/xilinx/xc7_dsp_map.v' to AST representation.
Generating RTLIL representation for module `$__MUL25X18'.
Successfully finished Verilog frontend.

12.2.3. Continuing TECHMAP pass.
Using template $paramod$b1933d6133b4cb16d188db3e3afc94bac8222075\_80_mul for cells of type $mul.
Using template $paramod$58721692dd3883c336de6b1b05eeea3b179aa431\_80_mul for cells of type $mul.
Using template $paramod$4c845769dff52042efd1f9434876be084f80e51f$__MUL25X18 for cells of type $__MUL25X18.
No more expansions possible.
<suppressed ~121 debug messages>

12.3. Executing OPT_EXPR pass (perform const folding).

12.4. Executing WREDUCE pass (reducing word size of cells).

13. Optimize (coarse grain)

13.1. Executing SYNTH_XILINX pass.

13.1.1. Executing TECHMAP pass (map to technology primitives).

13.1.1.1. Executing Verilog-2005 frontend: /Applications/oss-cad-suite/libexec/../share/yosys/cmp2lut.v
Parsing Verilog input from `/Applications/oss-cad-suite/libexec/../share/yosys/cmp2lut.v' to AST representation.
Generating RTLIL representation for module `\_90_lut_cmp_'.
Successfully finished Verilog frontend.

13.1.1.2. Executing Verilog-2005 frontend: /Applications/oss-cad-suite/libexec/../share/yosys/cmp2lcu.v
Parsing Verilog input from `/Applications/oss-cad-suite/libexec/../share/yosys/cmp2lcu.v' to AST representation.
Generating RTLIL representation for module `\_80_lcu_cmp_'.
Generating RTLIL representation for module `$__CMP2LCU'.
Successfully finished Verilog frontend.

13.1.1.3. Continuing TECHMAP pass.
Using template $paramod$7471c16ccde3ba74bc45d1b0191ea15669d59841\_80_lcu_cmp_ for cells of type $gt.
Using template $paramod$7288b9c0bba4a985b569b5f453d1f9ef5f701008\_80_lcu_cmp_ for cells of type $lt.
Using template $paramod$d9ab45c7f0fcbf2ff319f4a8a8d38f059ace3ee1\_80_lcu_cmp_ for cells of type $gt.
Using template $paramod$7ba114902243d21bd55ce01b611b70b410e2e654$__CMP2LCU for cells of type $__CMP2LCU.
Using template $paramod$9ddb3e2c1274426dc58144252fa7472fcdc25d6e\_80_lcu_cmp_ for cells of type $gt.
Using template $paramod$b46306a27e9895ce77493e6ee30a6a6d326e35b3$__CMP2LCU for cells of type $__CMP2LCU.
Using template $paramod$31b1a571242f9f4829f81336a5502c11fcf7a47e$__CMP2LCU for cells of type $__CMP2LCU.
Using template $paramod$52df7d404f8431bc9602bfd8d399c2cca4f85f65$__CMP2LCU for cells of type $__CMP2LCU.
Using template $paramod$a7131d53dd6033af4f3ef4335d769efa87dc5554$__CMP2LCU for cells of type $__CMP2LCU.
Using template $paramod$7122c373bb4ab1d7b945a769762d7fa3026e99fd$__CMP2LCU for cells of type $__CMP2LCU.
Using template $paramod$62afcb8a8a7fbc70e64cd83bd5a9de66036841f9$__CMP2LCU for cells of type $__CMP2LCU.
Using template $paramod$2a99e84a14333ac301d1302d22e591531167e28f$__CMP2LCU for cells of type $__CMP2LCU.
Using template $paramod$68e7ca95ca1d435d5aa6b2e401153157bceeb4a1$__CMP2LCU for cells of type $__CMP2LCU.
Using template $paramod$3c212a1446f0efc35cc9702b80bd2e6a520e9260$__CMP2LCU for cells of type $__CMP2LCU.
Using template $paramod$e61f4e11642a80345422bf079341627db4762bba$__CMP2LCU for cells of type $__CMP2LCU.
Using template $paramod$1ce9fe9e230307a292c219ac14dd22cc37330d2f$__CMP2LCU for cells of type $__CMP2LCU.
Using template $paramod$88d3a6b06ffc9e0fb7fbe839a68427829ac62380$__CMP2LCU for cells of type $__CMP2LCU.
Using template $paramod$f9991be406cb83323ed300946c99acbed62e996d$__CMP2LCU for cells of type $__CMP2LCU.
Using template $paramod$0de3d8274f0197fb77c79bd31785e7ea6542f21b$__CMP2LCU for cells of type $__CMP2LCU.
Using template $paramod$a4cde4295670c8a69fd4ddd9fb65e206ef8dfd48$__CMP2LCU for cells of type $__CMP2LCU.
Using template $paramod$55f1f239ed1a2f324d15b9e13ff29316169ddd31$__CMP2LCU for cells of type $__CMP2LCU.
Using template $paramod$84911796413521a630725231ea17edc1fc0dcf02$__CMP2LCU for cells of type $__CMP2LCU.
Using template $paramod$12546e818e116eb0906f7dd1022d863d1e30870c$__CMP2LCU for cells of type $__CMP2LCU.
Using template $paramod$9d145638d4df91a716614fce6430becd6dec48e2$__CMP2LCU for cells of type $__CMP2LCU.
Using template $paramod$5eb4a0dbaf2222b6ef39dcca85e4741982855102$__CMP2LCU for cells of type $__CMP2LCU.
Using template $paramod$b5047ed4e7c55354d923f7beb1d7bde92a3052c9$__CMP2LCU for cells of type $__CMP2LCU.
Using template $paramod$0577bd6e3896d2c73700094d6a877decfeb9b5d7$__CMP2LCU for cells of type $__CMP2LCU.
Using template $paramod$7c1994b5db40c652af589ec588d8f67a62bd9380$__CMP2LCU for cells of type $__CMP2LCU.
Using template $paramod$1ae688b9fe11768d046a927f9ac640f68b3d60ba$__CMP2LCU for cells of type $__CMP2LCU.
Using template $paramod$97023d6b043748e80c3f144bf550b1308a48bb56$__CMP2LCU for cells of type $__CMP2LCU.
Using template $paramod$a60672850351e0dbeb479fc7362697b4565fb452$__CMP2LCU for cells of type $__CMP2LCU.
Using template $paramod$314580be7a35a4e2bc49a44268edfde658697895$__CMP2LCU for cells of type $__CMP2LCU.
Using template $paramod$3ec4f31c1985c283a95bc921c10eb80f69c148e8$__CMP2LCU for cells of type $__CMP2LCU.
Using template $paramod$9c853ba77d3a615418bb2553d15b3c214f8d2525$__CMP2LCU for cells of type $__CMP2LCU.
Using template $paramod$4e238c4483a1cdd5d37d108ddbb66445b9c7f417$__CMP2LCU for cells of type $__CMP2LCU.
Using template $paramod$346ec430457e89188203f2ec85d17fcd1086acd5$__CMP2LCU for cells of type $__CMP2LCU.
Using template $paramod$cec77f66a4d8897a287b98157b2c8a8e9c5f9dd0$__CMP2LCU for cells of type $__CMP2LCU.
Using template $paramod$e40de9cbd30cafe007975e92a7ad966218f14cb9$__CMP2LCU for cells of type $__CMP2LCU.
Using template $paramod$4ce2afdaad0187068e8b535a412278f0dd2dd343$__CMP2LCU for cells of type $__CMP2LCU.
Using template $paramod$8157e526e0cb4739ae7b3fdd730271b7acde68f0$__CMP2LCU for cells of type $__CMP2LCU.
Using template $paramod$21c605a22d0167d0ee7cda5ed67a508471cecb23$__CMP2LCU for cells of type $__CMP2LCU.
Using template $paramod$b3d4788a4f801240a149408314f67163a1e702e1$__CMP2LCU for cells of type $__CMP2LCU.
Using template $paramod$58cbbacf63264ad79714b909f7dcafd3ccbc957c$__CMP2LCU for cells of type $__CMP2LCU.
Using template $paramod$366ac0f441ba3515449d9c9234aad527048e54c2$__CMP2LCU for cells of type $__CMP2LCU.
Using template $paramod$8246293714da4ca9d1229d98b12e91d3b01721af$__CMP2LCU for cells of type $__CMP2LCU.
Using template $paramod$3163fe788e80b2c48455a5eff67ff379a8db8576$__CMP2LCU for cells of type $__CMP2LCU.
Using template $paramod$52ff28804479d48b962c0c6368819d3420e08b07$__CMP2LCU for cells of type $__CMP2LCU.
Using template $paramod$8a66e3846b4cc45ebbefe201887db30abc2bdf0c$__CMP2LCU for cells of type $__CMP2LCU.
Using template $paramod$eb3e785e88f4d5608f1252b704619f0d061620e9$__CMP2LCU for cells of type $__CMP2LCU.
Using template $paramod$3ab596a4f70154a44a99f45d85f7351a2bb7a16a$__CMP2LCU for cells of type $__CMP2LCU.
Using template $paramod$472a3801b5ca3cb10fa9aaa40e803c1e9e763705$__CMP2LCU for cells of type $__CMP2LCU.
Using template $paramod$f91eb00affa8600780b6c3973d8a69ce06d163df$__CMP2LCU for cells of type $__CMP2LCU.
Using template $paramod$544c1b05e1c9f0202b744e08eec633775e60d719$__CMP2LCU for cells of type $__CMP2LCU.
Using template $paramod$b45ea66f0b0b8ae6ed5d20ea3e9dde0865f80cbc$__CMP2LCU for cells of type $__CMP2LCU.
Using template $paramod$c3f23b5bb0a3ce78bf2fdfe159e34ea69a3cb907$__CMP2LCU for cells of type $__CMP2LCU.
Using template $paramod$f4b43900c913946944eb825703c33cd9d36cf589$__CMP2LCU for cells of type $__CMP2LCU.
Using template $paramod$dafed3cf5e6072190b92a515db43a200436eea9b$__CMP2LCU for cells of type $__CMP2LCU.
Using template $paramod$5b6ae47d72852e5de4f8381bc51b0a64939f86a0$__CMP2LCU for cells of type $__CMP2LCU.
Using template $paramod$68a62d701a147c3aceaaad40c114f1b8023835a5$__CMP2LCU for cells of type $__CMP2LCU.
Using template $paramod$86beb4985ef3708d0977d776a2ac2f616ccfffde$__CMP2LCU for cells of type $__CMP2LCU.
Using template $paramod$8260b90de545e2d4ced5fd3634cc52b27f0c4454$__CMP2LCU for cells of type $__CMP2LCU.
Using template $paramod$74e86b28a2bcdccb86ee2874622b752292cb5db2$__CMP2LCU for cells of type $__CMP2LCU.
Using template $paramod$b183433237741d5e8ca80068206de94d10c49a9a$__CMP2LCU for cells of type $__CMP2LCU.
Using template $paramod$62fadfd2b95ee4a1ee0b935e9b4ba08c94989766$__CMP2LCU for cells of type $__CMP2LCU.
Using template $paramod$9f0c961df1ad8960b6095eef55db6eaeef308cd6$__CMP2LCU for cells of type $__CMP2LCU.
Using template $paramod$ac5bfb1f4c938e3591f431f4eb2e919d4d9996f9$__CMP2LCU for cells of type $__CMP2LCU.
Using template $paramod$958978196da32f112a582668a1d7787b67706636$__CMP2LCU for cells of type $__CMP2LCU.
Using template $paramod$add18fe8949ac2588623225b473f28e648c3b81e$__CMP2LCU for cells of type $__CMP2LCU.
Using template $paramod$caff8fb34e13b3716b895e1f922c2c61f59c64c3$__CMP2LCU for cells of type $__CMP2LCU.
Using template $paramod$37e9ffa70048587945320b42ae3ff661d2b37a95$__CMP2LCU for cells of type $__CMP2LCU.
Using template $paramod$7e416aec94c2a9fef9e536a7dda8fdcf5d7664ea$__CMP2LCU for cells of type $__CMP2LCU.
No more expansions possible.
<suppressed ~2192 debug messages>

13.1.2. Executing ALUMACC pass (create $alu and $macc cells).
Extracting $alu and $macc cells in module banked_framebuf:
  creating $macc model for $add$/Users/paulbarcelona/Library/CloudStorage/OneDrive-Personal/GitHub/digital_ip/image_processing/scaler_ips/banked_framebuf/yosys/banked_framebuf.sv2v.v:103$2047 ($add).
  creating $macc model for $add$/Users/paulbarcelona/Library/CloudStorage/OneDrive-Personal/GitHub/digital_ip/image_processing/scaler_ips/banked_framebuf/yosys/banked_framebuf.sv2v.v:134$2166 ($add).
  creating $macc model for $add$/Users/paulbarcelona/Library/CloudStorage/OneDrive-Personal/GitHub/digital_ip/image_processing/scaler_ips/banked_framebuf/yosys/banked_framebuf.sv2v.v:134$2178 ($add).
  creating $macc model for $add$/Users/paulbarcelona/Library/CloudStorage/OneDrive-Personal/GitHub/digital_ip/image_processing/scaler_ips/banked_framebuf/yosys/banked_framebuf.sv2v.v:134$2190 ($add).
  creating $macc model for $add$/Users/paulbarcelona/Library/CloudStorage/OneDrive-Personal/GitHub/digital_ip/image_processing/scaler_ips/banked_framebuf/yosys/banked_framebuf.sv2v.v:134$2202 ($add).
  creating $macc model for $add$/Users/paulbarcelona/Library/CloudStorage/OneDrive-Personal/GitHub/digital_ip/image_processing/scaler_ips/banked_framebuf/yosys/banked_framebuf.sv2v.v:136$2172 ($add).
  creating $macc model for $add$/Users/paulbarcelona/Library/CloudStorage/OneDrive-Personal/GitHub/digital_ip/image_processing/scaler_ips/banked_framebuf/yosys/banked_framebuf.sv2v.v:136$2184 ($add).
  creating $macc model for $add$/Users/paulbarcelona/Library/CloudStorage/OneDrive-Personal/GitHub/digital_ip/image_processing/scaler_ips/banked_framebuf/yosys/banked_framebuf.sv2v.v:136$2196 ($add).
  creating $macc model for $add$/Users/paulbarcelona/Library/CloudStorage/OneDrive-Personal/GitHub/digital_ip/image_processing/scaler_ips/banked_framebuf/yosys/banked_framebuf.sv2v.v:136$2208 ($add).
  creating $macc model for $add$/Users/paulbarcelona/Library/CloudStorage/OneDrive-Personal/GitHub/digital_ip/image_processing/scaler_ips/banked_framebuf/yosys/banked_framebuf.sv2v.v:144$2227 ($add).
  creating $macc model for $add$/Users/paulbarcelona/Library/CloudStorage/OneDrive-Personal/GitHub/digital_ip/image_processing/scaler_ips/banked_framebuf/yosys/banked_framebuf.sv2v.v:144$2243 ($add).
  creating $macc model for $add$/Users/paulbarcelona/Library/CloudStorage/OneDrive-Personal/GitHub/digital_ip/image_processing/scaler_ips/banked_framebuf/yosys/banked_framebuf.sv2v.v:144$2259 ($add).
  creating $macc model for $add$/Users/paulbarcelona/Library/CloudStorage/OneDrive-Personal/GitHub/digital_ip/image_processing/scaler_ips/banked_framebuf/yosys/banked_framebuf.sv2v.v:145$2235 ($add).
  creating $macc model for $add$/Users/paulbarcelona/Library/CloudStorage/OneDrive-Personal/GitHub/digital_ip/image_processing/scaler_ips/banked_framebuf/yosys/banked_framebuf.sv2v.v:145$2251 ($add).
  creating $macc model for $add$/Users/paulbarcelona/Library/CloudStorage/OneDrive-Personal/GitHub/digital_ip/image_processing/scaler_ips/banked_framebuf/yosys/banked_framebuf.sv2v.v:145$2267 ($add).
  creating $macc model for $add$/Users/paulbarcelona/Library/CloudStorage/OneDrive-Personal/GitHub/digital_ip/image_processing/scaler_ips/banked_framebuf/yosys/banked_framebuf.sv2v.v:197$2477 ($add).
  creating $macc model for $add$/Users/paulbarcelona/Library/CloudStorage/OneDrive-Personal/GitHub/digital_ip/image_processing/scaler_ips/banked_framebuf/yosys/banked_framebuf.sv2v.v:197$2490 ($add).
  creating $macc model for $add$/Users/paulbarcelona/Library/CloudStorage/OneDrive-Personal/GitHub/digital_ip/image_processing/scaler_ips/banked_framebuf/yosys/banked_framebuf.sv2v.v:197$2503 ($add).
  creating $macc model for $add$/Users/paulbarcelona/Library/CloudStorage/OneDrive-Personal/GitHub/digital_ip/image_processing/scaler_ips/banked_framebuf/yosys/banked_framebuf.sv2v.v:197$2516 ($add).
  creating $macc model for $add$/Users/paulbarcelona/Library/CloudStorage/OneDrive-Personal/GitHub/digital_ip/image_processing/scaler_ips/banked_framebuf/yosys/banked_framebuf.sv2v.v:197$2529 ($add).
  creating $macc model for $add$/Users/paulbarcelona/Library/CloudStorage/OneDrive-Personal/GitHub/digital_ip/image_processing/scaler_ips/banked_framebuf/yosys/banked_framebuf.sv2v.v:197$2542 ($add).
  creating $macc model for $add$/Users/paulbarcelona/Library/CloudStorage/OneDrive-Personal/GitHub/digital_ip/image_processing/scaler_ips/banked_framebuf/yosys/banked_framebuf.sv2v.v:197$2555 ($add).
  creating $macc model for $add$/Users/paulbarcelona/Library/CloudStorage/OneDrive-Personal/GitHub/digital_ip/image_processing/scaler_ips/banked_framebuf/yosys/banked_framebuf.sv2v.v:197$2568 ($add).
  creating $macc model for $add$/Users/paulbarcelona/Library/CloudStorage/OneDrive-Personal/GitHub/digital_ip/image_processing/scaler_ips/banked_framebuf/yosys/banked_framebuf.sv2v.v:197$2581 ($add).
  creating $macc model for $add$/Users/paulbarcelona/Library/CloudStorage/OneDrive-Personal/GitHub/digital_ip/image_processing/scaler_ips/banked_framebuf/yosys/banked_framebuf.sv2v.v:197$2594 ($add).
  creating $macc model for $add$/Users/paulbarcelona/Library/CloudStorage/OneDrive-Personal/GitHub/digital_ip/image_processing/scaler_ips/banked_framebuf/yosys/banked_framebuf.sv2v.v:197$2607 ($add).
  creating $macc model for $add$/Users/paulbarcelona/Library/CloudStorage/OneDrive-Personal/GitHub/digital_ip/image_processing/scaler_ips/banked_framebuf/yosys/banked_framebuf.sv2v.v:197$2620 ($add).
  creating $macc model for $add$/Users/paulbarcelona/Library/CloudStorage/OneDrive-Personal/GitHub/digital_ip/image_processing/scaler_ips/banked_framebuf/yosys/banked_framebuf.sv2v.v:197$2633 ($add).
  creating $macc model for $add$/Users/paulbarcelona/Library/CloudStorage/OneDrive-Personal/GitHub/digital_ip/image_processing/scaler_ips/banked_framebuf/yosys/banked_framebuf.sv2v.v:197$2646 ($add).
  creating $macc model for $add$/Users/paulbarcelona/Library/CloudStorage/OneDrive-Personal/GitHub/digital_ip/image_processing/scaler_ips/banked_framebuf/yosys/banked_framebuf.sv2v.v:197$2659 ($add).
  creating $macc model for $add$/Users/paulbarcelona/Library/CloudStorage/OneDrive-Personal/GitHub/digital_ip/image_processing/scaler_ips/banked_framebuf/yosys/banked_framebuf.sv2v.v:197$2672 ($add).
  creating $macc model for $add$/Users/paulbarcelona/Library/CloudStorage/OneDrive-Personal/GitHub/digital_ip/image_processing/scaler_ips/banked_framebuf/yosys/banked_framebuf.sv2v.v:211$2418 ($add).
  creating $macc model for $add$/Users/paulbarcelona/Library/CloudStorage/OneDrive-Personal/GitHub/digital_ip/image_processing/scaler_ips/banked_framebuf/yosys/banked_framebuf.sv2v.v:211$2421 ($add).
  creating $macc model for $add$/Users/paulbarcelona/Library/CloudStorage/OneDrive-Personal/GitHub/digital_ip/image_processing/scaler_ips/banked_framebuf/yosys/banked_framebuf.sv2v.v:211$2424 ($add).
  creating $macc model for $add$/Users/paulbarcelona/Library/CloudStorage/OneDrive-Personal/GitHub/digital_ip/image_processing/scaler_ips/banked_framebuf/yosys/banked_framebuf.sv2v.v:211$2427 ($add).
  creating $macc model for $add$/Users/paulbarcelona/Library/CloudStorage/OneDrive-Personal/GitHub/digital_ip/image_processing/scaler_ips/banked_framebuf/yosys/banked_framebuf.sv2v.v:211$2430 ($add).
  creating $macc model for $add$/Users/paulbarcelona/Library/CloudStorage/OneDrive-Personal/GitHub/digital_ip/image_processing/scaler_ips/banked_framebuf/yosys/banked_framebuf.sv2v.v:211$2433 ($add).
  creating $macc model for $add$/Users/paulbarcelona/Library/CloudStorage/OneDrive-Personal/GitHub/digital_ip/image_processing/scaler_ips/banked_framebuf/yosys/banked_framebuf.sv2v.v:211$2436 ($add).
  creating $macc model for $add$/Users/paulbarcelona/Library/CloudStorage/OneDrive-Personal/GitHub/digital_ip/image_processing/scaler_ips/banked_framebuf/yosys/banked_framebuf.sv2v.v:211$2439 ($add).
  creating $macc model for $add$/Users/paulbarcelona/Library/CloudStorage/OneDrive-Personal/GitHub/digital_ip/image_processing/scaler_ips/banked_framebuf/yosys/banked_framebuf.sv2v.v:211$2442 ($add).
  creating $macc model for $add$/Users/paulbarcelona/Library/CloudStorage/OneDrive-Personal/GitHub/digital_ip/image_processing/scaler_ips/banked_framebuf/yosys/banked_framebuf.sv2v.v:211$2445 ($add).
  creating $macc model for $add$/Users/paulbarcelona/Library/CloudStorage/OneDrive-Personal/GitHub/digital_ip/image_processing/scaler_ips/banked_framebuf/yosys/banked_framebuf.sv2v.v:211$2448 ($add).
  creating $macc model for $add$/Users/paulbarcelona/Library/CloudStorage/OneDrive-Personal/GitHub/digital_ip/image_processing/scaler_ips/banked_framebuf/yosys/banked_framebuf.sv2v.v:211$2451 ($add).
  creating $macc model for $add$/Users/paulbarcelona/Library/CloudStorage/OneDrive-Personal/GitHub/digital_ip/image_processing/scaler_ips/banked_framebuf/yosys/banked_framebuf.sv2v.v:211$2454 ($add).
  creating $macc model for $add$/Users/paulbarcelona/Library/CloudStorage/OneDrive-Personal/GitHub/digital_ip/image_processing/scaler_ips/banked_framebuf/yosys/banked_framebuf.sv2v.v:211$2457 ($add).
  creating $macc model for $add$/Users/paulbarcelona/Library/CloudStorage/OneDrive-Personal/GitHub/digital_ip/image_processing/scaler_ips/banked_framebuf/yosys/banked_framebuf.sv2v.v:211$2460 ($add).
  creating $macc model for $add$/Users/paulbarcelona/Library/CloudStorage/OneDrive-Personal/GitHub/digital_ip/image_processing/scaler_ips/banked_framebuf/yosys/banked_framebuf.sv2v.v:211$2463 ($add).
  creating $macc model for $sub$/Users/paulbarcelona/Library/CloudStorage/OneDrive-Personal/GitHub/digital_ip/image_processing/scaler_ips/banked_framebuf/yosys/banked_framebuf.sv2v.v:134$2164 ($sub).
  creating $macc model for $sub$/Users/paulbarcelona/Library/CloudStorage/OneDrive-Personal/GitHub/digital_ip/image_processing/scaler_ips/banked_framebuf/yosys/banked_framebuf.sv2v.v:134$2176 ($sub).
  creating $macc model for $sub$/Users/paulbarcelona/Library/CloudStorage/OneDrive-Personal/GitHub/digital_ip/image_processing/scaler_ips/banked_framebuf/yosys/banked_framebuf.sv2v.v:134$2188 ($sub).
  creating $macc model for $sub$/Users/paulbarcelona/Library/CloudStorage/OneDrive-Personal/GitHub/digital_ip/image_processing/scaler_ips/banked_framebuf/yosys/banked_framebuf.sv2v.v:134$2200 ($sub).
  creating $macc model for $sub$/Users/paulbarcelona/Library/CloudStorage/OneDrive-Personal/GitHub/digital_ip/image_processing/scaler_ips/banked_framebuf/yosys/banked_framebuf.sv2v.v:136$2170 ($sub).
  creating $macc model for $sub$/Users/paulbarcelona/Library/CloudStorage/OneDrive-Personal/GitHub/digital_ip/image_processing/scaler_ips/banked_framebuf/yosys/banked_framebuf.sv2v.v:136$2182 ($sub).
  creating $macc model for $sub$/Users/paulbarcelona/Library/CloudStorage/OneDrive-Personal/GitHub/digital_ip/image_processing/scaler_ips/banked_framebuf/yosys/banked_framebuf.sv2v.v:136$2194 ($sub).
  creating $macc model for $sub$/Users/paulbarcelona/Library/CloudStorage/OneDrive-Personal/GitHub/digital_ip/image_processing/scaler_ips/banked_framebuf/yosys/banked_framebuf.sv2v.v:136$2206 ($sub).
  creating $macc model for $sub$/Users/paulbarcelona/Library/CloudStorage/OneDrive-Personal/GitHub/digital_ip/image_processing/scaler_ips/banked_framebuf/yosys/banked_framebuf.sv2v.v:77$2262 ($sub).
  creating $macc model for $sub$/Users/paulbarcelona/Library/CloudStorage/OneDrive-Personal/GitHub/digital_ip/image_processing/scaler_ips/banked_framebuf/yosys/banked_framebuf.sv2v.v:77$2270 ($sub).
  creating $macc model for $sub$/Users/paulbarcelona/Library/CloudStorage/OneDrive-Personal/GitHub/digital_ip/image_processing/scaler_ips/banked_framebuf/yosys/banked_framebuf.sv2v.v:78$2265 ($sub).
  creating $macc model for $sub$/Users/paulbarcelona/Library/CloudStorage/OneDrive-Personal/GitHub/digital_ip/image_processing/scaler_ips/banked_framebuf/yosys/banked_framebuf.sv2v.v:78$2273 ($sub).
  creating $alu model for $macc $sub$/Users/paulbarcelona/Library/CloudStorage/OneDrive-Personal/GitHub/digital_ip/image_processing/scaler_ips/banked_framebuf/yosys/banked_framebuf.sv2v.v:78$2273.
  creating $alu model for $macc $sub$/Users/paulbarcelona/Library/CloudStorage/OneDrive-Personal/GitHub/digital_ip/image_processing/scaler_ips/banked_framebuf/yosys/banked_framebuf.sv2v.v:78$2265.
  creating $alu model for $macc $sub$/Users/paulbarcelona/Library/CloudStorage/OneDrive-Personal/GitHub/digital_ip/image_processing/scaler_ips/banked_framebuf/yosys/banked_framebuf.sv2v.v:77$2270.
  creating $alu model for $macc $sub$/Users/paulbarcelona/Library/CloudStorage/OneDrive-Personal/GitHub/digital_ip/image_processing/scaler_ips/banked_framebuf/yosys/banked_framebuf.sv2v.v:77$2262.
  creating $alu model for $macc $sub$/Users/paulbarcelona/Library/CloudStorage/OneDrive-Personal/GitHub/digital_ip/image_processing/scaler_ips/banked_framebuf/yosys/banked_framebuf.sv2v.v:136$2206.
  creating $alu model for $macc $sub$/Users/paulbarcelona/Library/CloudStorage/OneDrive-Personal/GitHub/digital_ip/image_processing/scaler_ips/banked_framebuf/yosys/banked_framebuf.sv2v.v:136$2194.
  creating $alu model for $macc $sub$/Users/paulbarcelona/Library/CloudStorage/OneDrive-Personal/GitHub/digital_ip/image_processing/scaler_ips/banked_framebuf/yosys/banked_framebuf.sv2v.v:136$2182.
  creating $alu model for $macc $sub$/Users/paulbarcelona/Library/CloudStorage/OneDrive-Personal/GitHub/digital_ip/image_processing/scaler_ips/banked_framebuf/yosys/banked_framebuf.sv2v.v:136$2170.
  creating $alu model for $macc $sub$/Users/paulbarcelona/Library/CloudStorage/OneDrive-Personal/GitHub/digital_ip/image_processing/scaler_ips/banked_framebuf/yosys/banked_framebuf.sv2v.v:134$2200.
  creating $alu model for $macc $sub$/Users/paulbarcelona/Library/CloudStorage/OneDrive-Personal/GitHub/digital_ip/image_processing/scaler_ips/banked_framebuf/yosys/banked_framebuf.sv2v.v:134$2188.
  creating $alu model for $macc $sub$/Users/paulbarcelona/Library/CloudStorage/OneDrive-Personal/GitHub/digital_ip/image_processing/scaler_ips/banked_framebuf/yosys/banked_framebuf.sv2v.v:134$2176.
  creating $alu model for $macc $sub$/Users/paulbarcelona/Library/CloudStorage/OneDrive-Personal/GitHub/digital_ip/image_processing/scaler_ips/banked_framebuf/yosys/banked_framebuf.sv2v.v:134$2164.
  creating $alu model for $macc $add$/Users/paulbarcelona/Library/CloudStorage/OneDrive-Personal/GitHub/digital_ip/image_processing/scaler_ips/banked_framebuf/yosys/banked_framebuf.sv2v.v:211$2463.
  creating $alu model for $macc $add$/Users/paulbarcelona/Library/CloudStorage/OneDrive-Personal/GitHub/digital_ip/image_processing/scaler_ips/banked_framebuf/yosys/banked_framebuf.sv2v.v:211$2460.
  creating $alu model for $macc $add$/Users/paulbarcelona/Library/CloudStorage/OneDrive-Personal/GitHub/digital_ip/image_processing/scaler_ips/banked_framebuf/yosys/banked_framebuf.sv2v.v:211$2457.
  creating $alu model for $macc $add$/Users/paulbarcelona/Library/CloudStorage/OneDrive-Personal/GitHub/digital_ip/image_processing/scaler_ips/banked_framebuf/yosys/banked_framebuf.sv2v.v:211$2454.
  creating $alu model for $macc $add$/Users/paulbarcelona/Library/CloudStorage/OneDrive-Personal/GitHub/digital_ip/image_processing/scaler_ips/banked_framebuf/yosys/banked_framebuf.sv2v.v:211$2451.
  creating $alu model for $macc $add$/Users/paulbarcelona/Library/CloudStorage/OneDrive-Personal/GitHub/digital_ip/image_processing/scaler_ips/banked_framebuf/yosys/banked_framebuf.sv2v.v:211$2448.
  creating $alu model for $macc $add$/Users/paulbarcelona/Library/CloudStorage/OneDrive-Personal/GitHub/digital_ip/image_processing/scaler_ips/banked_framebuf/yosys/banked_framebuf.sv2v.v:211$2445.
  creating $alu model for $macc $add$/Users/paulbarcelona/Library/CloudStorage/OneDrive-Personal/GitHub/digital_ip/image_processing/scaler_ips/banked_framebuf/yosys/banked_framebuf.sv2v.v:211$2442.
  creating $alu model for $macc $add$/Users/paulbarcelona/Library/CloudStorage/OneDrive-Personal/GitHub/digital_ip/image_processing/scaler_ips/banked_framebuf/yosys/banked_framebuf.sv2v.v:211$2439.
  creating $alu model for $macc $add$/Users/paulbarcelona/Library/CloudStorage/OneDrive-Personal/GitHub/digital_ip/image_processing/scaler_ips/banked_framebuf/yosys/banked_framebuf.sv2v.v:211$2436.
  creating $alu model for $macc $add$/Users/paulbarcelona/Library/CloudStorage/OneDrive-Personal/GitHub/digital_ip/image_processing/scaler_ips/banked_framebuf/yosys/banked_framebuf.sv2v.v:211$2433.
  creating $alu model for $macc $add$/Users/paulbarcelona/Library/CloudStorage/OneDrive-Personal/GitHub/digital_ip/image_processing/scaler_ips/banked_framebuf/yosys/banked_framebuf.sv2v.v:211$2430.
  creating $alu model for $macc $add$/Users/paulbarcelona/Library/CloudStorage/OneDrive-Personal/GitHub/digital_ip/image_processing/scaler_ips/banked_framebuf/yosys/banked_framebuf.sv2v.v:211$2427.
  creating $alu model for $macc $add$/Users/paulbarcelona/Library/CloudStorage/OneDrive-Personal/GitHub/digital_ip/image_processing/scaler_ips/banked_framebuf/yosys/banked_framebuf.sv2v.v:211$2424.
  creating $alu model for $macc $add$/Users/paulbarcelona/Library/CloudStorage/OneDrive-Personal/GitHub/digital_ip/image_processing/scaler_ips/banked_framebuf/yosys/banked_framebuf.sv2v.v:211$2421.
  creating $alu model for $macc $add$/Users/paulbarcelona/Library/CloudStorage/OneDrive-Personal/GitHub/digital_ip/image_processing/scaler_ips/banked_framebuf/yosys/banked_framebuf.sv2v.v:211$2418.
  creating $alu model for $macc $add$/Users/paulbarcelona/Library/CloudStorage/OneDrive-Personal/GitHub/digital_ip/image_processing/scaler_ips/banked_framebuf/yosys/banked_framebuf.sv2v.v:197$2672.
  creating $alu model for $macc $add$/Users/paulbarcelona/Library/CloudStorage/OneDrive-Personal/GitHub/digital_ip/image_processing/scaler_ips/banked_framebuf/yosys/banked_framebuf.sv2v.v:197$2659.
  creating $alu model for $macc $add$/Users/paulbarcelona/Library/CloudStorage/OneDrive-Personal/GitHub/digital_ip/image_processing/scaler_ips/banked_framebuf/yosys/banked_framebuf.sv2v.v:197$2646.
  creating $alu model for $macc $add$/Users/paulbarcelona/Library/CloudStorage/OneDrive-Personal/GitHub/digital_ip/image_processing/scaler_ips/banked_framebuf/yosys/banked_framebuf.sv2v.v:197$2633.
  creating $alu model for $macc $add$/Users/paulbarcelona/Library/CloudStorage/OneDrive-Personal/GitHub/digital_ip/image_processing/scaler_ips/banked_framebuf/yosys/banked_framebuf.sv2v.v:197$2620.
  creating $alu model for $macc $add$/Users/paulbarcelona/Library/CloudStorage/OneDrive-Personal/GitHub/digital_ip/image_processing/scaler_ips/banked_framebuf/yosys/banked_framebuf.sv2v.v:197$2607.
  creating $alu model for $macc $add$/Users/paulbarcelona/Library/CloudStorage/OneDrive-Personal/GitHub/digital_ip/image_processing/scaler_ips/banked_framebuf/yosys/banked_framebuf.sv2v.v:197$2594.
  creating $alu model for $macc $add$/Users/paulbarcelona/Library/CloudStorage/OneDrive-Personal/GitHub/digital_ip/image_processing/scaler_ips/banked_framebuf/yosys/banked_framebuf.sv2v.v:197$2581.
  creating $alu model for $macc $add$/Users/paulbarcelona/Library/CloudStorage/OneDrive-Personal/GitHub/digital_ip/image_processing/scaler_ips/banked_framebuf/yosys/banked_framebuf.sv2v.v:197$2568.
  creating $alu model for $macc $add$/Users/paulbarcelona/Library/CloudStorage/OneDrive-Personal/GitHub/digital_ip/image_processing/scaler_ips/banked_framebuf/yosys/banked_framebuf.sv2v.v:197$2555.
  creating $alu model for $macc $add$/Users/paulbarcelona/Library/CloudStorage/OneDrive-Personal/GitHub/digital_ip/image_processing/scaler_ips/banked_framebuf/yosys/banked_framebuf.sv2v.v:197$2542.
  creating $alu model for $macc $add$/Users/paulbarcelona/Library/CloudStorage/OneDrive-Personal/GitHub/digital_ip/image_processing/scaler_ips/banked_framebuf/yosys/banked_framebuf.sv2v.v:197$2529.
  creating $alu model for $macc $add$/Users/paulbarcelona/Library/CloudStorage/OneDrive-Personal/GitHub/digital_ip/image_processing/scaler_ips/banked_framebuf/yosys/banked_framebuf.sv2v.v:197$2516.
  creating $alu model for $macc $add$/Users/paulbarcelona/Library/CloudStorage/OneDrive-Personal/GitHub/digital_ip/image_processing/scaler_ips/banked_framebuf/yosys/banked_framebuf.sv2v.v:197$2503.
  creating $alu model for $macc $add$/Users/paulbarcelona/Library/CloudStorage/OneDrive-Personal/GitHub/digital_ip/image_processing/scaler_ips/banked_framebuf/yosys/banked_framebuf.sv2v.v:197$2490.
  creating $alu model for $macc $add$/Users/paulbarcelona/Library/CloudStorage/OneDrive-Personal/GitHub/digital_ip/image_processing/scaler_ips/banked_framebuf/yosys/banked_framebuf.sv2v.v:197$2477.
  creating $alu model for $macc $add$/Users/paulbarcelona/Library/CloudStorage/OneDrive-Personal/GitHub/digital_ip/image_processing/scaler_ips/banked_framebuf/yosys/banked_framebuf.sv2v.v:145$2267.
  creating $alu model for $macc $add$/Users/paulbarcelona/Library/CloudStorage/OneDrive-Personal/GitHub/digital_ip/image_processing/scaler_ips/banked_framebuf/yosys/banked_framebuf.sv2v.v:145$2251.
  creating $alu model for $macc $add$/Users/paulbarcelona/Library/CloudStorage/OneDrive-Personal/GitHub/digital_ip/image_processing/scaler_ips/banked_framebuf/yosys/banked_framebuf.sv2v.v:145$2235.
  creating $alu model for $macc $add$/Users/paulbarcelona/Library/CloudStorage/OneDrive-Personal/GitHub/digital_ip/image_processing/scaler_ips/banked_framebuf/yosys/banked_framebuf.sv2v.v:144$2259.
  creating $alu model for $macc $add$/Users/paulbarcelona/Library/CloudStorage/OneDrive-Personal/GitHub/digital_ip/image_processing/scaler_ips/banked_framebuf/yosys/banked_framebuf.sv2v.v:144$2243.
  creating $alu model for $macc $add$/Users/paulbarcelona/Library/CloudStorage/OneDrive-Personal/GitHub/digital_ip/image_processing/scaler_ips/banked_framebuf/yosys/banked_framebuf.sv2v.v:144$2227.
  creating $alu model for $macc $add$/Users/paulbarcelona/Library/CloudStorage/OneDrive-Personal/GitHub/digital_ip/image_processing/scaler_ips/banked_framebuf/yosys/banked_framebuf.sv2v.v:136$2208.
  creating $alu model for $macc $add$/Users/paulbarcelona/Library/CloudStorage/OneDrive-Personal/GitHub/digital_ip/image_processing/scaler_ips/banked_framebuf/yosys/banked_framebuf.sv2v.v:136$2196.
  creating $alu model for $macc $add$/Users/paulbarcelona/Library/CloudStorage/OneDrive-Personal/GitHub/digital_ip/image_processing/scaler_ips/banked_framebuf/yosys/banked_framebuf.sv2v.v:136$2184.
  creating $alu model for $macc $add$/Users/paulbarcelona/Library/CloudStorage/OneDrive-Personal/GitHub/digital_ip/image_processing/scaler_ips/banked_framebuf/yosys/banked_framebuf.sv2v.v:136$2172.
  creating $alu model for $macc $add$/Users/paulbarcelona/Library/CloudStorage/OneDrive-Personal/GitHub/digital_ip/image_processing/scaler_ips/banked_framebuf/yosys/banked_framebuf.sv2v.v:134$2202.
  creating $alu model for $macc $add$/Users/paulbarcelona/Library/CloudStorage/OneDrive-Personal/GitHub/digital_ip/image_processing/scaler_ips/banked_framebuf/yosys/banked_framebuf.sv2v.v:134$2190.
  creating $alu model for $macc $add$/Users/paulbarcelona/Library/CloudStorage/OneDrive-Personal/GitHub/digital_ip/image_processing/scaler_ips/banked_framebuf/yosys/banked_framebuf.sv2v.v:134$2178.
  creating $alu model for $macc $add$/Users/paulbarcelona/Library/CloudStorage/OneDrive-Personal/GitHub/digital_ip/image_processing/scaler_ips/banked_framebuf/yosys/banked_framebuf.sv2v.v:134$2166.
  creating $alu model for $macc $add$/Users/paulbarcelona/Library/CloudStorage/OneDrive-Personal/GitHub/digital_ip/image_processing/scaler_ips/banked_framebuf/yosys/banked_framebuf.sv2v.v:103$2047.
  creating $alu cell for $add$/Users/paulbarcelona/Library/CloudStorage/OneDrive-Personal/GitHub/digital_ip/image_processing/scaler_ips/banked_framebuf/yosys/banked_framebuf.sv2v.v:103$2047: $auto$alumacc.cc:576:replace_alu$5023
  creating $alu cell for $add$/Users/paulbarcelona/Library/CloudStorage/OneDrive-Personal/GitHub/digital_ip/image_processing/scaler_ips/banked_framebuf/yosys/banked_framebuf.sv2v.v:134$2166: $auto$alumacc.cc:576:replace_alu$5026
  creating $alu cell for $add$/Users/paulbarcelona/Library/CloudStorage/OneDrive-Personal/GitHub/digital_ip/image_processing/scaler_ips/banked_framebuf/yosys/banked_framebuf.sv2v.v:134$2178: $auto$alumacc.cc:576:replace_alu$5029
  creating $alu cell for $add$/Users/paulbarcelona/Library/CloudStorage/OneDrive-Personal/GitHub/digital_ip/image_processing/scaler_ips/banked_framebuf/yosys/banked_framebuf.sv2v.v:134$2190: $auto$alumacc.cc:576:replace_alu$5032
  creating $alu cell for $add$/Users/paulbarcelona/Library/CloudStorage/OneDrive-Personal/GitHub/digital_ip/image_processing/scaler_ips/banked_framebuf/yosys/banked_framebuf.sv2v.v:134$2202: $auto$alumacc.cc:576:replace_alu$5035
  creating $alu cell for $add$/Users/paulbarcelona/Library/CloudStorage/OneDrive-Personal/GitHub/digital_ip/image_processing/scaler_ips/banked_framebuf/yosys/banked_framebuf.sv2v.v:136$2172: $auto$alumacc.cc:576:replace_alu$5038
  creating $alu cell for $add$/Users/paulbarcelona/Library/CloudStorage/OneDrive-Personal/GitHub/digital_ip/image_processing/scaler_ips/banked_framebuf/yosys/banked_framebuf.sv2v.v:136$2184: $auto$alumacc.cc:576:replace_alu$5041
  creating $alu cell for $add$/Users/paulbarcelona/Library/CloudStorage/OneDrive-Personal/GitHub/digital_ip/image_processing/scaler_ips/banked_framebuf/yosys/banked_framebuf.sv2v.v:136$2196: $auto$alumacc.cc:576:replace_alu$5044
  creating $alu cell for $add$/Users/paulbarcelona/Library/CloudStorage/OneDrive-Personal/GitHub/digital_ip/image_processing/scaler_ips/banked_framebuf/yosys/banked_framebuf.sv2v.v:136$2208: $auto$alumacc.cc:576:replace_alu$5047
  creating $alu cell for $add$/Users/paulbarcelona/Library/CloudStorage/OneDrive-Personal/GitHub/digital_ip/image_processing/scaler_ips/banked_framebuf/yosys/banked_framebuf.sv2v.v:144$2227: $auto$alumacc.cc:576:replace_alu$5050
  creating $alu cell for $add$/Users/paulbarcelona/Library/CloudStorage/OneDrive-Personal/GitHub/digital_ip/image_processing/scaler_ips/banked_framebuf/yosys/banked_framebuf.sv2v.v:144$2243: $auto$alumacc.cc:576:replace_alu$5053
  creating $alu cell for $add$/Users/paulbarcelona/Library/CloudStorage/OneDrive-Personal/GitHub/digital_ip/image_processing/scaler_ips/banked_framebuf/yosys/banked_framebuf.sv2v.v:144$2259: $auto$alumacc.cc:576:replace_alu$5056
  creating $alu cell for $add$/Users/paulbarcelona/Library/CloudStorage/OneDrive-Personal/GitHub/digital_ip/image_processing/scaler_ips/banked_framebuf/yosys/banked_framebuf.sv2v.v:145$2235: $auto$alumacc.cc:576:replace_alu$5059
  creating $alu cell for $add$/Users/paulbarcelona/Library/CloudStorage/OneDrive-Personal/GitHub/digital_ip/image_processing/scaler_ips/banked_framebuf/yosys/banked_framebuf.sv2v.v:145$2251: $auto$alumacc.cc:576:replace_alu$5062
  creating $alu cell for $add$/Users/paulbarcelona/Library/CloudStorage/OneDrive-Personal/GitHub/digital_ip/image_processing/scaler_ips/banked_framebuf/yosys/banked_framebuf.sv2v.v:145$2267: $auto$alumacc.cc:576:replace_alu$5065
  creating $alu cell for $add$/Users/paulbarcelona/Library/CloudStorage/OneDrive-Personal/GitHub/digital_ip/image_processing/scaler_ips/banked_framebuf/yosys/banked_framebuf.sv2v.v:197$2477: $auto$alumacc.cc:576:replace_alu$5068
  creating $alu cell for $add$/Users/paulbarcelona/Library/CloudStorage/OneDrive-Personal/GitHub/digital_ip/image_processing/scaler_ips/banked_framebuf/yosys/banked_framebuf.sv2v.v:197$2490: $auto$alumacc.cc:576:replace_alu$5071
  creating $alu cell for $add$/Users/paulbarcelona/Library/CloudStorage/OneDrive-Personal/GitHub/digital_ip/image_processing/scaler_ips/banked_framebuf/yosys/banked_framebuf.sv2v.v:197$2503: $auto$alumacc.cc:576:replace_alu$5074
  creating $alu cell for $add$/Users/paulbarcelona/Library/CloudStorage/OneDrive-Personal/GitHub/digital_ip/image_processing/scaler_ips/banked_framebuf/yosys/banked_framebuf.sv2v.v:197$2516: $auto$alumacc.cc:576:replace_alu$5077
  creating $alu cell for $add$/Users/paulbarcelona/Library/CloudStorage/OneDrive-Personal/GitHub/digital_ip/image_processing/scaler_ips/banked_framebuf/yosys/banked_framebuf.sv2v.v:197$2529: $auto$alumacc.cc:576:replace_alu$5080
  creating $alu cell for $add$/Users/paulbarcelona/Library/CloudStorage/OneDrive-Personal/GitHub/digital_ip/image_processing/scaler_ips/banked_framebuf/yosys/banked_framebuf.sv2v.v:197$2542: $auto$alumacc.cc:576:replace_alu$5083
  creating $alu cell for $add$/Users/paulbarcelona/Library/CloudStorage/OneDrive-Personal/GitHub/digital_ip/image_processing/scaler_ips/banked_framebuf/yosys/banked_framebuf.sv2v.v:197$2555: $auto$alumacc.cc:576:replace_alu$5086
  creating $alu cell for $add$/Users/paulbarcelona/Library/CloudStorage/OneDrive-Personal/GitHub/digital_ip/image_processing/scaler_ips/banked_framebuf/yosys/banked_framebuf.sv2v.v:197$2568: $auto$alumacc.cc:576:replace_alu$5089
  creating $alu cell for $add$/Users/paulbarcelona/Library/CloudStorage/OneDrive-Personal/GitHub/digital_ip/image_processing/scaler_ips/banked_framebuf/yosys/banked_framebuf.sv2v.v:197$2581: $auto$alumacc.cc:576:replace_alu$5092
  creating $alu cell for $add$/Users/paulbarcelona/Library/CloudStorage/OneDrive-Personal/GitHub/digital_ip/image_processing/scaler_ips/banked_framebuf/yosys/banked_framebuf.sv2v.v:197$2594: $auto$alumacc.cc:576:replace_alu$5095
  creating $alu cell for $add$/Users/paulbarcelona/Library/CloudStorage/OneDrive-Personal/GitHub/digital_ip/image_processing/scaler_ips/banked_framebuf/yosys/banked_framebuf.sv2v.v:197$2607: $auto$alumacc.cc:576:replace_alu$5098
  creating $alu cell for $add$/Users/paulbarcelona/Library/CloudStorage/OneDrive-Personal/GitHub/digital_ip/image_processing/scaler_ips/banked_framebuf/yosys/banked_framebuf.sv2v.v:197$2620: $auto$alumacc.cc:576:replace_alu$5101
  creating $alu cell for $add$/Users/paulbarcelona/Library/CloudStorage/OneDrive-Personal/GitHub/digital_ip/image_processing/scaler_ips/banked_framebuf/yosys/banked_framebuf.sv2v.v:197$2633: $auto$alumacc.cc:576:replace_alu$5104
  creating $alu cell for $add$/Users/paulbarcelona/Library/CloudStorage/OneDrive-Personal/GitHub/digital_ip/image_processing/scaler_ips/banked_framebuf/yosys/banked_framebuf.sv2v.v:197$2646: $auto$alumacc.cc:576:replace_alu$5107
  creating $alu cell for $add$/Users/paulbarcelona/Library/CloudStorage/OneDrive-Personal/GitHub/digital_ip/image_processing/scaler_ips/banked_framebuf/yosys/banked_framebuf.sv2v.v:197$2659: $auto$alumacc.cc:576:replace_alu$5110
  creating $alu cell for $add$/Users/paulbarcelona/Library/CloudStorage/OneDrive-Personal/GitHub/digital_ip/image_processing/scaler_ips/banked_framebuf/yosys/banked_framebuf.sv2v.v:197$2672: $auto$alumacc.cc:576:replace_alu$5113
  creating $alu cell for $add$/Users/paulbarcelona/Library/CloudStorage/OneDrive-Personal/GitHub/digital_ip/image_processing/scaler_ips/banked_framebuf/yosys/banked_framebuf.sv2v.v:211$2418: $auto$alumacc.cc:576:replace_alu$5116
  creating $alu cell for $add$/Users/paulbarcelona/Library/CloudStorage/OneDrive-Personal/GitHub/digital_ip/image_processing/scaler_ips/banked_framebuf/yosys/banked_framebuf.sv2v.v:211$2421: $auto$alumacc.cc:576:replace_alu$5119
  creating $alu cell for $add$/Users/paulbarcelona/Library/CloudStorage/OneDrive-Personal/GitHub/digital_ip/image_processing/scaler_ips/banked_framebuf/yosys/banked_framebuf.sv2v.v:211$2424: $auto$alumacc.cc:576:replace_alu$5122
  creating $alu cell for $add$/Users/paulbarcelona/Library/CloudStorage/OneDrive-Personal/GitHub/digital_ip/image_processing/scaler_ips/banked_framebuf/yosys/banked_framebuf.sv2v.v:211$2427: $auto$alumacc.cc:576:replace_alu$5125
  creating $alu cell for $add$/Users/paulbarcelona/Library/CloudStorage/OneDrive-Personal/GitHub/digital_ip/image_processing/scaler_ips/banked_framebuf/yosys/banked_framebuf.sv2v.v:211$2430: $auto$alumacc.cc:576:replace_alu$5128
  creating $alu cell for $add$/Users/paulbarcelona/Library/CloudStorage/OneDrive-Personal/GitHub/digital_ip/image_processing/scaler_ips/banked_framebuf/yosys/banked_framebuf.sv2v.v:211$2433: $auto$alumacc.cc:576:replace_alu$5131
  creating $alu cell for $add$/Users/paulbarcelona/Library/CloudStorage/OneDrive-Personal/GitHub/digital_ip/image_processing/scaler_ips/banked_framebuf/yosys/banked_framebuf.sv2v.v:211$2436: $auto$alumacc.cc:576:replace_alu$5134
  creating $alu cell for $add$/Users/paulbarcelona/Library/CloudStorage/OneDrive-Personal/GitHub/digital_ip/image_processing/scaler_ips/banked_framebuf/yosys/banked_framebuf.sv2v.v:211$2439: $auto$alumacc.cc:576:replace_alu$5137
  creating $alu cell for $add$/Users/paulbarcelona/Library/CloudStorage/OneDrive-Personal/GitHub/digital_ip/image_processing/scaler_ips/banked_framebuf/yosys/banked_framebuf.sv2v.v:211$2442: $auto$alumacc.cc:576:replace_alu$5140
  creating $alu cell for $add$/Users/paulbarcelona/Library/CloudStorage/OneDrive-Personal/GitHub/digital_ip/image_processing/scaler_ips/banked_framebuf/yosys/banked_framebuf.sv2v.v:211$2445: $auto$alumacc.cc:576:replace_alu$5143
  creating $alu cell for $add$/Users/paulbarcelona/Library/CloudStorage/OneDrive-Personal/GitHub/digital_ip/image_processing/scaler_ips/banked_framebuf/yosys/banked_framebuf.sv2v.v:211$2448: $auto$alumacc.cc:576:replace_alu$5146
  creating $alu cell for $add$/Users/paulbarcelona/Library/CloudStorage/OneDrive-Personal/GitHub/digital_ip/image_processing/scaler_ips/banked_framebuf/yosys/banked_framebuf.sv2v.v:211$2451: $auto$alumacc.cc:576:replace_alu$5149
  creating $alu cell for $add$/Users/paulbarcelona/Library/CloudStorage/OneDrive-Personal/GitHub/digital_ip/image_processing/scaler_ips/banked_framebuf/yosys/banked_framebuf.sv2v.v:211$2454: $auto$alumacc.cc:576:replace_alu$5152
  creating $alu cell for $add$/Users/paulbarcelona/Library/CloudStorage/OneDrive-Personal/GitHub/digital_ip/image_processing/scaler_ips/banked_framebuf/yosys/banked_framebuf.sv2v.v:211$2457: $auto$alumacc.cc:576:replace_alu$5155
  creating $alu cell for $add$/Users/paulbarcelona/Library/CloudStorage/OneDrive-Personal/GitHub/digital_ip/image_processing/scaler_ips/banked_framebuf/yosys/banked_framebuf.sv2v.v:211$2460: $auto$alumacc.cc:576:replace_alu$5158
  creating $alu cell for $add$/Users/paulbarcelona/Library/CloudStorage/OneDrive-Personal/GitHub/digital_ip/image_processing/scaler_ips/banked_framebuf/yosys/banked_framebuf.sv2v.v:211$2463: $auto$alumacc.cc:576:replace_alu$5161
  creating $alu cell for $sub$/Users/paulbarcelona/Library/CloudStorage/OneDrive-Personal/GitHub/digital_ip/image_processing/scaler_ips/banked_framebuf/yosys/banked_framebuf.sv2v.v:134$2164: $auto$alumacc.cc:576:replace_alu$5164
  creating $alu cell for $sub$/Users/paulbarcelona/Library/CloudStorage/OneDrive-Personal/GitHub/digital_ip/image_processing/scaler_ips/banked_framebuf/yosys/banked_framebuf.sv2v.v:134$2176: $auto$alumacc.cc:576:replace_alu$5167
  creating $alu cell for $sub$/Users/paulbarcelona/Library/CloudStorage/OneDrive-Personal/GitHub/digital_ip/image_processing/scaler_ips/banked_framebuf/yosys/banked_framebuf.sv2v.v:134$2188: $auto$alumacc.cc:576:replace_alu$5170
  creating $alu cell for $sub$/Users/paulbarcelona/Library/CloudStorage/OneDrive-Personal/GitHub/digital_ip/image_processing/scaler_ips/banked_framebuf/yosys/banked_framebuf.sv2v.v:134$2200: $auto$alumacc.cc:576:replace_alu$5173
  creating $alu cell for $sub$/Users/paulbarcelona/Library/CloudStorage/OneDrive-Personal/GitHub/digital_ip/image_processing/scaler_ips/banked_framebuf/yosys/banked_framebuf.sv2v.v:136$2170: $auto$alumacc.cc:576:replace_alu$5176
  creating $alu cell for $sub$/Users/paulbarcelona/Library/CloudStorage/OneDrive-Personal/GitHub/digital_ip/image_processing/scaler_ips/banked_framebuf/yosys/banked_framebuf.sv2v.v:136$2182: $auto$alumacc.cc:576:replace_alu$5179
  creating $alu cell for $sub$/Users/paulbarcelona/Library/CloudStorage/OneDrive-Personal/GitHub/digital_ip/image_processing/scaler_ips/banked_framebuf/yosys/banked_framebuf.sv2v.v:136$2194: $auto$alumacc.cc:576:replace_alu$5182
  creating $alu cell for $sub$/Users/paulbarcelona/Library/CloudStorage/OneDrive-Personal/GitHub/digital_ip/image_processing/scaler_ips/banked_framebuf/yosys/banked_framebuf.sv2v.v:136$2206: $auto$alumacc.cc:576:replace_alu$5185
  creating $alu cell for $sub$/Users/paulbarcelona/Library/CloudStorage/OneDrive-Personal/GitHub/digital_ip/image_processing/scaler_ips/banked_framebuf/yosys/banked_framebuf.sv2v.v:77$2262: $auto$alumacc.cc:576:replace_alu$5188
  creating $alu cell for $sub$/Users/paulbarcelona/Library/CloudStorage/OneDrive-Personal/GitHub/digital_ip/image_processing/scaler_ips/banked_framebuf/yosys/banked_framebuf.sv2v.v:78$2265: $auto$alumacc.cc:576:replace_alu$5191
  creating $alu cell for $sub$/Users/paulbarcelona/Library/CloudStorage/OneDrive-Personal/GitHub/digital_ip/image_processing/scaler_ips/banked_framebuf/yosys/banked_framebuf.sv2v.v:77$2270: $auto$alumacc.cc:576:replace_alu$5194
  creating $alu cell for $sub$/Users/paulbarcelona/Library/CloudStorage/OneDrive-Personal/GitHub/digital_ip/image_processing/scaler_ips/banked_framebuf/yosys/banked_framebuf.sv2v.v:78$2273: $auto$alumacc.cc:576:replace_alu$5197
  created 59 $alu and 0 $macc cells.

13.1.3. Executing SHARE pass (SAT-based resource sharing).

13.1.4. Executing OPT pass (performing simple optimizations).

13.1.4.1. Executing OPT_EXPR pass (perform const folding).
Optimizing module banked_framebuf.
<suppressed ~872 debug messages>

13.1.4.2. Executing OPT_MERGE pass (detect identical cells).
Finding identical cells in module `\banked_framebuf'.
Computing hashes of 2037 cells of `\banked_framebuf'.
Finding duplicate cells in `\banked_framebuf'.
Computing hashes of 1695 cells of `\banked_framebuf'.
Finding duplicate cells in `\banked_framebuf'.
<suppressed ~1026 debug messages>
Removed a total of 342 cells.

13.1.4.3. Executing OPT_MUXTREE pass (detect dead branches in mux trees).
Running muxtree optimizer on module \banked_framebuf..
  Creating internal representation of mux trees.
  Evaluating internal representation of mux trees.
  Analyzing evaluation results.
    dead port 1/18 on $pmux $procmux$2868.
    dead port 2/18 on $pmux $procmux$2868.
    dead port 3/18 on $pmux $procmux$2868.
    dead port 4/18 on $pmux $procmux$2868.
    dead port 5/18 on $pmux $procmux$2868.
    dead port 6/18 on $pmux $procmux$2868.
    dead port 7/18 on $pmux $procmux$2868.
    dead port 8/18 on $pmux $procmux$2868.
    dead port 9/18 on $pmux $procmux$2868.
    dead port 10/18 on $pmux $procmux$2868.
    dead port 11/18 on $pmux $procmux$2868.
    dead port 12/18 on $pmux $procmux$2868.
    dead port 13/18 on $pmux $procmux$2868.
    dead port 14/18 on $pmux $procmux$2868.
    dead port 15/18 on $pmux $procmux$2868.
    dead port 16/18 on $pmux $procmux$2868.
    dead port 18/18 on $pmux $procmux$2868.
    dead port 1/18 on $pmux $procmux$2885.
    dead port 2/18 on $pmux $procmux$2885.
    dead port 3/18 on $pmux $procmux$2885.
    dead port 4/18 on $pmux $procmux$2885.
    dead port 5/18 on $pmux $procmux$2885.
    dead port 6/18 on $pmux $procmux$2885.
    dead port 7/18 on $pmux $procmux$2885.
    dead port 8/18 on $pmux $procmux$2885.
    dead port 9/18 on $pmux $procmux$2885.
    dead port 10/18 on $pmux $procmux$2885.
    dead port 11/18 on $pmux $procmux$2885.
    dead port 12/18 on $pmux $procmux$2885.
    dead port 13/18 on $pmux $procmux$2885.
    dead port 14/18 on $pmux $procmux$2885.
    dead port 15/18 on $pmux $procmux$2885.
    dead port 16/18 on $pmux $procmux$2885.
    dead port 18/18 on $pmux $procmux$2885.
    dead port 1/18 on $pmux $procmux$2902.
    dead port 2/18 on $pmux $procmux$2902.
    dead port 3/18 on $pmux $procmux$2902.
    dead port 4/18 on $pmux $procmux$2902.
    dead port 5/18 on $pmux $procmux$2902.
    dead port 6/18 on $pmux $procmux$2902.
    dead port 7/18 on $pmux $procmux$2902.
    dead port 8/18 on $pmux $procmux$2902.
    dead port 9/18 on $pmux $procmux$2902.
    dead port 10/18 on $pmux $procmux$2902.
    dead port 11/18 on $pmux $procmux$2902.
    dead port 12/18 on $pmux $procmux$2902.
    dead port 13/18 on $pmux $procmux$2902.
    dead port 14/18 on $pmux $procmux$2902.
    dead port 15/18 on $pmux $procmux$2902.
    dead port 16/18 on $pmux $procmux$2902.
    dead port 18/18 on $pmux $procmux$2902.
    dead port 1/18 on $pmux $procmux$2919.
    dead port 2/18 on $pmux $procmux$2919.
    dead port 3/18 on $pmux $procmux$2919.
    dead port 4/18 on $pmux $procmux$2919.
    dead port 5/18 on $pmux $procmux$2919.
    dead port 6/18 on $pmux $procmux$2919.
    dead port 7/18 on $pmux $procmux$2919.
    dead port 8/18 on $pmux $procmux$2919.
    dead port 9/18 on $pmux $procmux$2919.
    dead port 10/18 on $pmux $procmux$2919.
    dead port 11/18 on $pmux $procmux$2919.
    dead port 12/18 on $pmux $procmux$2919.
    dead port 13/18 on $pmux $procmux$2919.
    dead port 14/18 on $pmux $procmux$2919.
    dead port 15/18 on $pmux $procmux$2919.
    dead port 16/18 on $pmux $procmux$2919.
    dead port 18/18 on $pmux $procmux$2919.
    dead port 1/18 on $pmux $procmux$2936.
    dead port 2/18 on $pmux $procmux$2936.
    dead port 3/18 on $pmux $procmux$2936.
    dead port 4/18 on $pmux $procmux$2936.
    dead port 5/18 on $pmux $procmux$2936.
    dead port 6/18 on $pmux $procmux$2936.
    dead port 7/18 on $pmux $procmux$2936.
    dead port 8/18 on $pmux $procmux$2936.
    dead port 9/18 on $pmux $procmux$2936.
    dead port 10/18 on $pmux $procmux$2936.
    dead port 11/18 on $pmux $procmux$2936.
    dead port 12/18 on $pmux $procmux$2936.
    dead port 13/18 on $pmux $procmux$2936.
    dead port 14/18 on $pmux $procmux$2936.
    dead port 15/18 on $pmux $procmux$2936.
    dead port 16/18 on $pmux $procmux$2936.
    dead port 18/18 on $pmux $procmux$2936.
    dead port 1/18 on $pmux $procmux$2953.
    dead port 2/18 on $pmux $procmux$2953.
    dead port 3/18 on $pmux $procmux$2953.
    dead port 4/18 on $pmux $procmux$2953.
    dead port 5/18 on $pmux $procmux$2953.
    dead port 6/18 on $pmux $procmux$2953.
    dead port 7/18 on $pmux $procmux$2953.
    dead port 8/18 on $pmux $procmux$2953.
    dead port 9/18 on $pmux $procmux$2953.
    dead port 10/18 on $pmux $procmux$2953.
    dead port 11/18 on $pmux $procmux$2953.
    dead port 12/18 on $pmux $procmux$2953.
    dead port 13/18 on $pmux $procmux$2953.
    dead port 14/18 on $pmux $procmux$2953.
    dead port 15/18 on $pmux $procmux$2953.
    dead port 16/18 on $pmux $procmux$2953.
    dead port 18/18 on $pmux $procmux$2953.
    dead port 1/18 on $pmux $procmux$2970.
    dead port 2/18 on $pmux $procmux$2970.
    dead port 3/18 on $pmux $procmux$2970.
    dead port 4/18 on $pmux $procmux$2970.
    dead port 5/18 on $pmux $procmux$2970.
    dead port 6/18 on $pmux $procmux$2970.
    dead port 7/18 on $pmux $procmux$2970.
    dead port 8/18 on $pmux $procmux$2970.
    dead port 9/18 on $pmux $procmux$2970.
    dead port 10/18 on $pmux $procmux$2970.
    dead port 11/18 on $pmux $procmux$2970.
    dead port 12/18 on $pmux $procmux$2970.
    dead port 13/18 on $pmux $procmux$2970.
    dead port 14/18 on $pmux $procmux$2970.
    dead port 15/18 on $pmux $procmux$2970.
    dead port 16/18 on $pmux $procmux$2970.
    dead port 18/18 on $pmux $procmux$2970.
    dead port 1/18 on $pmux $procmux$2987.
    dead port 2/18 on $pmux $procmux$2987.
    dead port 3/18 on $pmux $procmux$2987.
    dead port 4/18 on $pmux $procmux$2987.
    dead port 5/18 on $pmux $procmux$2987.
    dead port 6/18 on $pmux $procmux$2987.
    dead port 7/18 on $pmux $procmux$2987.
    dead port 8/18 on $pmux $procmux$2987.
    dead port 9/18 on $pmux $procmux$2987.
    dead port 10/18 on $pmux $procmux$2987.
    dead port 11/18 on $pmux $procmux$2987.
    dead port 12/18 on $pmux $procmux$2987.
    dead port 13/18 on $pmux $procmux$2987.
    dead port 14/18 on $pmux $procmux$2987.
    dead port 15/18 on $pmux $procmux$2987.
    dead port 16/18 on $pmux $procmux$2987.
    dead port 18/18 on $pmux $procmux$2987.
    dead port 1/18 on $pmux $procmux$3004.
    dead port 2/18 on $pmux $procmux$3004.
    dead port 3/18 on $pmux $procmux$3004.
    dead port 4/18 on $pmux $procmux$3004.
    dead port 5/18 on $pmux $procmux$3004.
    dead port 6/18 on $pmux $procmux$3004.
    dead port 7/18 on $pmux $procmux$3004.
    dead port 8/18 on $pmux $procmux$3004.
    dead port 9/18 on $pmux $procmux$3004.
    dead port 10/18 on $pmux $procmux$3004.
    dead port 11/18 on $pmux $procmux$3004.
    dead port 12/18 on $pmux $procmux$3004.
    dead port 13/18 on $pmux $procmux$3004.
    dead port 14/18 on $pmux $procmux$3004.
    dead port 15/18 on $pmux $procmux$3004.
    dead port 16/18 on $pmux $procmux$3004.
    dead port 18/18 on $pmux $procmux$3004.
    dead port 1/18 on $pmux $procmux$3021.
    dead port 2/18 on $pmux $procmux$3021.
    dead port 3/18 on $pmux $procmux$3021.
    dead port 4/18 on $pmux $procmux$3021.
    dead port 5/18 on $pmux $procmux$3021.
    dead port 6/18 on $pmux $procmux$3021.
    dead port 7/18 on $pmux $procmux$3021.
    dead port 8/18 on $pmux $procmux$3021.
    dead port 9/18 on $pmux $procmux$3021.
    dead port 10/18 on $pmux $procmux$3021.
    dead port 11/18 on $pmux $procmux$3021.
    dead port 12/18 on $pmux $procmux$3021.
    dead port 13/18 on $pmux $procmux$3021.
    dead port 14/18 on $pmux $procmux$3021.
    dead port 15/18 on $pmux $procmux$3021.
    dead port 16/18 on $pmux $procmux$3021.
    dead port 18/18 on $pmux $procmux$3021.
    dead port 1/18 on $pmux $procmux$3038.
    dead port 2/18 on $pmux $procmux$3038.
    dead port 3/18 on $pmux $procmux$3038.
    dead port 4/18 on $pmux $procmux$3038.
    dead port 5/18 on $pmux $procmux$3038.
    dead port 6/18 on $pmux $procmux$3038.
    dead port 7/18 on $pmux $procmux$3038.
    dead port 8/18 on $pmux $procmux$3038.
    dead port 9/18 on $pmux $procmux$3038.
    dead port 10/18 on $pmux $procmux$3038.
    dead port 11/18 on $pmux $procmux$3038.
    dead port 12/18 on $pmux $procmux$3038.
    dead port 13/18 on $pmux $procmux$3038.
    dead port 14/18 on $pmux $procmux$3038.
    dead port 15/18 on $pmux $procmux$3038.
    dead port 16/18 on $pmux $procmux$3038.
    dead port 18/18 on $pmux $procmux$3038.
    dead port 1/18 on $pmux $procmux$3055.
    dead port 2/18 on $pmux $procmux$3055.
    dead port 3/18 on $pmux $procmux$3055.
    dead port 4/18 on $pmux $procmux$3055.
    dead port 5/18 on $pmux $procmux$3055.
    dead port 6/18 on $pmux $procmux$3055.
    dead port 7/18 on $pmux $procmux$3055.
    dead port 8/18 on $pmux $procmux$3055.
    dead port 9/18 on $pmux $procmux$3055.
    dead port 10/18 on $pmux $procmux$3055.
    dead port 11/18 on $pmux $procmux$3055.
    dead port 12/18 on $pmux $procmux$3055.
    dead port 13/18 on $pmux $procmux$3055.
    dead port 14/18 on $pmux $procmux$3055.
    dead port 15/18 on $pmux $procmux$3055.
    dead port 16/18 on $pmux $procmux$3055.
    dead port 18/18 on $pmux $procmux$3055.
    dead port 1/18 on $pmux $procmux$3072.
    dead port 2/18 on $pmux $procmux$3072.
    dead port 3/18 on $pmux $procmux$3072.
    dead port 4/18 on $pmux $procmux$3072.
    dead port 5/18 on $pmux $procmux$3072.
    dead port 6/18 on $pmux $procmux$3072.
    dead port 7/18 on $pmux $procmux$3072.
    dead port 8/18 on $pmux $procmux$3072.
    dead port 9/18 on $pmux $procmux$3072.
    dead port 10/18 on $pmux $procmux$3072.
    dead port 11/18 on $pmux $procmux$3072.
    dead port 12/18 on $pmux $procmux$3072.
    dead port 13/18 on $pmux $procmux$3072.
    dead port 14/18 on $pmux $procmux$3072.
    dead port 15/18 on $pmux $procmux$3072.
    dead port 16/18 on $pmux $procmux$3072.
    dead port 18/18 on $pmux $procmux$3072.
    dead port 1/18 on $pmux $procmux$3089.
    dead port 2/18 on $pmux $procmux$3089.
    dead port 3/18 on $pmux $procmux$3089.
    dead port 4/18 on $pmux $procmux$3089.
    dead port 5/18 on $pmux $procmux$3089.
    dead port 6/18 on $pmux $procmux$3089.
    dead port 7/18 on $pmux $procmux$3089.
    dead port 8/18 on $pmux $procmux$3089.
    dead port 9/18 on $pmux $procmux$3089.
    dead port 10/18 on $pmux $procmux$3089.
    dead port 11/18 on $pmux $procmux$3089.
    dead port 12/18 on $pmux $procmux$3089.
    dead port 13/18 on $pmux $procmux$3089.
    dead port 14/18 on $pmux $procmux$3089.
    dead port 15/18 on $pmux $procmux$3089.
    dead port 16/18 on $pmux $procmux$3089.
    dead port 18/18 on $pmux $procmux$3089.
    dead port 1/18 on $pmux $procmux$3106.
    dead port 2/18 on $pmux $procmux$3106.
    dead port 3/18 on $pmux $procmux$3106.
    dead port 4/18 on $pmux $procmux$3106.
    dead port 5/18 on $pmux $procmux$3106.
    dead port 6/18 on $pmux $procmux$3106.
    dead port 7/18 on $pmux $procmux$3106.
    dead port 8/18 on $pmux $procmux$3106.
    dead port 9/18 on $pmux $procmux$3106.
    dead port 10/18 on $pmux $procmux$3106.
    dead port 11/18 on $pmux $procmux$3106.
    dead port 12/18 on $pmux $procmux$3106.
    dead port 13/18 on $pmux $procmux$3106.
    dead port 14/18 on $pmux $procmux$3106.
    dead port 15/18 on $pmux $procmux$3106.
    dead port 16/18 on $pmux $procmux$3106.
    dead port 18/18 on $pmux $procmux$3106.
    dead port 1/18 on $pmux $procmux$2851.
    dead port 2/18 on $pmux $procmux$2851.
    dead port 3/18 on $pmux $procmux$2851.
    dead port 4/18 on $pmux $procmux$2851.
    dead port 5/18 on $pmux $procmux$2851.
    dead port 6/18 on $pmux $procmux$2851.
    dead port 7/18 on $pmux $procmux$2851.
    dead port 8/18 on $pmux $procmux$2851.
    dead port 9/18 on $pmux $procmux$2851.
    dead port 10/18 on $pmux $procmux$2851.
    dead port 11/18 on $pmux $procmux$2851.
    dead port 12/18 on $pmux $procmux$2851.
    dead port 13/18 on $pmux $procmux$2851.
    dead port 14/18 on $pmux $procmux$2851.
    dead port 15/18 on $pmux $procmux$2851.
    dead port 16/18 on $pmux $procmux$2851.
    dead port 18/18 on $pmux $procmux$2851.
Removed 272 multiplexer ports.
<suppressed ~164 debug messages>

13.1.4.4. Executing OPT_REDUCE pass (consolidate $*mux and $reduce_* inputs).
  Optimizing cells in module \banked_framebuf.
Performed a total of 0 changes.

13.1.4.5. Executing OPT_MERGE pass (detect identical cells).
Finding identical cells in module `\banked_framebuf'.
Computing hashes of 1679 cells of `\banked_framebuf'.
Finding duplicate cells in `\banked_framebuf'.
Removed a total of 0 cells.

13.1.4.6. Executing OPT_DFF pass (perform DFF optimizations).

13.1.4.7. Executing OPT_CLEAN pass (remove unused cells and wires).
Finding unused cells or wires in module \banked_framebuf..
Removed 16 unused cells and 6160 unused wires.
<suppressed ~17 debug messages>

13.1.4.8. Executing OPT_EXPR pass (perform const folding).
Optimizing module banked_framebuf.

13.1.4.9. Rerunning OPT passes. (Maybe there is more to do..)

13.1.4.10. Executing OPT_MUXTREE pass (detect dead branches in mux trees).
Running muxtree optimizer on module \banked_framebuf..
  Creating internal representation of mux trees.
  Evaluating internal representation of mux trees.
  Analyzing evaluation results.
Removed 0 multiplexer ports.
<suppressed ~132 debug messages>

13.1.4.11. Executing OPT_REDUCE pass (consolidate $*mux and $reduce_* inputs).
  Optimizing cells in module \banked_framebuf.
Performed a total of 0 changes.

13.1.4.12. Executing OPT_MERGE pass (detect identical cells).
Finding identical cells in module `\banked_framebuf'.
Computing hashes of 1663 cells of `\banked_framebuf'.
Finding duplicate cells in `\banked_framebuf'.
Removed a total of 0 cells.

13.1.4.13. Executing OPT_DFF pass (perform DFF optimizations).

13.1.4.14. Executing OPT_CLEAN pass (remove unused cells and wires).
Finding unused cells or wires in module \banked_framebuf..

13.1.4.15. Executing OPT_EXPR pass (perform const folding).
Optimizing module banked_framebuf.

13.1.4.16. Finished fast OPT passes. (There is nothing left to do.)

13.1.5. Executing MEMORY pass.

13.1.5.1. Executing OPT_MEM pass (optimize memories).
Performed a total of 0 transformations.

13.1.5.2. Executing OPT_MEM_PRIORITY pass (removing unnecessary memory write priority relations).
Performed a total of 0 transformations.

13.1.5.3. Executing OPT_MEM_FEEDBACK pass (finding memory read-to-write feedback paths).

13.1.5.4. Executing MEMORY_BMUX2ROM pass (converting muxes to ROMs).

13.1.5.5. Executing MEMORY_DFF pass (merging $dff cells to $memrd).

13.1.5.6. Executing OPT_CLEAN pass (remove unused cells and wires).
Finding unused cells or wires in module \banked_framebuf..

13.1.5.7. Executing MEMORY_SHARE pass (consolidating $memrd/$memwr cells).

13.1.5.8. Executing OPT_MEM_WIDEN pass (optimize memories where all ports are wide).
Performed a total of 0 transformations.

13.1.5.9. Executing OPT_CLEAN pass (remove unused cells and wires).
Finding unused cells or wires in module \banked_framebuf..

13.1.5.10. Executing MEMORY_COLLECT pass (generating $mem cells).

13.1.6. Executing OPT_CLEAN pass (remove unused cells and wires).
Finding unused cells or wires in module \banked_framebuf..

14. Map memories to block RAM / LUT RAM

14.1. Executing SYNTH_XILINX pass.

14.1.1. Executing MEMORY_LIBMAP pass (mapping memories to cells).
mapping memory banked_framebuf.g_by[0].g_bx[0].mem via $__XILINX_BLOCKRAM_TDP_
mapping memory banked_framebuf.g_by[0].g_bx[1].mem via $__XILINX_BLOCKRAM_TDP_
mapping memory banked_framebuf.g_by[0].g_bx[2].mem via $__XILINX_BLOCKRAM_TDP_
mapping memory banked_framebuf.g_by[0].g_bx[3].mem via $__XILINX_BLOCKRAM_TDP_
mapping memory banked_framebuf.g_by[1].g_bx[0].mem via $__XILINX_BLOCKRAM_TDP_
mapping memory banked_framebuf.g_by[1].g_bx[1].mem via $__XILINX_BLOCKRAM_TDP_
mapping memory banked_framebuf.g_by[1].g_bx[2].mem via $__XILINX_BLOCKRAM_TDP_
mapping memory banked_framebuf.g_by[1].g_bx[3].mem via $__XILINX_BLOCKRAM_TDP_
mapping memory banked_framebuf.g_by[2].g_bx[0].mem via $__XILINX_BLOCKRAM_TDP_
mapping memory banked_framebuf.g_by[2].g_bx[1].mem via $__XILINX_BLOCKRAM_TDP_
mapping memory banked_framebuf.g_by[2].g_bx[2].mem via $__XILINX_BLOCKRAM_TDP_
mapping memory banked_framebuf.g_by[2].g_bx[3].mem via $__XILINX_BLOCKRAM_TDP_
mapping memory banked_framebuf.g_by[3].g_bx[0].mem via $__XILINX_BLOCKRAM_TDP_
mapping memory banked_framebuf.g_by[3].g_bx[1].mem via $__XILINX_BLOCKRAM_TDP_
mapping memory banked_framebuf.g_by[3].g_bx[2].mem via $__XILINX_BLOCKRAM_TDP_
mapping memory banked_framebuf.g_by[3].g_bx[3].mem via $__XILINX_BLOCKRAM_TDP_
<suppressed ~17280 debug messages>

14.1.2. Executing TECHMAP pass (map to technology primitives).

14.1.2.1. Executing Verilog-2005 frontend: /Applications/oss-cad-suite/libexec/../share/yosys/xilinx/lutrams_xc5v_map.v
Parsing Verilog input from `/Applications/oss-cad-suite/libexec/../share/yosys/xilinx/lutrams_xc5v_map.v' to AST representation.
Generating RTLIL representation for module `$__XILINX_LUTRAM_SP_'.
Generating RTLIL representation for module `$__XILINX_LUTRAM_DP_'.
Generating RTLIL representation for module `$__XILINX_LUTRAM_QP_'.
Generating RTLIL representation for module `$__XILINX_LUTRAM_OP_'.
Generating RTLIL representation for module `$__XILINX_LUTRAM_SDP_'.
Generating RTLIL representation for module `$__XILINX_LUTRAM_64X8SW_'.
Generating RTLIL representation for module `$__XILINX_LUTRAM_32X16DR8_'.
Successfully finished Verilog frontend.

14.1.2.2. Continuing TECHMAP pass.
No more expansions possible.
<suppressed ~9 debug messages>

14.1.3. Executing TECHMAP pass (map to technology primitives).

14.1.3.1. Executing Verilog-2005 frontend: /Applications/oss-cad-suite/libexec/../share/yosys/xilinx/brams_xc6v_map.v
Parsing Verilog input from `/Applications/oss-cad-suite/libexec/../share/yosys/xilinx/brams_xc6v_map.v' to AST representation.
Generating RTLIL representation for module `$__XILINX_BLOCKRAM_TDP_'.
Generating RTLIL representation for module `$__XILINX_BLOCKRAM_SDP_'.
Successfully finished Verilog frontend.

14.1.3.2. Continuing TECHMAP pass.
Using template $paramod$3deb4b9ea58394efb5c1485298af68f02dd03e5f$__XILINX_BLOCKRAM_TDP_ for cells of type $__XILINX_BLOCKRAM_TDP_.
No more expansions possible.
<suppressed ~287 debug messages>

14.1.4. Executing OPT pass (performing simple optimizations).

14.1.4.1. Executing OPT_EXPR pass (perform const folding).
Optimizing module banked_framebuf.
<suppressed ~109 debug messages>

14.1.4.2. Executing OPT_MERGE pass (detect identical cells).
Finding identical cells in module `\banked_framebuf'.
Computing hashes of 1875 cells of `\banked_framebuf'.
Finding duplicate cells in `\banked_framebuf'.
Computing hashes of 1855 cells of `\banked_framebuf'.
Finding duplicate cells in `\banked_framebuf'.
<suppressed ~60 debug messages>
Removed a total of 20 cells.

14.1.4.3. Executing OPT_DFF pass (perform DFF optimizations).

14.1.4.4. Executing OPT_CLEAN pass (remove unused cells and wires).
Finding unused cells or wires in module \banked_framebuf..
Removed 0 unused cells and 5236 unused wires.
<suppressed ~5 debug messages>

14.1.4.5. Finished fast OPT passes.

14.1.5. Executing MEMORY_MAP pass (converting memories to logic and flip-flops).

15. Map to LUTs, carry chains and flip-flops

15.1. Executing SYNTH_XILINX pass.

15.1.1. Executing OPT pass (performing simple optimizations).

15.1.1.1. Executing OPT_EXPR pass (perform const folding).
Optimizing module banked_framebuf.

15.1.1.2. Executing OPT_MERGE pass (detect identical cells).
Finding identical cells in module `\banked_framebuf'.
Computing hashes of 1851 cells of `\banked_framebuf'.
Finding duplicate cells in `\banked_framebuf'.
Removed a total of 0 cells.

15.1.1.3. Executing OPT_MUXTREE pass (detect dead branches in mux trees).
Running muxtree optimizer on module \banked_framebuf..
  Creating internal representation of mux trees.
  Evaluating internal representation of mux trees.
  Analyzing evaluation results.
Removed 0 multiplexer ports.
<suppressed ~36 debug messages>

15.1.1.4. Executing OPT_REDUCE pass (consolidate $*mux and $reduce_* inputs).
  Optimizing cells in module \banked_framebuf.
Performed a total of 0 changes.

15.1.1.5. Executing OPT_MERGE pass (detect identical cells).
Finding identical cells in module `\banked_framebuf'.
Computing hashes of 1851 cells of `\banked_framebuf'.
Finding duplicate cells in `\banked_framebuf'.
Removed a total of 0 cells.

15.1.1.6. Executing OPT_SHARE pass.

15.1.1.7. Executing OPT_DFF pass (perform DFF optimizations).

15.1.1.8. Executing OPT_CLEAN pass (remove unused cells and wires).
Finding unused cells or wires in module \banked_framebuf..

15.1.1.9. Executing OPT_EXPR pass (perform const folding).
Optimizing module banked_framebuf.

15.1.1.10. Finished fast OPT passes. (There is nothing left to do.)

15.1.2. Executing TECHMAP pass (map to technology primitives).

15.1.2.1. Executing Verilog-2005 frontend: /Applications/oss-cad-suite/libexec/../share/yosys/techmap.v
Parsing Verilog input from `/Applications/oss-cad-suite/libexec/../share/yosys/techmap.v' to AST representation.
Generating RTLIL representation for module `\_90_simplemap_bool_ops'.
Generating RTLIL representation for module `\_90_simplemap_reduce_ops'.
Generating RTLIL representation for module `\_90_simplemap_logic_ops'.
Generating RTLIL representation for module `\_90_simplemap_compare_ops'.
Generating RTLIL representation for module `\_90_simplemap_various'.
Generating RTLIL representation for module `\_90_simplemap_registers'.
Generating RTLIL representation for module `\_90_shift_ops_shr_shl_sshl_sshr'.
Generating RTLIL representation for module `\_90_shift_shiftx'.
Generating RTLIL representation for module `\_90_fa'.
Generating RTLIL representation for module `\_90_lcu_brent_kung'.
Generating RTLIL representation for module `\_90_alu'.
Generating RTLIL representation for module `\_90_macc'.
Generating RTLIL representation for module `\_90_alumacc'.
Generating RTLIL representation for module `$__div_mod_u'.
Generating RTLIL representation for module `$__div_mod_trunc'.
Generating RTLIL representation for module `\_90_div'.
Generating RTLIL representation for module `\_90_mod'.
Generating RTLIL representation for module `$__div_mod_floor'.
Generating RTLIL representation for module `\_90_divfloor'.
Generating RTLIL representation for module `\_90_modfloor'.
Generating RTLIL representation for module `\_90_pow'.
Generating RTLIL representation for module `\_90_demux'.
Generating RTLIL representation for module `\_90_lut'.
Generating RTLIL representation for module `$connect'.
Generating RTLIL representation for module `$input_port'.
Successfully finished Verilog frontend.

15.1.2.2. Executing Verilog-2005 frontend: /Applications/oss-cad-suite/libexec/../share/yosys/xilinx/arith_map.v
Parsing Verilog input from `/Applications/oss-cad-suite/libexec/../share/yosys/xilinx/arith_map.v' to AST representation.
Generating RTLIL representation for module `\_80_xilinx_lcu'.
Generating RTLIL representation for module `\_80_xilinx_alu'.
Successfully finished Verilog frontend.

15.1.2.3. Continuing TECHMAP pass.
Using extmapper simplemap for cells of type $not.
Using extmapper simplemap for cells of type $bmux.
Using extmapper simplemap for cells of type $dffe.
Using template $paramod$d629d85c8826a74239b9178d1930215a43b0ceb0\_90_demux for cells of type $demux.
Using template $paramod$12970f0c6773674ac918a266872d394220d95a9b\_80_xilinx_alu for cells of type $alu.
Using template $paramod$3b0ebb411c7e903ff73088a41755ed413c1ba4b6\_80_xilinx_alu for cells of type $alu.
Using template $paramod$7e708ae28ab761f11d0fb59d3ffc72f6a4baf5d9\_90_alu for cells of type $alu.
Using template $paramod$adbaf76fa5a3091a329503792521395f8ff4d1a4\_90_alu for cells of type $alu.
Using template $paramod$175e67c02b86e96b1288b9dc100122520d7240d8\_90_alu for cells of type $alu.
Using template $paramod$ef1db8e8ddd31e4514ee32242edbadc08130efab\_80_xilinx_alu for cells of type $alu.
Using template $paramod$246173a1b9527da987476cd31a4cc6bc37a733f6\_80_xilinx_alu for cells of type $alu.
Using template $paramod$619e57a1b0b898afeedbc319947573265c571a54\_80_xilinx_alu for cells of type $alu.
Using template $paramod$7f20de80e9d27932b07f69febeeff7fb158f4b80\_80_xilinx_alu for cells of type $alu.
Using template $paramod$0a6223244a04bf3cfdbb3b1abb673e60ab29b4a1\_80_xilinx_alu for cells of type $alu.
Using template $paramod$constmap:eff1d7e37c7c55de2af1fe99c078a5071d0ba825$paramod$c831bd3b723af41ece9dbc318d136705b217889c\_90_shift_shiftx for cells of type $shiftx.
Using extmapper simplemap for cells of type $sdffce.
Using extmapper simplemap for cells of type $xnor.
Using extmapper simplemap for cells of type $and.
Using extmapper simplemap for cells of type $or.
Using template $paramod\_80_xilinx_lcu\WIDTH=s32'00000000000000000000000000000110 for cells of type $lcu.
Using extmapper simplemap for cells of type $mux.
Using template $paramod\_80_xilinx_lcu\WIDTH=s32'00000000000000000000000000000011 for cells of type $lcu.
Using extmapper simplemap for cells of type $logic_and.
Using extmapper simplemap for cells of type $logic_not.
Using extmapper simplemap for cells of type $eq.
Using extmapper simplemap for cells of type $dff.
Using extmapper simplemap for cells of type $pos.
Using extmapper simplemap for cells of type $xor.
Using template $paramod\_90_fa\WIDTH=32'00000000000000000000000000000010 for cells of type $fa.
Using template $paramod\_90_lcu_brent_kung\WIDTH=32'00000000000000000000000000000010 for cells of type $lcu.
Using template $paramod\_90_fa\WIDTH=32'00000000000000000000000000000001 for cells of type $fa.
Using template $paramod\_90_lcu_brent_kung\WIDTH=32'00000000000000000000000000000001 for cells of type $lcu.
Using template $paramod$5d1d2614b24accd0f9d06c4779fd9ef771faf494\_90_demux for cells of type $demux.
Using template $paramod$63301a5e78ceb1f2c17a4ac1894f292ed5701c1f\_90_demux for cells of type $demux.
No more expansions possible.
<suppressed ~3753 debug messages>

15.1.3. Executing OPT pass (performing simple optimizations).

15.1.3.1. Executing OPT_EXPR pass (perform const folding).
Optimizing module banked_framebuf.
<suppressed ~18085 debug messages>

15.1.3.2. Executing OPT_MERGE pass (detect identical cells).
Finding identical cells in module `\banked_framebuf'.
Computing hashes of 30455 cells of `\banked_framebuf'.
Finding duplicate cells in `\banked_framebuf'.
Computing hashes of 25399 cells of `\banked_framebuf'.
Finding duplicate cells in `\banked_framebuf'.
Computing hashes of 20716 cells of `\banked_framebuf'.
Finding duplicate cells in `\banked_framebuf'.
Computing hashes of 20626 cells of `\banked_framebuf'.
Finding duplicate cells in `\banked_framebuf'.
<suppressed ~29487 debug messages>
Removed a total of 9829 cells.

15.1.3.3. Executing OPT_DFF pass (perform DFF optimizations).

15.1.3.4. Executing OPT_CLEAN pass (remove unused cells and wires).
Finding unused cells or wires in module \banked_framebuf..
Removed 13208 unused cells and 2560 unused wires.
<suppressed ~13209 debug messages>

15.1.3.5. Finished fast OPT passes.

15.1.4. Executing TECHMAP pass (map to technology primitives).

15.1.4.1. Executing Verilog-2005 frontend: /Applications/oss-cad-suite/libexec/../share/yosys/techmap.v
Parsing Verilog input from `/Applications/oss-cad-suite/libexec/../share/yosys/techmap.v' to AST representation.
Generating RTLIL representation for module `\_90_simplemap_bool_ops'.
Generating RTLIL representation for module `\_90_simplemap_reduce_ops'.
Generating RTLIL representation for module `\_90_simplemap_logic_ops'.
Generating RTLIL representation for module `\_90_simplemap_compare_ops'.
Generating RTLIL representation for module `\_90_simplemap_various'.
Generating RTLIL representation for module `\_90_simplemap_registers'.
Generating RTLIL representation for module `\_90_shift_ops_shr_shl_sshl_sshr'.
Generating RTLIL representation for module `\_90_shift_shiftx'.
Generating RTLIL representation for module `\_90_fa'.
Generating RTLIL representation for module `\_90_lcu_brent_kung'.
Generating RTLIL representation for module `\_90_alu'.
Generating RTLIL representation for module `\_90_macc'.
Generating RTLIL representation for module `\_90_alumacc'.
Generating RTLIL representation for module `$__div_mod_u'.
Generating RTLIL representation for module `$__div_mod_trunc'.
Generating RTLIL representation for module `\_90_div'.
Generating RTLIL representation for module `\_90_mod'.
Generating RTLIL representation for module `$__div_mod_floor'.
Generating RTLIL representation for module `\_90_divfloor'.
Generating RTLIL representation for module `\_90_modfloor'.
Generating RTLIL representation for module `\_90_pow'.
Generating RTLIL representation for module `\_90_demux'.
Generating RTLIL representation for module `\_90_lut'.
Generating RTLIL representation for module `$connect'.
Generating RTLIL representation for module `$input_port'.
Successfully finished Verilog frontend.

15.1.4.2. Executing Verilog-2005 frontend: /Applications/oss-cad-suite/libexec/../share/yosys/xilinx/cells_map.v
Parsing Verilog input from `/Applications/oss-cad-suite/libexec/../share/yosys/xilinx/cells_map.v' to AST representation.
Generating RTLIL representation for module `$__SHREG_'.
Generating RTLIL representation for module `$__XILINX_SHREG_'.
Generating RTLIL representation for module `$__XILINX_MUXF78'.
Successfully finished Verilog frontend.

15.1.4.3. Continuing TECHMAP pass.
No more expansions possible.
<suppressed ~80 debug messages>

15.1.5. Executing DFFLEGALIZE pass (convert FFs and LATCHes to types supported by the target).

15.1.6. Executing TECHMAP pass (map to technology primitives).

15.1.6.1. Executing Verilog-2005 frontend: /Applications/oss-cad-suite/libexec/../share/yosys/xilinx/ff_map.v
Parsing Verilog input from `/Applications/oss-cad-suite/libexec/../share/yosys/xilinx/ff_map.v' to AST representation.
Generating RTLIL representation for module `$_DFFE_NP0P_'.
Generating RTLIL representation for module `$_DFFE_PP0P_'.
Generating RTLIL representation for module `$_DFFE_NP1P_'.
Generating RTLIL representation for module `$_DFFE_PP1P_'.
Generating RTLIL representation for module `$_DFFSRE_NPPP_'.
Generating RTLIL representation for module `$_DFFSRE_PPPP_'.
Generating RTLIL representation for module `$_SDFFE_NP0P_'.
Generating RTLIL representation for module `$_SDFFE_PP0P_'.
Generating RTLIL representation for module `$_SDFFE_NP1P_'.
Generating RTLIL representation for module `$_SDFFE_PP1P_'.
Generating RTLIL representation for module `$_DLATCH_NP0_'.
Generating RTLIL representation for module `$_DLATCH_PP0_'.
Generating RTLIL representation for module `$_DLATCH_NP1_'.
Generating RTLIL representation for module `$_DLATCH_PP1_'.
Generating RTLIL representation for module `$_DLATCH_NPP_'.
Generating RTLIL representation for module `$_DLATCH_PPP_'.
Successfully finished Verilog frontend.

15.1.6.2. Continuing TECHMAP pass.
Using template $paramod$_SDFFE_PP0P_\_TECHMAP_WIREINIT_Q_=1'x for cells of type $_SDFFE_PP0P_.
No more expansions possible.
<suppressed ~247 debug messages>

15.1.7. Executing OPT_EXPR pass (perform const folding).
Optimizing module banked_framebuf.
<suppressed ~768 debug messages>

15.1.8. Executing Verilog-2005 frontend: /Applications/oss-cad-suite/libexec/../share/yosys/xilinx/abc9_model.v
Parsing Verilog input from `/Applications/oss-cad-suite/libexec/../share/yosys/xilinx/abc9_model.v' to AST representation.
Generating RTLIL representation for module `$__XILINX_MUXF78'.
Successfully finished Verilog frontend.

15.1.9. Executing ABC9 pass.

15.1.9.1. Executing ABC9_OPS pass (helper functions for ABC9).

15.1.9.2. Executing ABC9_OPS pass (helper functions for ABC9).

15.1.9.3. Executing SCC pass (detecting logic loops).
